checkin_id,user_id,resource_name,checkin_time,checkout_time,duration_min,day_of_week,is_planned
222,u_155,Indoor Sports Complex,2026-08-08T05:43:00,2026-08-08T06:24:00,41,Saturday,True
129,u_096,Gymnasium,2026-08-08T05:45:00,2026-08-08T07:27:00,102,Saturday,True
199,u_143,Gymnasium,2026-08-08T05:47:00,2026-08-08T07:20:00,93,Saturday,True
193,u_139,Gymnasium,2026-08-08T05:50:00,2026-08-08T07:25:00,95,Saturday,True
277,u_197,Indoor Sports Complex,2026-08-08T06:09:00,2026-08-08T07:25:00,76,Saturday,True
32,u_029,Gymnasium,2026-08-08T06:16:00,2026-08-08T07:24:00,68,Saturday,True
234,u_166,Gymnasium,2026-08-08T06:20:00,2026-08-08T07:25:00,65,Saturday,True
241,u_171,Indoor Sports Complex,2026-08-08T06:45:00,2026-08-08T07:44:00,59,Saturday,True
137,u_104,Indoor Sports Complex,2026-08-08T06:49:00,2026-08-08T07:25:00,36,Saturday,True
64,u_050,Gymnasium,2026-08-08T06:50:00,2026-08-08T07:41:00,51,Saturday,True
57,u_045,Indoor Sports Complex,2026-08-08T06:58:00,2026-08-08T07:48:00,50,Saturday,True
108,u_080,Gymnasium,2026-08-08T06:58:00,2026-08-08T07:48:00,50,Saturday,True
215,u_152,Indoor Sports Complex,2026-08-08T07:00:00,2026-08-08T08:20:00,80,Saturday,True
73,u_057,Indoor Sports Complex,2026-08-08T07:05:00,2026-08-08T08:16:00,71,Saturday,True
143,u_109,Gymnasium,2026-08-08T07:05:00,2026-08-08T08:03:00,58,Saturday,True
79,u_062,Indoor Sports Complex,2026-08-08T07:06:00,2026-08-08T08:46:00,100,Saturday,True
270,u_193,Indoor Sports Complex,2026-08-08T07:08:00,2026-08-08T08:15:00,67,Saturday,True
272,u_195,Indoor Sports Complex,2026-08-08T07:10:00,2026-08-08T08:31:00,81,Saturday,True
76,u_060,Indoor Sports Complex,2026-08-08T07:12:00,2026-08-08T08:18:00,66,Saturday,True
205,u_147,Indoor Sports Complex,2026-08-08T07:14:00,2026-08-08T08:18:00,64,Saturday,True
96,u_071,Indoor Sports Complex,2026-08-08T07:18:00,2026-08-08T08:13:00,55,Saturday,True
9,u_008,Gymnasium,2026-08-08T07:53:00,2026-08-08T09:06:00,73,Saturday,True
228,u_161,Indoor Sports Complex,2026-08-08T07:53:00,2026-08-08T08:56:00,63,Saturday,True
56,u_045,Gymnasium,2026-08-08T07:55:00,2026-08-08T08:35:00,40,Saturday,True
68,u_052,Indoor Sports Complex,2026-08-08T07:56:00,2026-08-08T08:33:00,37,Saturday,True
7,u_006,Gymnasium,2026-08-08T08:00:00,2026-08-08T08:51:00,51,Saturday,True
156,u_119,Indoor Sports Complex,2026-08-08T08:00:00,2026-08-08T09:20:00,80,Saturday,True
19,u_019,Gymnasium,2026-08-08T08:06:00,2026-08-08T09:06:00,60,Saturday,True
163,u_123,Gymnasium,2026-08-08T08:08:00,2026-08-08T09:12:00,64,Saturday,True
65,u_050,Indoor Sports Complex,2026-08-08T08:09:00,2026-08-08T09:20:00,71,Saturday,True
77,u_060,Gymnasium,2026-08-08T08:11:00,2026-08-08T09:07:00,56,Saturday,True
93,u_070,Indoor Sports Complex,2026-08-08T08:12:00,2026-08-08T09:44:00,92,Saturday,True
131,u_100,Central Cafeteria,2026-08-08T08:15:00,2026-08-08T09:35:00,80,Saturday,True
145,u_111,Gymnasium,2026-08-08T08:18:00,2026-08-08T09:15:00,57,Saturday,True
175,u_125,Gymnasium,2026-08-08T08:19:00,2026-08-08T09:56:00,97,Saturday,True
218,u_154,Central Cafeteria,2026-08-08T08:19:00,2026-08-08T09:30:00,71,Saturday,True
257,u_185,Central Cafeteria,2026-08-08T08:20:00,2026-08-08T09:01:00,41,Saturday,True
42,u_036,Central Cafeteria,2026-08-08T08:21:00,2026-08-08T08:48:00,27,Saturday,True
179,u_127,Food Court,2026-08-08T08:22:00,2026-08-08T08:45:00,23,Saturday,True
82,u_063,Central Cafeteria,2026-08-08T08:31:00,2026-08-08T09:08:00,37,Saturday,True
14,u_014,Central Cafeteria,2026-08-08T08:37:00,2026-08-08T09:10:00,33,Saturday,True
167,u_123,Central Cafeteria,2026-08-08T08:37:00,2026-08-08T08:59:00,22,Saturday,True
252,u_182,Central Cafeteria,2026-08-08T08:40:00,2026-08-08T09:37:00,57,Saturday,True
4,u_003,Food Court,2026-08-08T08:49:00,2026-08-08T09:41:00,52,Saturday,True
90,u_069,Central Cafeteria,2026-08-08T08:51:00,2026-08-08T09:45:00,54,Saturday,True
133,u_101,Computer Lab A,2026-08-08T08:53:00,2026-08-08T09:55:00,62,Saturday,True
47,u_041,Computer Lab B,2026-08-08T08:54:00,2026-08-08T09:44:00,50,Saturday,True
141,u_106,Computer Lab A,2026-08-08T08:58:00,2026-08-08T09:51:00,53,Saturday,True
172,u_125,Computer Lab B,2026-08-08T09:00:00,2026-08-08T10:04:00,64,Saturday,True
99,u_074,Computer Lab B,2026-08-08T09:05:00,2026-08-08T10:32:00,87,Saturday,True
113,u_084,Computer Lab A,2026-08-08T09:07:00,2026-08-08T09:43:00,36,Saturday,True
115,u_084,Computer Lab B,2026-08-08T09:08:00,2026-08-08T10:56:00,108,Saturday,True
189,u_135,Computer Lab A,2026-08-08T09:14:00,2026-08-08T10:14:00,60,Saturday,True
92,u_070,Student Center,2026-08-08T09:15:00,2026-08-08T10:01:00,46,Saturday,True
158,u_120,Computer Lab A,2026-08-08T09:17:00,2026-08-08T09:59:00,42,Saturday,True
5,u_005,Computer Lab A,2026-08-08T09:41:00,2026-08-08T10:52:00,71,Saturday,True
87,u_066,Computer Lab B,2026-08-08T09:50:00,2026-08-08T11:27:00,97,Saturday,True
52,u_043,Computer Lab B,2026-08-08T09:52:00,2026-08-08T10:43:00,51,Saturday,True
232,u_163,Computer Lab B,2026-08-08T09:55:00,2026-08-08T11:30:00,95,Saturday,True
268,u_193,Student Center,2026-08-08T09:57:00,2026-08-08T10:41:00,44,Saturday,True
58,u_046,Computer Lab B,2026-08-08T09:59:00,2026-08-08T11:44:00,105,Saturday,True
23,u_021,Student Center,2026-08-08T10:00:00,2026-08-08T10:41:00,41,Saturday,True
105,u_078,Computer Lab B,2026-08-08T10:01:00,2026-08-08T11:11:00,70,Saturday,True
101,u_076,Student Center,2026-08-08T10:07:00,2026-08-08T10:46:00,39,Saturday,True
28,u_025,Computer Lab A,2026-08-08T10:08:00,2026-08-08T10:33:00,25,Saturday,False
259,u_187,WiFi Zone North,2026-08-08T10:44:00,2026-08-08T11:22:00,38,Saturday,False
13,u_012,Student Center,2026-08-08T10:45:00,2026-08-08T11:36:00,51,Saturday,True
248,u_177,Computer Lab B,2026-08-08T10:46:00,2026-08-08T11:30:00,44,Saturday,True
249,u_180,Student Center,2026-08-08T10:49:00,2026-08-08T11:37:00,48,Saturday,True
255,u_184,Gymnasium,2026-08-08T10:53:00,2026-08-08T11:11:00,18,Saturday,False
44,u_038,Computer Lab A,2026-08-08T10:57:00,2026-08-08T11:51:00,54,Saturday,True
127,u_094,Student Center,2026-08-08T10:57:00,2026-08-08T11:52:00,55,Saturday,True
3,u_002,Student Center,2026-08-08T10:58:00,2026-08-08T12:13:00,75,Saturday,True
224,u_157,Computer Lab B,2026-08-08T10:58:00,2026-08-08T12:34:00,96,Saturday,True
233,u_164,Student Center,2026-08-08T10:58:00,2026-08-08T12:24:00,86,Saturday,True
6,u_006,Computer Lab B,2026-08-08T10:59:00,2026-08-08T11:35:00,36,Saturday,True
219,u_154,Computer Lab A,2026-08-08T10:59:00,2026-08-08T11:53:00,54,Saturday,True
188,u_134,Student Center,2026-08-08T11:01:00,2026-08-08T12:00:00,59,Saturday,True
15,u_016,Computer Lab B,2026-08-08T11:07:00,2026-08-08T12:05:00,58,Saturday,True
273,u_196,Computer Lab A,2026-08-08T11:07:00,2026-08-08T11:47:00,40,Saturday,True
33,u_029,Computer Lab A,2026-08-08T11:18:00,2026-08-08T12:10:00,52,Saturday,True
221,u_155,Computer Lab A,2026-08-08T11:20:00,2026-08-08T12:49:00,89,Saturday,True
160,u_122,Student Center,2026-08-08T11:27:00,2026-08-08T12:47:00,80,Saturday,True
265,u_190,Student Center,2026-08-08T11:52:00,2026-08-08T13:12:00,80,Saturday,True
16,u_017,Student Center,2026-08-08T11:58:00,2026-08-08T13:30:00,92,Saturday,True
170,u_124,Computer Lab B,2026-08-08T11:58:00,2026-08-08T12:38:00,40,Saturday,True
256,u_185,Student Center,2026-08-08T12:01:00,2026-08-08T13:18:00,77,Saturday,True
181,u_130,Student Center,2026-08-08T12:02:00,2026-08-08T13:12:00,70,Saturday,True
186,u_134,Computer Lab A,2026-08-08T12:02:00,2026-08-08T12:37:00,35,Saturday,True
169,u_124,Student Center,2026-08-08T12:05:00,2026-08-08T12:58:00,53,Saturday,True
247,u_177,Food Court,2026-08-08T12:17:00,2026-08-08T13:00:00,43,Saturday,True
217,u_153,Food Court,2026-08-08T12:18:00,2026-08-08T13:01:00,43,Saturday,True
269,u_193,Food Court,2026-08-08T12:19:00,2026-08-08T13:16:00,57,Saturday,True
214,u_151,Central Cafeteria,2026-08-08T12:21:00,2026-08-08T13:09:00,48,Saturday,True
230,u_162,Central Cafeteria,2026-08-08T12:22:00,2026-08-08T13:20:00,58,Saturday,True
120,u_090,Central Cafeteria,2026-08-08T12:26:00,2026-08-08T12:54:00,28,Saturday,True
153,u_117,Central Cafeteria,2026-08-08T12:27:00,2026-08-08T13:18:00,51,Saturday,True
184,u_132,Food Court,2026-08-08T12:28:00,2026-08-08T13:30:00,62,Saturday,True
31,u_026,Food Court,2026-08-08T12:29:00,2026-08-08T13:13:00,44,Saturday,True
36,u_032,Central Cafeteria,2026-08-08T12:29:00,2026-08-08T13:31:00,62,Saturday,True
225,u_158,Central Cafeteria,2026-08-08T12:29:00,2026-08-08T13:13:00,44,Saturday,True
86,u_065,Central Cafeteria,2026-08-08T12:30:00,2026-08-08T13:49:00,79,Saturday,True
134,u_101,Central Cafeteria,2026-08-08T12:30:00,2026-08-08T13:20:00,50,Saturday,True
138,u_105,Food Court,2026-08-08T12:30:00,2026-08-08T12:57:00,27,Saturday,True
216,u_152,Food Court,2026-08-08T12:30:00,2026-08-08T13:44:00,74,Saturday,True
157,u_119,Central Cafeteria,2026-08-08T12:31:00,2026-08-08T13:50:00,79,Saturday,True
276,u_197,Central Cafeteria,2026-08-08T12:31:00,2026-08-08T13:36:00,65,Saturday,True
231,u_162,Student Center,2026-08-08T12:34:00,2026-08-08T14:10:00,96,Saturday,True
198,u_142,Central Cafeteria,2026-08-08T12:38:00,2026-08-08T13:38:00,60,Saturday,True
187,u_134,Food Court,2026-08-08T12:43:00,2026-08-08T13:48:00,65,Saturday,True
111,u_081,Computer Lab A,2026-08-08T12:44:00,2026-08-08T14:33:00,109,Saturday,True
106,u_079,Computer Lab A,2026-08-08T12:49:00,2026-08-08T13:41:00,52,Saturday,True
271,u_193,Computer Lab B,2026-08-08T12:53:00,2026-08-08T13:43:00,50,Saturday,True
243,u_173,Student Center,2026-08-08T12:57:00,2026-08-08T14:31:00,94,Saturday,True
139,u_106,Student Center,2026-08-08T12:58:00,2026-08-08T14:42:00,104,Saturday,True
140,u_106,Computer Lab B,2026-08-08T12:59:00,2026-08-08T14:00:00,61,Saturday,True
213,u_151,Computer Lab B,2026-08-08T13:01:00,2026-08-08T13:53:00,52,Saturday,True
12,u_010,Student Center,2026-08-08T13:02:00,2026-08-08T14:22:00,80,Saturday,True
212,u_150,Student Center,2026-08-08T13:02:00,2026-08-08T13:40:00,38,Saturday,True
202,u_144,Computer Lab B,2026-08-08T13:06:00,2026-08-08T14:20:00,74,Saturday,True
278,u_198,Student Center,2026-08-08T13:10:00,2026-08-08T14:16:00,66,Saturday,True
226,u_160,Student Center,2026-08-08T13:14:00,2026-08-08T14:48:00,94,Saturday,True
142,u_109,Computer Lab B,2026-08-08T13:16:00,2026-08-08T14:01:00,45,Saturday,True
204,u_146,Computer Lab A,2026-08-08T13:26:00,2026-08-08T14:21:00,55,Saturday,True
238,u_170,Student Center,2026-08-08T13:31:00,2026-08-08T15:13:00,102,Saturday,False
182,u_131,Student Center,2026-08-08T13:52:00,2026-08-08T15:11:00,79,Saturday,True
84,u_065,Student Center,2026-08-08T13:53:00,2026-08-08T14:29:00,36,Saturday,True
30,u_026,Food Court,2026-08-08T13:56:00,2026-08-08T14:21:00,25,Saturday,False
125,u_093,Computer Lab B,2026-08-08T13:56:00,2026-08-08T14:49:00,53,Saturday,True
83,u_064,Student Center,2026-08-08T13:57:00,2026-08-08T14:59:00,62,Saturday,True
89,u_067,Student Center,2026-08-08T13:57:00,2026-08-08T14:55:00,58,Saturday,True
261,u_187,Computer Lab B,2026-08-08T13:57:00,2026-08-08T14:57:00,60,Saturday,True
55,u_044,Student Center,2026-08-08T14:03:00,2026-08-08T14:55:00,52,Saturday,True
2,u_001,Student Center,2026-08-08T14:04:00,2026-08-08T15:53:00,109,Saturday,True
197,u_141,Computer Lab A,2026-08-08T14:08:00,2026-08-08T15:03:00,55,Saturday,True
144,u_110,Computer Lab A,2026-08-08T14:10:00,2026-08-08T15:01:00,51,Saturday,True
151,u_116,Student Center,2026-08-08T14:12:00,2026-08-08T15:21:00,69,Saturday,True
41,u_036,Student Center,2026-08-08T14:13:00,2026-08-08T14:56:00,43,Saturday,True
165,u_123,Student Center,2026-08-08T14:17:00,2026-08-08T15:50:00,93,Saturday,True
27,u_024,Computer Lab A,2026-08-08T14:42:00,2026-08-08T15:54:00,72,Saturday,True
49,u_041,Computer Lab A,2026-08-08T14:47:00,2026-08-08T15:42:00,55,Saturday,True
17,u_018,Computer Lab A,2026-08-08T14:52:00,2026-08-08T15:39:00,47,Saturday,True
118,u_087,Student Center,2026-08-08T14:59:00,2026-08-08T15:51:00,52,Saturday,True
75,u_058,Computer Lab B,2026-08-08T15:00:00,2026-08-08T16:04:00,64,Saturday,True
209,u_148,Computer Lab A,2026-08-08T15:00:00,2026-08-08T16:01:00,61,Saturday,True
242,u_172,Computer Lab B,2026-08-08T15:01:00,2026-08-08T15:43:00,42,Saturday,True
251,u_182,Computer Lab B,2026-08-08T15:07:00,2026-08-08T16:29:00,82,Saturday,False
146,u_112,Student Center,2026-08-08T15:11:00,2026-08-08T16:01:00,50,Saturday,True
279,u_199,Science Library,2026-08-08T15:37:00,2026-08-08T16:55:00,78,Saturday,True
45,u_039,Main Library,2026-08-08T15:39:00,2026-08-08T17:26:00,107,Saturday,True
103,u_077,Science Library,2026-08-08T15:46:00,2026-08-08T16:55:00,69,Saturday,True
121,u_091,Computer Lab B,2026-08-08T15:49:00,2026-08-08T16:34:00,45,Saturday,True
62,u_049,Computer Lab A,2026-08-08T15:50:00,2026-08-08T16:57:00,67,Saturday,True
275,u_196,Science Library,2026-08-08T15:52:00,2026-08-08T18:03:00,131,Saturday,True
43,u_038,Science Library,2026-08-08T15:53:00,2026-08-08T19:09:00,196,Saturday,True
72,u_056,Student Center,2026-08-08T15:55:00,2026-08-08T17:19:00,84,Saturday,True
91,u_070,Main Library,2026-08-08T15:58:00,2026-08-08T17:10:00,72,Saturday,True
178,u_126,Computer Lab B,2026-08-08T15:59:00,2026-08-08T16:45:00,46,Saturday,True
207,u_147,Student Center,2026-08-08T15:59:00,2026-08-08T17:26:00,87,Saturday,True
11,u_010,Science Library,2026-08-08T16:00:00,2026-08-08T18:08:00,128,Saturday,True
80,u_063,Student Center,2026-08-08T16:00:00,2026-08-08T17:44:00,104,Saturday,True
116,u_085,Student Center,2026-08-08T16:01:00,2026-08-08T16:59:00,58,Saturday,True
88,u_066,Main Library,2026-08-08T16:02:00,2026-08-08T17:15:00,73,Saturday,True
135,u_102,Science Library,2026-08-08T16:03:00,2026-08-08T17:59:00,116,Saturday,True
223,u_156,Computer Lab B,2026-08-08T16:03:00,2026-08-08T17:38:00,95,Saturday,True
29,u_025,Computer Lab B,2026-08-08T16:05:00,2026-08-08T17:18:00,73,Saturday,True
162,u_122,Main Library,2026-08-08T16:05:00,2026-08-08T18:16:00,131,Saturday,True
206,u_147,Main Library,2026-08-08T16:05:00,2026-08-08T18:13:00,128,Saturday,True
164,u_123,Computer Lab B,2026-08-08T16:06:00,2026-08-08T16:56:00,50,Saturday,True
95,u_071,Computer Lab A,2026-08-08T16:07:00,2026-08-08T17:06:00,59,Saturday,True
114,u_084,Science Library,2026-08-08T16:07:00,2026-08-08T17:04:00,57,Saturday,True
171,u_125,Science Library,2026-08-08T16:09:00,2026-08-08T17:21:00,72,Saturday,True
112,u_082,Gymnasium,2026-08-08T16:37:00,2026-08-08T18:14:00,97,Saturday,True
254,u_183,Science Library,2026-08-08T16:47:00,2026-08-08T18:15:00,88,Saturday,True
130,u_099,Main Library,2026-08-08T16:51:00,2026-08-08T17:56:00,65,Saturday,True
122,u_092,Indoor Sports Complex,2026-08-08T16:58:00,2026-08-08T18:38:00,100,Saturday,True
194,u_140,Gymnasium,2026-08-08T17:00:00,2026-08-08T18:15:00,75,Saturday,True
208,u_148,Indoor Sports Complex,2026-08-08T17:00:00,2026-08-08T18:37:00,97,Saturday,True
150,u_115,Main Library,2026-08-08T17:01:00,2026-08-08T20:12:00,191,Saturday,True
196,u_141,Main Library,2026-08-08T17:01:00,2026-08-08T20:21:00,200,Saturday,True
54,u_044,Indoor Sports Complex,2026-08-08T17:03:00,2026-08-08T18:12:00,69,Saturday,True
195,u_140,Science Library,2026-08-08T17:06:00,2026-08-08T19:01:00,115,Saturday,True
229,u_162,Indoor Sports Complex,2026-08-08T17:08:00,2026-08-08T18:01:00,53,Saturday,True
190,u_136,Science Library,2026-08-08T17:11:00,2026-08-08T20:24:00,193,Saturday,True
211,u_150,Science Library,2026-08-08T17:12:00,2026-08-08T19:00:00,108,Saturday,True
74,u_058,Science Library,2026-08-08T17:14:00,2026-08-08T18:27:00,73,Saturday,True
46,u_039,Gymnasium,2026-08-08T17:40:00,2026-08-08T18:26:00,46,Saturday,True
39,u_034,Indoor Sports Complex,2026-08-08T17:51:00,2026-08-08T19:39:00,108,Saturday,True
67,u_051,Indoor Sports Complex,2026-08-08T17:52:00,2026-08-08T19:06:00,74,Saturday,True
200,u_144,Indoor Sports Complex,2026-08-08T17:52:00,2026-08-08T18:43:00,51,Saturday,True
176,u_126,Indoor Sports Complex,2026-08-08T17:53:00,2026-08-08T18:43:00,50,Saturday,True
35,u_031,Science Library,2026-08-08T17:54:00,2026-08-08T20:44:00,170,Saturday,True
235,u_167,Main Library,2026-08-08T17:55:00,2026-08-08T19:59:00,124,Saturday,True
51,u_042,Science Library,2026-08-08T17:56:00,2026-08-08T19:16:00,80,Saturday,True
22,u_021,Main Library,2026-08-08T17:59:00,2026-08-08T18:50:00,51,Saturday,True
173,u_125,Indoor Sports Complex,2026-08-08T18:00:00,2026-08-08T18:58:00,58,Saturday,True
97,u_072,Indoor Sports Complex,2026-08-08T18:01:00,2026-08-08T19:16:00,75,Saturday,True
185,u_133,Indoor Sports Complex,2026-08-08T18:02:00,2026-08-08T19:03:00,61,Saturday,True
154,u_118,Indoor Sports Complex,2026-08-08T18:03:00,2026-08-08T18:51:00,48,Saturday,True
166,u_123,Main Library,2026-08-08T18:05:00,2026-08-08T19:40:00,95,Saturday,True
203,u_145,Science Library,2026-08-08T18:05:00,2026-08-08T20:12:00,127,Saturday,True
81,u_063,Science Library,2026-08-08T18:10:00,2026-08-08T20:30:00,140,Saturday,True
37,u_033,Gymnasium,2026-08-08T18:14:00,2026-08-08T19:21:00,67,Saturday,True
240,u_170,Main Library,2026-08-08T18:14:00,2026-08-08T19:15:00,61,Saturday,True
132,u_100,Science Library,2026-08-08T18:15:00,2026-08-08T19:55:00,100,Saturday,True
63,u_050,WiFi Zone South,2026-08-08T18:18:00,2026-08-08T18:42:00,24,Saturday,False
126,u_094,Student Center,2026-08-08T18:22:00,2026-08-08T19:30:00,68,Saturday,False
69,u_054,Food Court,2026-08-08T18:38:00,2026-08-08T19:41:00,63,Saturday,True
70,u_054,Central Cafeteria,2026-08-08T18:39:00,2026-08-08T19:36:00,57,Saturday,True
161,u_122,Central Cafeteria,2026-08-08T18:41:00,2026-08-08T19:42:00,61,Saturday,True
26,u_023,Central Cafeteria,2026-08-08T18:45:00,2026-08-08T19:43:00,58,Saturday,True
71,u_055,Gymnasium,2026-08-08T18:48:00,2026-08-08T19:46:00,58,Saturday,True
109,u_081,Main Library,2026-08-08T18:48:00,2026-08-08T20:24:00,96,Saturday,True
168,u_124,Central Cafeteria,2026-08-08T18:48:00,2026-08-08T19:48:00,60,Saturday,True
50,u_042,Food Court,2026-08-08T18:49:00,2026-08-08T19:47:00,58,Saturday,True
152,u_116,Food Court,2026-08-08T18:49:00,2026-08-08T19:41:00,52,Saturday,True
262,u_189,Science Library,2026-08-08T18:51:00,2026-08-08T20:36:00,105,Saturday,True
159,u_121,Indoor Sports Complex,2026-08-08T18:52:00,2026-08-08T19:58:00,66,Saturday,True
148,u_112,Central Cafeteria,2026-08-08T18:55:00,2026-08-08T19:25:00,30,Saturday,True
8,u_007,Gymnasium,2026-08-08T18:56:00,2026-08-08T19:46:00,50,Saturday,True
236,u_168,Food Court,2026-08-08T18:56:00,2026-08-08T20:01:00,65,Saturday,True
253,u_183,Central Cafeteria,2026-08-08T18:57:00,2026-08-08T20:01:00,64,Saturday,True
20,u_019,Science Library,2026-08-08T18:58:00,2026-08-08T21:57:00,179,Saturday,True
239,u_170,Central Cafeteria,2026-08-08T18:58:00,2026-08-08T20:08:00,70,Saturday,True
34,u_030,Science Library,2026-08-08T18:59:00,2026-08-08T20:43:00,104,Saturday,True
177,u_126,Science Library,2026-08-08T18:59:00,2026-08-08T22:18:00,199,Saturday,True
191,u_137,Central Cafeteria,2026-08-08T18:59:00,2026-08-08T20:19:00,80,Saturday,True
244,u_174,Indoor Sports Complex,2026-08-08T18:59:00,2026-08-08T20:33:00,94,Saturday,True
21,u_020,Central Cafeteria,2026-08-08T19:00:00,2026-08-08T19:29:00,29,Saturday,True
38,u_034,Science Library,2026-08-08T19:00:00,2026-08-08T20:39:00,99,Saturday,True
61,u_048,Science Library,2026-08-08T19:01:00,2026-08-08T20:55:00,114,Saturday,True
85,u_065,Main Library,2026-08-08T19:01:00,2026-08-08T20:05:00,64,Saturday,True
104,u_078,Food Court,2026-08-08T19:01:00,2026-08-08T19:27:00,26,Saturday,True
110,u_081,Indoor Sports Complex,2026-08-08T19:01:00,2026-08-08T20:42:00,101,Saturday,True
24,u_022,Main Library,2026-08-08T19:02:00,2026-08-08T22:20:00,198,Saturday,True
183,u_131,Main Library,2026-08-08T19:02:00,2026-08-08T22:08:00,186,Saturday,True
237,u_169,Main Library,2026-08-08T19:03:00,2026-08-08T20:56:00,113,Saturday,True
246,u_176,Food Court,2026-08-08T19:04:00,2026-08-08T20:07:00,63,Saturday,True
267,u_192,Food Court,2026-08-08T19:05:00,2026-08-08T20:15:00,70,Saturday,True
100,u_075,Food Court,2026-08-08T19:06:00,2026-08-08T20:03:00,57,Saturday,True
40,u_036,Food Court,2026-08-08T19:07:00,2026-08-08T20:22:00,75,Saturday,True
98,u_073,Central Cafeteria,2026-08-08T19:08:00,2026-08-08T20:20:00,72,Saturday,True
210,u_150,Central Cafeteria,2026-08-08T19:09:00,2026-08-08T19:52:00,43,Saturday,True
1,u_001,Indoor Sports Complex,2026-08-08T19:10:00,2026-08-08T19:50:00,40,Saturday,True
147,u_112,Main Library,2026-08-08T19:12:00,2026-08-08T20:43:00,91,Saturday,True
263,u_189,Gymnasium,2026-08-08T19:13:00,2026-08-08T21:01:00,108,Saturday,True
220,u_154,Food Court,2026-08-08T19:15:00,2026-08-08T20:07:00,52,Saturday,True
227,u_161,Food Court,2026-08-08T19:17:00,2026-08-08T20:28:00,71,Saturday,True
25,u_023,Gymnasium,2026-08-08T19:18:00,2026-08-08T20:50:00,92,Saturday,True
264,u_190,Science Library,2026-08-08T19:21:00,2026-08-08T22:15:00,174,Saturday,True
245,u_175,Science Library,2026-08-08T19:24:00,2026-08-08T21:10:00,106,Saturday,False
258,u_186,Main Library,2026-08-08T19:25:00,2026-08-08T20:16:00,51,Saturday,True
180,u_129,Main Library,2026-08-08T19:39:00,2026-08-08T20:46:00,67,Saturday,True
128,u_095,Indoor Sports Complex,2026-08-08T19:41:00,2026-08-08T20:33:00,52,Saturday,True
78,u_062,Science Library,2026-08-08T19:45:00,2026-08-08T21:41:00,116,Saturday,True
274,u_196,Gymnasium,2026-08-08T19:48:00,2026-08-08T20:36:00,48,Saturday,True
266,u_192,Main Library,2026-08-08T19:50:00,2026-08-08T22:05:00,135,Saturday,True
117,u_086,Main Library,2026-08-08T19:54:00,2026-08-08T21:58:00,124,Saturday,True
192,u_138,Indoor Sports Complex,2026-08-08T19:58:00,2026-08-08T20:48:00,50,Saturday,True
260,u_187,Science Library,2026-08-08T20:00:00,2026-08-08T21:23:00,83,Saturday,True
124,u_092,Gymnasium,2026-08-08T20:01:00,2026-08-08T21:11:00,70,Saturday,True
155,u_118,Science Library,2026-08-08T20:06:00,2026-08-08T21:22:00,76,Saturday,True
60,u_048,Gymnasium,2026-08-08T20:07:00,2026-08-08T20:55:00,48,Saturday,True
94,u_071,Student Center,2026-08-08T20:12:00,2026-08-08T21:27:00,75,Saturday,False
107,u_079,Main Library,2026-08-08T20:12:00,2026-08-08T21:04:00,52,Saturday,True
201,u_144,Main Library,2026-08-08T20:12:00,2026-08-08T21:42:00,90,Saturday,True
59,u_047,Computer Lab A,2026-08-08T20:18:00,2026-08-08T21:44:00,86,Saturday,False
48,u_041,Main Library,2026-08-08T20:21:00,2026-08-08T22:06:00,105,Saturday,True
149,u_114,Main Library,2026-08-08T20:21:00,2026-08-08T22:31:00,130,Saturday,True
250,u_181,Computer Lab B,2026-08-08T20:34:00,2026-08-08T22:32:00,118,Saturday,False
53,u_043,Main Library,2026-08-08T20:49:00,2026-08-08T22:43:00,114,Saturday,True
123,u_092,Main Library,2026-08-08T20:54:00,2026-08-08T21:53:00,59,Saturday,True
10,u_009,Main Library,2026-08-08T20:56:00,2026-08-08T22:16:00,80,Saturday,True
18,u_018,Science Library,2026-08-08T21:00:00,2026-08-09T00:08:00,188,Saturday,True
136,u_103,Main Library,2026-08-08T21:00:00,2026-08-09T00:01:00,181,Saturday,True
102,u_077,Main Library,2026-08-08T21:01:00,2026-08-08T23:52:00,171,Saturday,True
119,u_089,Science Library,2026-08-08T21:01:00,2026-08-08T22:44:00,103,Saturday,True
174,u_125,Main Library,2026-08-08T21:08:00,2026-08-08T22:17:00,69,Saturday,True
66,u_051,Main Library,2026-08-08T21:16:00,2026-08-09T00:08:00,172,Saturday,True
583,u_196,Indoor Sports Complex,2026-08-09T05:48:00,2026-08-09T07:14:00,86,Sunday,True
579,u_194,Indoor Sports Complex,2026-08-09T05:54:00,2026-08-09T07:32:00,98,Sunday,True
443,u_112,Indoor Sports Complex,2026-08-09T06:00:00,2026-08-09T06:38:00,38,Sunday,True
481,u_134,Gymnasium,2026-08-09T06:00:00,2026-08-09T07:00:00,60,Sunday,True
508,u_150,Indoor Sports Complex,2026-08-09T06:00:00,2026-08-09T07:12:00,72,Sunday,True
487,u_136,Indoor Sports Complex,2026-08-09T06:02:00,2026-08-09T06:38:00,36,Sunday,True
454,u_119,Gymnasium,2026-08-09T06:05:00,2026-08-09T06:48:00,43,Sunday,True
412,u_089,Indoor Sports Complex,2026-08-09T06:09:00,2026-08-09T07:46:00,97,Sunday,True
328,u_032,Gymnasium,2026-08-09T06:10:00,2026-08-09T07:35:00,85,Sunday,True
394,u_072,Gymnasium,2026-08-09T06:10:00,2026-08-09T07:59:00,109,Sunday,True
343,u_041,Indoor Sports Complex,2026-08-09T06:11:00,2026-08-09T07:27:00,76,Sunday,True
281,u_001,Gymnasium,2026-08-09T06:16:00,2026-08-09T07:03:00,47,Sunday,True
410,u_087,Gymnasium,2026-08-09T06:38:00,2026-08-09T07:13:00,35,Sunday,True
581,u_195,Indoor Sports Complex,2026-08-09T06:45:00,2026-08-09T08:18:00,93,Sunday,True
383,u_065,Gymnasium,2026-08-09T06:53:00,2026-08-09T08:10:00,77,Sunday,True
353,u_045,Indoor Sports Complex,2026-08-09T06:54:00,2026-08-09T08:10:00,76,Sunday,True
356,u_048,Indoor Sports Complex,2026-08-09T06:56:00,2026-08-09T07:51:00,55,Sunday,True
376,u_061,Indoor Sports Complex,2026-08-09T07:00:00,2026-08-09T07:59:00,59,Sunday,True
392,u_071,Indoor Sports Complex,2026-08-09T07:00:00,2026-08-09T07:58:00,58,Sunday,True
591,u_200,Gymnasium,2026-08-09T07:00:00,2026-08-09T08:02:00,62,Sunday,True
377,u_062,Indoor Sports Complex,2026-08-09T07:01:00,2026-08-09T08:31:00,90,Sunday,True
360,u_050,Gymnasium,2026-08-09T07:07:00,2026-08-09T07:59:00,52,Sunday,True
553,u_175,Gymnasium,2026-08-09T07:10:00,2026-08-09T07:46:00,36,Sunday,True
303,u_019,Gymnasium,2026-08-09T07:38:00,2026-08-09T08:40:00,62,Sunday,True
324,u_030,Indoor Sports Complex,2026-08-09T07:47:00,2026-08-09T08:47:00,60,Sunday,True
459,u_123,Gymnasium,2026-08-09T07:53:00,2026-08-09T08:49:00,56,Sunday,True
490,u_138,Gymnasium,2026-08-09T07:54:00,2026-08-09T09:28:00,94,Sunday,True
364,u_052,Indoor Sports Complex,2026-08-09T08:00:00,2026-08-09T08:47:00,47,Sunday,True
321,u_029,Indoor Sports Complex,2026-08-09T08:01:00,2026-08-09T09:42:00,101,Sunday,True
396,u_073,Gymnasium,2026-08-09T08:01:00,2026-08-09T09:09:00,68,Sunday,True
452,u_119,Indoor Sports Complex,2026-08-09T08:01:00,2026-08-09T09:42:00,101,Sunday,True
389,u_068,Indoor Sports Complex,2026-08-09T08:07:00,2026-08-09T09:30:00,83,Sunday,True
284,u_004,Indoor Sports Complex,2026-08-09T08:08:00,2026-08-09T09:38:00,90,Sunday,True
545,u_170,Indoor Sports Complex,2026-08-09T08:08:00,2026-08-09T09:03:00,55,Sunday,True
351,u_045,Gymnasium,2026-08-09T08:09:00,2026-08-09T09:07:00,58,Sunday,True
559,u_180,Gymnasium,2026-08-09T08:10:00,2026-08-09T09:16:00,66,Sunday,True
405,u_083,Indoor Sports Complex,2026-08-09T08:15:00,2026-08-09T08:57:00,42,Sunday,True
374,u_060,Gymnasium,2026-08-09T08:16:00,2026-08-09T08:51:00,35,Sunday,True
514,u_154,Central Cafeteria,2026-08-09T08:17:00,2026-08-09T09:34:00,77,Sunday,True
297,u_014,Central Cafeteria,2026-08-09T08:20:00,2026-08-09T08:49:00,29,Sunday,True
518,u_156,Central Cafeteria,2026-08-09T08:23:00,2026-08-09T09:11:00,48,Sunday,True
408,u_084,Food Court,2026-08-09T08:24:00,2026-08-09T08:52:00,28,Sunday,True
495,u_145,Food Court,2026-08-09T08:24:00,2026-08-09T09:13:00,49,Sunday,True
289,u_006,Central Cafeteria,2026-08-09T08:27:00,2026-08-09T09:30:00,63,Sunday,True
485,u_135,Central Cafeteria,2026-08-09T08:28:00,2026-08-09T09:45:00,77,Sunday,True
369,u_056,Central Cafeteria,2026-08-09T08:30:00,2026-08-09T09:15:00,45,Sunday,True
404,u_082,Food Court,2026-08-09T08:31:00,2026-08-09T09:35:00,64,Sunday,True
380,u_063,Central Cafeteria,2026-08-09T08:33:00,2026-08-09T08:56:00,23,Sunday,True
391,u_070,Central Cafeteria,2026-08-09T08:33:00,2026-08-09T09:35:00,62,Sunday,True
422,u_098,Food Court,2026-08-09T08:38:00,2026-08-09T09:40:00,62,Sunday,True
482,u_135,Computer Lab B,2026-08-09T08:39:00,2026-08-09T09:56:00,77,Sunday,False
584,u_196,Central Cafeteria,2026-08-09T08:42:00,2026-08-09T09:27:00,45,Sunday,True
334,u_036,Central Cafeteria,2026-08-09T08:46:00,2026-08-09T09:14:00,28,Sunday,True
407,u_084,Computer Lab B,2026-08-09T08:46:00,2026-08-09T10:26:00,100,Sunday,True
526,u_161,Computer Lab B,2026-08-09T08:51:00,2026-08-09T10:18:00,87,Sunday,True
479,u_133,Computer Lab A,2026-08-09T08:52:00,2026-08-09T09:45:00,53,Sunday,True
395,u_073,Computer Lab A,2026-08-09T08:53:00,2026-08-09T09:54:00,61,Sunday,True
509,u_151,Science Library,2026-08-09T08:55:00,2026-08-09T10:38:00,103,Sunday,False
310,u_023,Computer Lab B,2026-08-09T08:56:00,2026-08-09T09:40:00,44,Sunday,True
563,u_183,Computer Lab A,2026-08-09T08:59:00,2026-08-09T10:45:00,106,Sunday,True
562,u_182,Student Center,2026-08-09T09:00:00,2026-08-09T10:26:00,86,Sunday,True
432,u_106,Computer Lab A,2026-08-09T09:05:00,2026-08-09T09:52:00,47,Sunday,True
516,u_155,Computer Lab B,2026-08-09T09:07:00,2026-08-09T10:07:00,60,Sunday,True
542,u_170,WiFi Zone North,2026-08-09T09:25:00,2026-08-09T11:14:00,109,Sunday,False
308,u_021,Student Center,2026-08-09T09:31:00,2026-08-09T10:19:00,48,Sunday,True
486,u_136,Main Library,2026-08-09T09:45:00,2026-08-09T10:34:00,49,Sunday,False
571,u_188,Computer Lab B,2026-08-09T09:55:00,2026-08-09T11:20:00,85,Sunday,True
511,u_151,Computer Lab A,2026-08-09T10:00:00,2026-08-09T10:55:00,55,Sunday,True
298,u_014,Student Center,2026-08-09T10:01:00,2026-08-09T11:16:00,75,Sunday,True
349,u_043,Computer Lab B,2026-08-09T10:01:00,2026-08-09T10:51:00,50,Sunday,True
332,u_035,Student Center,2026-08-09T10:05:00,2026-08-09T10:51:00,46,Sunday,True
463,u_125,Central Cafeteria,2026-08-09T10:05:00,2026-08-09T11:06:00,61,Sunday,False
319,u_027,Computer Lab A,2026-08-09T10:08:00,2026-08-09T11:30:00,82,Sunday,True
287,u_005,Computer Lab A,2026-08-09T10:11:00,2026-08-09T11:06:00,55,Sunday,True
401,u_078,Computer Lab B,2026-08-09T10:13:00,2026-08-09T11:32:00,79,Sunday,True
531,u_163,Computer Lab B,2026-08-09T10:17:00,2026-08-09T11:39:00,82,Sunday,True
539,u_169,Main Library,2026-08-09T10:25:00,2026-08-09T11:00:00,35,Sunday,False
300,u_016,Computer Lab B,2026-08-09T10:45:00,2026-08-09T11:50:00,65,Sunday,True
561,u_181,Computer Lab B,2026-08-09T10:45:00,2026-08-09T11:38:00,53,Sunday,True
441,u_111,Main Library,2026-08-09T10:46:00,2026-08-09T11:06:00,20,Sunday,False
515,u_154,Computer Lab A,2026-08-09T10:51:00,2026-08-09T12:03:00,72,Sunday,True
295,u_013,Student Center,2026-08-09T10:54:00,2026-08-09T11:55:00,61,Sunday,True
517,u_155,Computer Lab A,2026-08-09T10:55:00,2026-08-09T12:44:00,109,Sunday,True
564,u_183,Computer Lab B,2026-08-09T10:56:00,2026-08-09T12:18:00,82,Sunday,True
314,u_025,Student Center,2026-08-09T10:59:00,2026-08-09T11:35:00,36,Sunday,False
469,u_127,WiFi Zone North,2026-08-09T10:59:00,2026-08-09T11:44:00,45,Sunday,False
338,u_038,Computer Lab A,2026-08-09T11:00:00,2026-08-09T11:38:00,38,Sunday,True
522,u_157,Computer Lab B,2026-08-09T11:01:00,2026-08-09T12:24:00,83,Sunday,True
346,u_042,Student Center,2026-08-09T11:02:00,2026-08-09T12:48:00,106,Sunday,True
434,u_108,Student Center,2026-08-09T11:02:00,2026-08-09T12:09:00,67,Sunday,True
550,u_173,Computer Lab A,2026-08-09T11:03:00,2026-08-09T11:52:00,49,Sunday,True
445,u_113,Student Center,2026-08-09T11:05:00,2026-08-09T12:07:00,62,Sunday,True
484,u_135,Student Center,2026-08-09T11:05:00,2026-08-09T12:41:00,96,Sunday,True
368,u_054,Student Center,2026-08-09T11:08:00,2026-08-09T12:04:00,56,Sunday,True
322,u_029,Computer Lab A,2026-08-09T11:13:00,2026-08-09T12:17:00,64,Sunday,True
533,u_164,Student Center,2026-08-09T11:15:00,2026-08-09T12:49:00,94,Sunday,True
294,u_012,Student Center,2026-08-09T11:18:00,2026-08-09T12:17:00,59,Sunday,True
312,u_023,Computer Lab A,2026-08-09T11:31:00,2026-08-09T12:51:00,80,Sunday,True
323,u_030,WiFi Zone North,2026-08-09T11:32:00,2026-08-09T12:24:00,52,Sunday,False
450,u_117,Student Center,2026-08-09T11:42:00,2026-08-09T13:14:00,92,Sunday,True
500,u_148,Student Center,2026-08-09T11:51:00,2026-08-09T13:15:00,84,Sunday,True
480,u_134,Computer Lab A,2026-08-09T11:53:00,2026-08-09T12:44:00,51,Sunday,True
585,u_197,Computer Lab B,2026-08-09T11:58:00,2026-08-09T13:11:00,73,Sunday,True
536,u_166,Student Center,2026-08-09T12:04:00,2026-08-09T12:56:00,52,Sunday,True
567,u_185,Student Center,2026-08-09T12:05:00,2026-08-09T12:57:00,52,Sunday,True
504,u_149,Student Center,2026-08-09T12:12:00,2026-08-09T13:53:00,101,Sunday,True
462,u_124,Student Center,2026-08-09T12:13:00,2026-08-09T13:31:00,78,Sunday,True
449,u_117,Central Cafeteria,2026-08-09T12:24:00,2026-08-09T13:32:00,68,Sunday,True
540,u_169,Central Cafeteria,2026-08-09T12:24:00,2026-08-09T13:23:00,59,Sunday,True
586,u_197,Central Cafeteria,2026-08-09T12:26:00,2026-08-09T13:37:00,71,Sunday,True
285,u_004,Food Court,2026-08-09T12:27:00,2026-08-09T13:03:00,36,Sunday,True
316,u_025,Food Court,2026-08-09T12:27:00,2026-08-09T13:33:00,66,Sunday,True
513,u_153,Food Court,2026-08-09T12:28:00,2026-08-09T13:13:00,45,Sunday,True
453,u_119,Central Cafeteria,2026-08-09T12:30:00,2026-08-09T13:49:00,79,Sunday,True
523,u_158,Central Cafeteria,2026-08-09T12:30:00,2026-08-09T12:51:00,21,Sunday,True
406,u_084,Central Cafeteria,2026-08-09T12:33:00,2026-08-09T13:42:00,69,Sunday,True
429,u_105,Central Cafeteria,2026-08-09T12:33:00,2026-08-09T12:56:00,23,Sunday,True
529,u_162,Central Cafeteria,2026-08-09T12:33:00,2026-08-09T13:15:00,42,Sunday,True
365,u_053,Central Cafeteria,2026-08-09T12:34:00,2026-08-09T13:36:00,62,Sunday,True
293,u_011,Food Court,2026-08-09T12:35:00,2026-08-09T13:09:00,34,Sunday,True
548,u_171,Food Court,2026-08-09T12:35:00,2026-08-09T13:39:00,64,Sunday,True
566,u_185,Food Court,2026-08-09T12:39:00,2026-08-09T13:34:00,55,Sunday,True
355,u_047,Central Cafeteria,2026-08-09T12:40:00,2026-08-09T13:43:00,63,Sunday,True
428,u_105,Food Court,2026-08-09T12:41:00,2026-08-09T13:27:00,46,Sunday,True
402,u_079,Computer Lab A,2026-08-09T12:49:00,2026-08-09T13:33:00,44,Sunday,True
409,u_086,Computer Lab B,2026-08-09T12:52:00,2026-08-09T13:51:00,59,Sunday,True
512,u_152,Computer Lab A,2026-08-09T12:52:00,2026-08-09T13:50:00,58,Sunday,True
525,u_160,Computer Lab A,2026-08-09T12:52:00,2026-08-09T14:07:00,75,Sunday,True
507,u_150,Student Center,2026-08-09T12:55:00,2026-08-09T13:46:00,51,Sunday,True
403,u_081,Computer Lab A,2026-08-09T12:56:00,2026-08-09T14:31:00,95,Sunday,True
373,u_060,Food Court,2026-08-09T13:00:00,2026-08-09T13:20:00,20,Sunday,True
393,u_072,Computer Lab B,2026-08-09T13:00:00,2026-08-09T14:48:00,108,Sunday,True
524,u_160,Student Center,2026-08-09T13:02:00,2026-08-09T14:45:00,103,Sunday,True
436,u_109,Computer Lab B,2026-08-09T13:05:00,2026-08-09T14:03:00,58,Sunday,True
510,u_151,Computer Lab B,2026-08-09T13:05:00,2026-08-09T13:56:00,51,Sunday,True
437,u_109,Computer Lab A,2026-08-09T13:06:00,2026-08-09T14:09:00,63,Sunday,True
554,u_176,Computer Lab B,2026-08-09T13:08:00,2026-08-09T14:44:00,96,Sunday,True
446,u_114,Computer Lab A,2026-08-09T13:09:00,2026-08-09T13:50:00,41,Sunday,True
530,u_162,Student Center,2026-08-09T13:09:00,2026-08-09T14:54:00,105,Sunday,True
431,u_106,Student Center,2026-08-09T13:12:00,2026-08-09T15:01:00,109,Sunday,True
348,u_043,WiFi Zone South,2026-08-09T13:28:00,2026-08-09T14:07:00,39,Sunday,False
399,u_076,Computer Lab A,2026-08-09T13:44:00,2026-08-09T14:22:00,38,Sunday,True
375,u_061,Computer Lab A,2026-08-09T13:50:00,2026-08-09T14:35:00,45,Sunday,True
574,u_191,Computer Lab B,2026-08-09T13:52:00,2026-08-09T14:54:00,62,Sunday,True
590,u_200,Computer Lab B,2026-08-09T13:52:00,2026-08-09T14:37:00,45,Sunday,True
342,u_040,Computer Lab A,2026-08-09T13:55:00,2026-08-09T15:19:00,84,Sunday,True
384,u_065,Student Center,2026-08-09T13:55:00,2026-08-09T14:34:00,39,Sunday,True
299,u_016,Computer Lab A,2026-08-09T13:56:00,2026-08-09T14:41:00,45,Sunday,True
419,u_097,Student Center,2026-08-09T13:56:00,2026-08-09T14:52:00,56,Sunday,True
388,u_067,Student Center,2026-08-09T13:57:00,2026-08-09T14:52:00,55,Sunday,True
493,u_141,Computer Lab A,2026-08-09T14:03:00,2026-08-09T14:41:00,38,Sunday,True
340,u_039,Student Center,2026-08-09T14:05:00,2026-08-09T15:28:00,83,Sunday,True
460,u_123,Student Center,2026-08-09T14:10:00,2026-08-09T15:34:00,84,Sunday,True
476,u_131,Student Center,2026-08-09T14:11:00,2026-08-09T15:24:00,73,Sunday,True
304,u_019,Computer Lab B,2026-08-09T14:15:00,2026-08-09T15:09:00,54,Sunday,True
296,u_013,Computer Lab B,2026-08-09T14:20:00,2026-08-09T15:12:00,52,Sunday,True
333,u_036,Student Center,2026-08-09T14:22:00,2026-08-09T15:15:00,53,Sunday,True
471,u_128,Computer Lab A,2026-08-09T14:28:00,2026-08-09T15:21:00,53,Sunday,True
442,u_112,Student Center,2026-08-09T14:42:00,2026-08-09T15:24:00,42,Sunday,True
390,u_070,Computer Lab A,2026-08-09T14:48:00,2026-08-09T15:59:00,71,Sunday,True
344,u_041,Computer Lab A,2026-08-09T14:51:00,2026-08-09T15:56:00,65,Sunday,True
580,u_195,Student Center,2026-08-09T14:55:00,2026-08-09T16:43:00,108,Sunday,True
577,u_193,Computer Lab A,2026-08-09T14:59:00,2026-08-09T15:51:00,52,Sunday,True
417,u_095,Computer Lab B,2026-08-09T15:00:00,2026-08-09T16:00:00,60,Sunday,True
474,u_131,Computer Lab B,2026-08-09T15:01:00,2026-08-09T16:17:00,76,Sunday,True
291,u_008,Computer Lab A,2026-08-09T15:05:00,2026-08-09T16:02:00,57,Sunday,True
381,u_063,Computer Lab A,2026-08-09T15:05:00,2026-08-09T16:40:00,95,Sunday,True
547,u_171,Main Library,2026-08-09T15:05:00,2026-08-09T15:22:00,17,Sunday,False
418,u_095,Computer Lab A,2026-08-09T15:06:00,2026-08-09T16:47:00,101,Sunday,True
280,u_001,Computer Lab B,2026-08-09T15:10:00,2026-08-09T16:49:00,99,Sunday,True
568,u_186,Indoor Sports Complex,2026-08-09T15:11:00,2026-08-09T16:04:00,53,Sunday,False
549,u_172,Computer Lab B,2026-08-09T15:13:00,2026-08-09T16:13:00,60,Sunday,True
302,u_018,Computer Lab A,2026-08-09T15:21:00,2026-08-09T16:01:00,40,Sunday,True
502,u_149,WiFi Zone North,2026-08-09T15:23:00,2026-08-09T16:23:00,60,Sunday,False
543,u_170,Computer Lab A,2026-08-09T15:30:00,2026-08-09T16:13:00,43,Sunday,True
589,u_200,Main Library,2026-08-09T15:30:00,2026-08-09T16:02:00,32,Sunday,False
499,u_147,Student Center,2026-08-09T15:39:00,2026-08-09T17:10:00,91,Sunday,True
520,u_157,Student Center,2026-08-09T15:40:00,2026-08-09T15:56:00,16,Sunday,False
458,u_122,Main Library,2026-08-09T15:49:00,2026-08-09T18:06:00,137,Sunday,True
416,u_093,Student Center,2026-08-09T15:53:00,2026-08-09T17:06:00,73,Sunday,True
496,u_145,Main Library,2026-08-09T15:56:00,2026-08-09T16:52:00,56,Sunday,True
505,u_150,Main Library,2026-08-09T15:56:00,2026-08-09T17:34:00,98,Sunday,True
378,u_063,Student Center,2026-08-09T16:00:00,2026-08-09T17:40:00,100,Sunday,True
425,u_102,Science Library,2026-08-09T16:00:00,2026-08-09T18:20:00,140,Sunday,True
464,u_125,Science Library,2026-08-09T16:00:00,2026-08-09T16:55:00,55,Sunday,True
468,u_126,Computer Lab B,2026-08-09T16:00:00,2026-08-09T16:54:00,54,Sunday,True
519,u_156,Computer Lab B,2026-08-09T16:01:00,2026-08-09T17:49:00,108,Sunday,True
537,u_167,Student Center,2026-08-09T16:01:00,2026-08-09T17:05:00,64,Sunday,True
386,u_066,Computer Lab A,2026-08-09T16:04:00,2026-08-09T17:37:00,93,Sunday,False
414,u_091,Computer Lab B,2026-08-09T16:05:00,2026-08-09T17:03:00,58,Sunday,True
301,u_017,Main Library,2026-08-09T16:06:00,2026-08-09T19:12:00,186,Sunday,True
498,u_147,Main Library,2026-08-09T16:07:00,2026-08-09T18:16:00,129,Sunday,True
588,u_199,Science Library,2026-08-09T16:09:00,2026-08-09T17:10:00,61,Sunday,True
552,u_175,Computer Lab B,2026-08-09T16:10:00,2026-08-09T17:07:00,57,Sunday,True
555,u_177,Student Center,2026-08-09T16:10:00,2026-08-09T17:17:00,67,Sunday,True
532,u_163,Main Library,2026-08-09T16:15:00,2026-08-09T17:33:00,78,Sunday,True
371,u_058,Science Library,2026-08-09T16:40:00,2026-08-09T17:52:00,72,Sunday,True
387,u_067,Science Library,2026-08-09T16:42:00,2026-08-09T18:09:00,87,Sunday,False
290,u_008,Main Library,2026-08-09T16:51:00,2026-08-09T18:54:00,123,Sunday,True
413,u_091,Science Library,2026-08-09T16:54:00,2026-08-09T18:17:00,83,Sunday,True
309,u_022,Indoor Sports Complex,2026-08-09T16:55:00,2026-08-09T17:50:00,55,Sunday,True
329,u_033,Indoor Sports Complex,2026-08-09T16:55:00,2026-08-09T18:40:00,105,Sunday,True
350,u_044,Indoor Sports Complex,2026-08-09T16:55:00,2026-08-09T18:01:00,66,Sunday,True
535,u_164,Indoor Sports Complex,2026-08-09T16:55:00,2026-08-09T18:21:00,86,Sunday,True
492,u_140,Gymnasium,2026-08-09T16:56:00,2026-08-09T18:16:00,80,Sunday,True
335,u_037,Main Library,2026-08-09T16:57:00,2026-08-09T18:03:00,66,Sunday,True
506,u_150,Science Library,2026-08-09T16:58:00,2026-08-09T18:33:00,95,Sunday,True
320,u_027,Indoor Sports Complex,2026-08-09T17:00:00,2026-08-09T17:47:00,47,Sunday,True
483,u_135,Main Library,2026-08-09T17:01:00,2026-08-09T18:51:00,110,Sunday,True
427,u_104,Gymnasium,2026-08-09T17:05:00,2026-08-09T17:55:00,50,Sunday,True
578,u_194,Main Library,2026-08-09T17:08:00,2026-08-09T18:08:00,60,Sunday,True
363,u_051,Science Library,2026-08-09T17:09:00,2026-08-09T20:03:00,174,Sunday,True
448,u_115,Main Library,2026-08-09T17:09:00,2026-08-09T20:19:00,190,Sunday,True
546,u_170,Gymnasium,2026-08-09T17:09:00,2026-08-09T18:06:00,57,Sunday,True
475,u_131,Science Library,2026-08-09T17:11:00,2026-08-09T18:22:00,71,Sunday,True
440,u_110,Food Court,2026-08-09T17:40:00,2026-08-09T18:05:00,25,Sunday,False
438,u_109,Science Library,2026-08-09T17:42:00,2026-08-09T20:40:00,178,Sunday,True
379,u_063,Science Library,2026-08-09T17:49:00,2026-08-09T19:49:00,120,Sunday,True
292,u_010,Main Library,2026-08-09T17:50:00,2026-08-09T20:04:00,134,Sunday,True
424,u_101,Science Library,2026-08-09T17:54:00,2026-08-09T19:46:00,112,Sunday,True
366,u_053,Gymnasium,2026-08-09T17:55:00,2026-08-09T19:30:00,95,Sunday,True
347,u_042,Science Library,2026-08-09T17:57:00,2026-08-09T19:25:00,88,Sunday,True
397,u_073,Main Library,2026-08-09T17:58:00,2026-08-09T21:18:00,200,Sunday,True
286,u_004,Gymnasium,2026-08-09T18:00:00,2026-08-09T19:32:00,92,Sunday,True
501,u_148,Main Library,2026-08-09T18:01:00,2026-08-09T21:06:00,185,Sunday,True
307,u_021,Main Library,2026-08-09T18:02:00,2026-08-09T18:53:00,51,Sunday,True
341,u_040,Indoor Sports Complex,2026-08-09T18:02:00,2026-08-09T19:11:00,69,Sunday,True
423,u_100,Science Library,2026-08-09T18:02:00,2026-08-09T19:23:00,81,Sunday,True
456,u_121,Science Library,2026-08-09T18:02:00,2026-08-09T19:34:00,92,Sunday,True
466,u_126,Indoor Sports Complex,2026-08-09T18:03:00,2026-08-09T18:38:00,35,Sunday,True
318,u_027,Science Library,2026-08-09T18:09:00,2026-08-09T19:38:00,89,Sunday,True
326,u_031,Science Library,2026-08-09T18:13:00,2026-08-09T21:20:00,187,Sunday,True
451,u_118,Indoor Sports Complex,2026-08-09T18:17:00,2026-08-09T19:01:00,44,Sunday,True
327,u_032,Indoor Sports Complex,2026-08-09T18:18:00,2026-08-09T19:19:00,61,Sunday,True
372,u_058,Food Court,2026-08-09T18:45:00,2026-08-09T19:44:00,59,Sunday,True
570,u_188,Indoor Sports Complex,2026-08-09T18:45:00,2026-08-09T19:35:00,50,Sunday,True
503,u_149,Gymnasium,2026-08-09T18:46:00,2026-08-09T19:25:00,39,Sunday,True
573,u_191,Food Court,2026-08-09T18:46:00,2026-08-09T19:36:00,50,Sunday,True
325,u_030,Science Library,2026-08-09T18:47:00,2026-08-09T20:07:00,80,Sunday,True
367,u_054,Food Court,2026-08-09T18:47:00,2026-08-09T19:47:00,60,Sunday,True
560,u_181,Food Court,2026-08-09T18:48:00,2026-08-09T20:03:00,75,Sunday,True
544,u_170,Central Cafeteria,2026-08-09T18:49:00,2026-08-09T19:41:00,52,Sunday,True
352,u_045,Main Library,2026-08-09T18:50:00,2026-08-09T21:04:00,134,Sunday,True
426,u_102,Central Cafeteria,2026-08-09T18:50:00,2026-08-09T19:24:00,34,Sunday,True
470,u_128,Food Court,2026-08-09T18:50:00,2026-08-09T19:43:00,53,Sunday,True
282,u_001,Indoor Sports Complex,2026-08-09T18:51:00,2026-08-09T19:46:00,55,Sunday,True
311,u_023,Gymnasium,2026-08-09T18:52:00,2026-08-09T20:37:00,105,Sunday,True
317,u_026,Science Library,2026-08-09T18:52:00,2026-08-09T20:38:00,106,Sunday,True
345,u_042,Indoor Sports Complex,2026-08-09T18:52:00,2026-08-09T19:46:00,54,Sunday,True
488,u_137,Central Cafeteria,2026-08-09T18:52:00,2026-08-09T19:44:00,52,Sunday,True
398,u_073,Central Cafeteria,2026-08-09T18:53:00,2026-08-09T19:58:00,65,Sunday,True
420,u_098,Central Cafeteria,2026-08-09T18:53:00,2026-08-09T19:26:00,33,Sunday,True
435,u_108,Central Cafeteria,2026-08-09T18:53:00,2026-08-09T19:29:00,36,Sunday,True
477,u_131,Main Library,2026-08-09T18:54:00,2026-08-09T22:01:00,187,Sunday,True
558,u_179,Food Court,2026-08-09T18:54:00,2026-08-09T19:55:00,61,Sunday,True
467,u_126,Science Library,2026-08-09T18:55:00,2026-08-09T22:00:00,185,Sunday,True
421,u_098,Science Library,2026-08-09T18:56:00,2026-08-09T19:49:00,53,Sunday,True
457,u_122,Central Cafeteria,2026-08-09T18:56:00,2026-08-09T20:02:00,66,Sunday,True
541,u_169,Main Library,2026-08-09T18:56:00,2026-08-09T20:57:00,121,Sunday,True
556,u_177,Science Library,2026-08-09T18:56:00,2026-08-09T20:16:00,80,Sunday,True
444,u_112,Central Cafeteria,2026-08-09T18:57:00,2026-08-09T19:47:00,50,Sunday,True
473,u_129,Science Library,2026-08-09T18:57:00,2026-08-09T20:05:00,68,Sunday,True
497,u_147,Gymnasium,2026-08-09T18:57:00,2026-08-09T19:59:00,62,Sunday,True
370,u_057,Gymnasium,2026-08-09T18:58:00,2026-08-09T20:05:00,67,Sunday,True
382,u_064,Central Cafeteria,2026-08-09T18:58:00,2026-08-09T19:52:00,54,Sunday,True
478,u_133,Central Cafeteria,2026-08-09T18:58:00,2026-08-09T19:59:00,61,Sunday,True
557,u_178,Food Court,2026-08-09T18:58:00,2026-08-09T19:36:00,38,Sunday,True
361,u_050,Central Cafeteria,2026-08-09T18:59:00,2026-08-09T20:16:00,77,Sunday,True
315,u_025,Gymnasium,2026-08-09T19:00:00,2026-08-09T20:36:00,96,Sunday,True
358,u_049,Central Cafeteria,2026-08-09T19:00:00,2026-08-09T19:43:00,43,Sunday,True
336,u_037,Gymnasium,2026-08-09T19:01:00,2026-08-09T20:31:00,90,Sunday,True
357,u_048,Science Library,2026-08-09T19:02:00,2026-08-09T21:08:00,126,Sunday,True
572,u_190,Science Library,2026-08-09T19:02:00,2026-08-09T22:05:00,183,Sunday,True
283,u_002,Gymnasium,2026-08-09T19:03:00,2026-08-09T20:37:00,94,Sunday,True
489,u_137,Science Library,2026-08-09T19:03:00,2026-08-09T20:53:00,110,Sunday,True
576,u_192,Food Court,2026-08-09T19:04:00,2026-08-09T20:14:00,70,Sunday,True
305,u_019,Science Library,2026-08-09T19:05:00,2026-08-09T22:07:00,182,Sunday,True
330,u_034,Science Library,2026-08-09T19:06:00,2026-08-09T20:51:00,105,Sunday,True
331,u_035,Science Library,2026-08-09T19:06:00,2026-08-09T22:22:00,196,Sunday,True
359,u_049,Science Library,2026-08-09T19:06:00,2026-08-09T21:21:00,135,Sunday,True
313,u_023,Central Cafeteria,2026-08-09T19:08:00,2026-08-09T20:07:00,59,Sunday,True
538,u_167,Food Court,2026-08-09T19:08:00,2026-08-09T19:58:00,50,Sunday,True
587,u_199,Gymnasium,2026-08-09T19:09:00,2026-08-09T20:58:00,109,Sunday,True
306,u_020,Central Cafeteria,2026-08-09T19:10:00,2026-08-09T19:55:00,45,Sunday,True
337,u_038,Gymnasium,2026-08-09T19:10:00,2026-08-09T20:18:00,68,Sunday,True
339,u_038,Food Court,2026-08-09T19:10:00,2026-08-09T20:23:00,73,Sunday,True
461,u_124,Central Cafeteria,2026-08-09T19:10:00,2026-08-09T19:57:00,47,Sunday,True
527,u_161,Gymnasium,2026-08-09T19:12:00,2026-08-09T19:56:00,44,Sunday,True
385,u_065,Main Library,2026-08-09T19:15:00,2026-08-09T20:27:00,72,Sunday,True
569,u_187,Science Library,2026-08-09T19:46:00,2026-08-09T21:07:00,81,Sunday,True
565,u_184,WiFi Zone North,2026-08-09T19:47:00,2026-08-09T21:20:00,93,Sunday,False
472,u_129,Indoor Sports Complex,2026-08-09T19:49:00,2026-08-09T20:51:00,62,Sunday,True
455,u_121,Main Library,2026-08-09T19:51:00,2026-08-09T22:57:00,186,Sunday,True
582,u_196,Gymnasium,2026-08-09T19:58:00,2026-08-09T20:41:00,43,Sunday,True
528,u_161,Main Library,2026-08-09T20:00:00,2026-08-09T21:16:00,76,Sunday,True
430,u_105,Main Library,2026-08-09T20:05:00,2026-08-09T21:09:00,64,Sunday,True
521,u_157,Science Library,2026-08-09T20:05:00,2026-08-09T21:33:00,88,Sunday,True
415,u_092,Gymnasium,2026-08-09T20:06:00,2026-08-09T21:10:00,64,Sunday,True
433,u_107,Indoor Sports Complex,2026-08-09T20:08:00,2026-08-09T21:17:00,69,Sunday,True
491,u_138,Indoor Sports Complex,2026-08-09T20:10:00,2026-08-09T21:14:00,64,Sunday,True
400,u_077,Main Library,2026-08-09T20:39:00,2026-08-09T23:54:00,195,Sunday,True
494,u_142,Science Library,2026-08-09T20:44:00,2026-08-09T22:33:00,109,Sunday,True
575,u_191,Science Library,2026-08-09T20:47:00,2026-08-09T23:00:00,133,Sunday,True
362,u_051,Main Library,2026-08-09T20:59:00,2026-08-10T00:18:00,199,Sunday,True
354,u_046,Main Library,2026-08-09T21:00:00,2026-08-09T22:00:00,60,Sunday,True
288,u_005,Main Library,2026-08-09T21:03:00,2026-08-09T22:53:00,110,Sunday,True
551,u_174,Science Library,2026-08-09T21:07:00,2026-08-09T22:01:00,54,Sunday,True
465,u_125,Main Library,2026-08-09T21:10:00,2026-08-09T22:06:00,56,Sunday,True
411,u_087,Science Library,2026-08-09T21:12:00,2026-08-09T23:24:00,132,Sunday,True
447,u_114,Science Library,2026-08-09T21:12:00,2026-08-09T22:26:00,74,Sunday,True
534,u_164,Main Library,2026-08-09T21:14:00,2026-08-10T00:24:00,190,Sunday,True
439,u_109,Main Library,2026-08-09T21:28:00,2026-08-09T22:57:00,89,Sunday,True
649,u_046,Gymnasium,2026-08-10T05:35:00,2026-08-10T06:43:00,68,Monday,True
765,u_143,Gymnasium,2026-08-10T05:46:00,2026-08-10T07:10:00,84,Monday,True
803,u_166,Gymnasium,2026-08-10T05:49:00,2026-08-10T06:40:00,51,Monday,True
748,u_130,Indoor Sports Complex,2026-08-10T05:52:00,2026-08-10T07:37:00,105,Monday,True
642,u_041,Indoor Sports Complex,2026-08-10T05:55:00,2026-08-10T07:11:00,76,Monday,True
677,u_072,Gymnasium,2026-08-10T06:03:00,2026-08-10T07:44:00,101,Monday,True
754,u_134,Gymnasium,2026-08-10T06:04:00,2026-08-10T07:19:00,75,Monday,True
668,u_063,Gymnasium,2026-08-10T06:07:00,2026-08-10T06:42:00,35,Monday,True
632,u_032,Gymnasium,2026-08-10T06:09:00,2026-08-10T07:40:00,91,Monday,True
699,u_089,Indoor Sports Complex,2026-08-10T06:09:00,2026-08-10T07:52:00,103,Monday,True
757,u_136,Indoor Sports Complex,2026-08-10T06:10:00,2026-08-10T06:53:00,43,Monday,True
596,u_003,Indoor Sports Complex,2026-08-10T06:12:00,2026-08-10T07:08:00,56,Monday,True
731,u_119,Gymnasium,2026-08-10T06:18:00,2026-08-10T06:56:00,38,Monday,True
840,u_194,Gymnasium,2026-08-10T06:52:00,2026-08-10T07:55:00,63,Monday,True
652,u_048,Indoor Sports Complex,2026-08-10T06:57:00,2026-08-10T08:00:00,63,Monday,True
700,u_089,Gymnasium,2026-08-10T06:58:00,2026-08-10T07:53:00,55,Monday,True
842,u_195,Indoor Sports Complex,2026-08-10T07:00:00,2026-08-10T08:48:00,108,Monday,True
610,u_014,Gymnasium,2026-08-10T07:07:00,2026-08-10T08:12:00,65,Monday,True
676,u_071,Indoor Sports Complex,2026-08-10T07:08:00,2026-08-10T07:44:00,36,Monday,True
719,u_109,Gymnasium,2026-08-10T07:14:00,2026-08-10T08:09:00,55,Monday,True
687,u_080,Gymnasium,2026-08-10T07:19:00,2026-08-10T08:17:00,58,Monday,True
666,u_060,Gymnasium,2026-08-10T07:49:00,2026-08-10T08:38:00,49,Monday,True
612,u_017,Gymnasium,2026-08-10T07:51:00,2026-08-10T09:09:00,78,Monday,True
729,u_119,Indoor Sports Complex,2026-08-10T07:52:00,2026-08-10T09:30:00,98,Monday,True
743,u_126,Gymnasium,2026-08-10T07:58:00,2026-08-10T08:41:00,43,Monday,True
675,u_070,Indoor Sports Complex,2026-08-10T08:01:00,2026-08-10T09:40:00,99,Monday,True
790,u_160,Gymnasium,2026-08-10T08:01:00,2026-08-10T09:49:00,108,Monday,True
725,u_111,Gymnasium,2026-08-10T08:05:00,2026-08-10T09:06:00,61,Monday,True
828,u_184,Gymnasium,2026-08-10T08:13:00,2026-08-10T09:53:00,100,Monday,True
671,u_067,Central Cafeteria,2026-08-10T08:15:00,2026-08-10T09:22:00,67,Monday,True
694,u_084,Food Court,2026-08-10T08:16:00,2026-08-10T08:53:00,37,Monday,True
829,u_185,Central Cafeteria,2026-08-10T08:16:00,2026-08-10T08:42:00,26,Monday,True
608,u_014,Central Cafeteria,2026-08-10T08:18:00,2026-08-10T08:56:00,38,Monday,True
618,u_021,Food Court,2026-08-10T08:19:00,2026-08-10T09:19:00,60,Monday,True
710,u_100,Central Cafeteria,2026-08-10T08:19:00,2026-08-10T09:37:00,78,Monday,True
714,u_104,Food Court,2026-08-10T08:20:00,2026-08-10T09:06:00,46,Monday,True
709,u_099,Food Court,2026-08-10T08:27:00,2026-08-10T09:18:00,51,Monday,True
628,u_028,Food Court,2026-08-10T08:28:00,2026-08-10T09:37:00,69,Monday,True
746,u_127,Food Court,2026-08-10T08:28:00,2026-08-10T08:57:00,29,Monday,True
688,u_080,Central Cafeteria,2026-08-10T08:30:00,2026-08-10T08:55:00,25,Monday,True
616,u_020,Food Court,2026-08-10T08:35:00,2026-08-10T09:54:00,79,Monday,True
726,u_113,Food Court,2026-08-10T08:36:00,2026-08-10T09:34:00,58,Monday,True
844,u_196,Central Cafeteria,2026-08-10T08:37:00,2026-08-10T09:12:00,35,Monday,True
607,u_013,Central Cafeteria,2026-08-10T08:40:00,2026-08-10T09:21:00,41,Monday,True
650,u_046,Central Cafeteria,2026-08-10T08:42:00,2026-08-10T09:46:00,64,Monday,True
662,u_056,Central Cafeteria,2026-08-10T08:43:00,2026-08-10T09:19:00,36,Monday,True
846,u_198,Central Cafeteria,2026-08-10T08:44:00,2026-08-10T09:53:00,69,Monday,True
763,u_138,Central Cafeteria,2026-08-10T08:49:00,2026-08-10T09:16:00,27,Monday,True
827,u_182,Central Cafeteria,2026-08-10T08:50:00,2026-08-10T10:05:00,75,Monday,True
605,u_012,Computer Lab B,2026-08-10T08:51:00,2026-08-10T09:44:00,53,Monday,True
783,u_155,Computer Lab B,2026-08-10T08:57:00,2026-08-10T09:56:00,59,Monday,True
692,u_084,Computer Lab A,2026-08-10T08:58:00,2026-08-10T09:50:00,52,Monday,True
678,u_073,Computer Lab A,2026-08-10T08:59:00,2026-08-10T10:14:00,75,Monday,True
756,u_135,Computer Lab A,2026-08-10T09:00:00,2026-08-10T09:58:00,58,Monday,True
820,u_177,Main Library,2026-08-10T09:00:00,2026-08-10T09:54:00,54,Monday,False
681,u_074,Computer Lab B,2026-08-10T09:01:00,2026-08-10T10:35:00,94,Monday,True
717,u_106,Computer Lab A,2026-08-10T09:02:00,2026-08-10T09:40:00,38,Monday,True
741,u_125,Computer Lab B,2026-08-10T09:02:00,2026-08-10T10:12:00,70,Monday,True
734,u_120,Computer Lab A,2026-08-10T09:05:00,2026-08-10T10:10:00,65,Monday,True
751,u_133,WiFi Zone South,2026-08-10T09:10:00,2026-08-10T11:02:00,112,Monday,False
620,u_021,Student Center,2026-08-10T09:34:00,2026-08-10T10:13:00,39,Monday,True
595,u_002,Computer Lab B,2026-08-10T09:36:00,2026-08-10T11:09:00,93,Monday,True
609,u_014,Student Center,2026-08-10T09:43:00,2026-08-10T10:55:00,72,Monday,True
777,u_151,Computer Lab A,2026-08-10T09:51:00,2026-08-10T10:35:00,44,Monday,True
810,u_169,Student Center,2026-08-10T09:52:00,2026-08-10T11:12:00,80,Monday,True
647,u_046,Computer Lab B,2026-08-10T09:58:00,2026-08-10T11:28:00,90,Monday,True
637,u_035,Student Center,2026-08-10T10:00:00,2026-08-10T10:37:00,37,Monday,True
832,u_187,Computer Lab A,2026-08-10T10:00:00,2026-08-10T11:03:00,63,Monday,True
833,u_188,Computer Lab B,2026-08-10T10:00:00,2026-08-10T11:46:00,106,Monday,True
604,u_011,Computer Lab A,2026-08-10T10:03:00,2026-08-10T11:52:00,109,Monday,True
836,u_193,Student Center,2026-08-10T10:03:00,2026-08-10T11:05:00,62,Monday,True
682,u_076,Student Center,2026-08-10T10:08:00,2026-08-10T11:05:00,57,Monday,True
758,u_136,Computer Lab A,2026-08-10T10:15:00,2026-08-10T11:13:00,58,Monday,True
798,u_164,Student Center,2026-08-10T10:49:00,2026-08-10T12:35:00,106,Monday,True
822,u_177,Computer Lab B,2026-08-10T10:55:00,2026-08-10T11:54:00,59,Monday,True
759,u_136,Computer Lab B,2026-08-10T10:56:00,2026-08-10T12:35:00,99,Monday,True
651,u_047,Student Center,2026-08-10T10:57:00,2026-08-10T11:40:00,43,Monday,True
784,u_155,Computer Lab A,2026-08-10T10:57:00,2026-08-10T12:27:00,90,Monday,True
598,u_006,Computer Lab B,2026-08-10T11:00:00,2026-08-10T11:44:00,44,Monday,True
639,u_038,Computer Lab A,2026-08-10T11:00:00,2026-08-10T11:42:00,42,Monday,True
606,u_012,Student Center,2026-08-10T11:07:00,2026-08-10T12:08:00,61,Monday,True
819,u_176,Computer Lab A,2026-08-10T11:07:00,2026-08-10T12:27:00,80,Monday,True
745,u_127,Computer Lab B,2026-08-10T11:09:00,2026-08-10T12:15:00,66,Monday,True
753,u_134,Student Center,2026-08-10T11:10:00,2026-08-10T11:52:00,42,Monday,True
736,u_122,Student Center,2026-08-10T11:19:00,2026-08-10T12:38:00,79,Monday,True
728,u_117,Student Center,2026-08-10T11:51:00,2026-08-10T13:24:00,93,Monday,True
804,u_167,Main Library,2026-08-10T11:56:00,2026-08-10T13:08:00,72,Monday,False
708,u_097,Computer Lab A,2026-08-10T12:00:00,2026-08-10T13:47:00,107,Monday,True
770,u_148,Student Center,2026-08-10T12:00:00,2026-08-10T13:45:00,105,Monday,True
705,u_094,Computer Lab B,2026-08-10T12:03:00,2026-08-10T12:55:00,52,Monday,True
672,u_068,Computer Lab B,2026-08-10T12:04:00,2026-08-10T13:24:00,80,Monday,True
631,u_032,Computer Lab B,2026-08-10T12:12:00,2026-08-10T12:52:00,40,Monday,True
660,u_055,Central Cafeteria,2026-08-10T12:13:00,2026-08-10T13:08:00,55,Monday,True
837,u_193,Food Court,2026-08-10T12:13:00,2026-08-10T13:17:00,64,Monday,True
626,u_026,Food Court,2026-08-10T12:14:00,2026-08-10T12:42:00,28,Monday,True
802,u_166,Student Center,2026-08-10T12:14:00,2026-08-10T13:29:00,75,Monday,True
812,u_171,Food Court,2026-08-10T12:18:00,2026-08-10T13:06:00,48,Monday,True
629,u_028,Computer Lab A,2026-08-10T12:19:00,2026-08-10T13:35:00,76,Monday,True
680,u_074,Food Court,2026-08-10T12:20:00,2026-08-10T13:07:00,47,Monday,True
715,u_105,Food Court,2026-08-10T12:25:00,2026-08-10T13:04:00,39,Monday,True
780,u_152,Food Court,2026-08-10T12:26:00,2026-08-10T13:22:00,56,Monday,True
701,u_090,Central Cafeteria,2026-08-10T12:27:00,2026-08-10T13:15:00,48,Monday,True
834,u_190,Central Cafeteria,2026-08-10T12:27:00,2026-08-10T13:13:00,46,Monday,True
665,u_059,Central Cafeteria,2026-08-10T12:30:00,2026-08-10T13:02:00,32,Monday,True
776,u_151,Central Cafeteria,2026-08-10T12:30:00,2026-08-10T13:15:00,45,Monday,True
831,u_187,Central Cafeteria,2026-08-10T12:31:00,2026-08-10T13:43:00,72,Monday,True
730,u_119,Central Cafeteria,2026-08-10T12:32:00,2026-08-10T13:52:00,80,Monday,True
764,u_142,Central Cafeteria,2026-08-10T12:32:00,2026-08-10T13:17:00,45,Monday,True
806,u_168,Central Cafeteria,2026-08-10T12:35:00,2026-08-10T13:54:00,79,Monday,True
718,u_108,Food Court,2026-08-10T12:37:00,2026-08-10T13:32:00,55,Monday,True
711,u_101,Central Cafeteria,2026-08-10T12:43:00,2026-08-10T14:02:00,79,Monday,True
821,u_177,Food Court,2026-08-10T12:44:00,2026-08-10T13:32:00,48,Monday,True
801,u_165,Computer Lab B,2026-08-10T12:45:00,2026-08-10T13:49:00,64,Monday,True
623,u_025,Food Court,2026-08-10T12:47:00,2026-08-10T14:03:00,76,Monday,True
774,u_150,Student Center,2026-08-10T12:47:00,2026-08-10T13:47:00,60,Monday,True
825,u_180,Food Court,2026-08-10T12:47:00,2026-08-10T13:50:00,63,Monday,True
633,u_033,Computer Lab B,2026-08-10T12:49:00,2026-08-10T14:25:00,96,Monday,True
808,u_169,Computer Lab A,2026-08-10T12:53:00,2026-08-10T14:07:00,74,Monday,True
691,u_081,Computer Lab A,2026-08-10T12:54:00,2026-08-10T14:22:00,88,Monday,True
779,u_152,Computer Lab A,2026-08-10T12:54:00,2026-08-10T13:34:00,40,Monday,True
685,u_079,Computer Lab A,2026-08-10T12:57:00,2026-08-10T13:45:00,48,Monday,True
794,u_162,Student Center,2026-08-10T13:00:00,2026-08-10T14:30:00,90,Monday,True
838,u_193,Computer Lab B,2026-08-10T13:06:00,2026-08-10T13:48:00,42,Monday,True
716,u_106,Computer Lab B,2026-08-10T13:09:00,2026-08-10T14:00:00,51,Monday,True
818,u_176,Computer Lab B,2026-08-10T13:14:00,2026-08-10T14:36:00,82,Monday,True
847,u_198,Student Center,2026-08-10T13:16:00,2026-08-10T14:08:00,52,Monday,True
845,u_198,Main Library,2026-08-10T13:23:00,2026-08-10T13:54:00,31,Monday,False
724,u_110,Computer Lab A,2026-08-10T13:45:00,2026-08-10T15:01:00,76,Monday,True
670,u_065,Student Center,2026-08-10T13:49:00,2026-08-10T14:24:00,35,Monday,True
814,u_174,Student Center,2026-08-10T13:49:00,2026-08-10T15:04:00,75,Monday,False
602,u_009,Student Center,2026-08-10T13:58:00,2026-08-10T15:34:00,96,Monday,True
641,u_040,Computer Lab A,2026-08-10T13:59:00,2026-08-10T15:41:00,102,Monday,True
739,u_123,Student Center,2026-08-10T14:01:00,2026-08-10T15:47:00,106,Monday,True
667,u_061,Computer Lab A,2026-08-10T14:05:00,2026-08-10T14:42:00,37,Monday,True
594,u_001,Student Center,2026-08-10T14:10:00,2026-08-10T15:32:00,82,Monday,True
747,u_128,Computer Lab A,2026-08-10T14:12:00,2026-08-10T15:30:00,78,Monday,True
835,u_192,Computer Lab A,2026-08-10T14:15:00,2026-08-10T15:26:00,71,Monday,True
797,u_163,Student Center,2026-08-10T14:49:00,2026-08-10T15:47:00,58,Monday,True
697,u_087,Student Center,2026-08-10T14:52:00,2026-08-10T15:45:00,53,Monday,True
839,u_193,Computer Lab A,2026-08-10T14:55:00,2026-08-10T15:34:00,39,Monday,True
723,u_110,Student Center,2026-08-10T14:56:00,2026-08-10T15:51:00,55,Monday,True
601,u_008,Computer Lab A,2026-08-10T14:58:00,2026-08-10T15:39:00,41,Monday,True
841,u_195,Student Center,2026-08-10T15:01:00,2026-08-10T16:23:00,82,Monday,True
592,u_001,Computer Lab B,2026-08-10T15:02:00,2026-08-10T16:42:00,100,Monday,True
789,u_159,Student Center,2026-08-10T15:04:00,2026-08-10T16:22:00,78,Monday,True
669,u_063,Computer Lab A,2026-08-10T15:16:00,2026-08-10T16:52:00,96,Monday,True
767,u_145,Main Library,2026-08-10T15:31:00,2026-08-10T16:21:00,50,Monday,True
796,u_163,Main Library,2026-08-10T15:38:00,2026-08-10T16:39:00,61,Monday,True
769,u_147,Student Center,2026-08-10T15:45:00,2026-08-10T17:09:00,84,Monday,True
817,u_175,Computer Lab B,2026-08-10T15:47:00,2026-08-10T16:44:00,57,Monday,True
849,u_200,Science Library,2026-08-10T15:49:00,2026-08-10T17:26:00,97,Monday,True
614,u_018,Main Library,2026-08-10T15:50:00,2026-08-10T18:07:00,137,Monday,True
657,u_052,Main Library,2026-08-10T15:51:00,2026-08-10T16:57:00,66,Monday,True
768,u_147,Main Library,2026-08-10T15:53:00,2026-08-10T18:08:00,135,Monday,True
674,u_070,Main Library,2026-08-10T15:54:00,2026-08-10T16:55:00,61,Monday,True
787,u_157,Student Center,2026-08-10T15:54:00,2026-08-10T17:32:00,98,Monday,True
702,u_091,Computer Lab B,2026-08-10T15:55:00,2026-08-10T16:33:00,38,Monday,True
599,u_007,Computer Lab A,2026-08-10T15:56:00,2026-08-10T17:22:00,86,Monday,True
733,u_120,Student Center,2026-08-10T15:56:00,2026-08-10T17:24:00,88,Monday,True
698,u_087,Computer Lab A,2026-08-10T15:57:00,2026-08-10T16:55:00,58,Monday,True
693,u_084,Science Library,2026-08-10T16:00:00,2026-08-10T17:14:00,74,Monday,True
613,u_017,Main Library,2026-08-10T16:01:00,2026-08-10T18:51:00,170,Monday,True
744,u_126,Computer Lab B,2026-08-10T16:03:00,2026-08-10T17:08:00,65,Monday,True
811,u_170,Computer Lab A,2026-08-10T16:05:00,2026-08-10T17:07:00,62,Monday,True
761,u_137,Student Center,2026-08-10T16:10:00,2026-08-10T16:59:00,49,Monday,True
785,u_156,Food Court,2026-08-10T16:19:00,2026-08-10T16:39:00,20,Monday,False
843,u_196,Science Library,2026-08-10T16:20:00,2026-08-10T18:29:00,129,Monday,True
722,u_110,Computer Lab A,2026-08-10T16:31:00,2026-08-10T16:48:00,17,Monday,False
646,u_044,Central Cafeteria,2026-08-10T16:43:00,2026-08-10T18:06:00,83,Monday,False
813,u_173,Gymnasium,2026-08-10T16:50:00,2026-08-10T18:17:00,87,Monday,True
775,u_151,Main Library,2026-08-10T16:51:00,2026-08-10T17:43:00,52,Monday,True
749,u_131,Science Library,2026-08-10T16:55:00,2026-08-10T18:14:00,79,Monday,True
773,u_150,Science Library,2026-08-10T16:59:00,2026-08-10T18:47:00,108,Monday,True
793,u_162,Indoor Sports Complex,2026-08-10T17:00:00,2026-08-10T18:03:00,63,Monday,True
816,u_174,Gymnasium,2026-08-10T17:00:00,2026-08-10T18:18:00,78,Monday,True
659,u_054,Main Library,2026-08-10T17:02:00,2026-08-10T18:11:00,69,Monday,True
799,u_164,Indoor Sports Complex,2026-08-10T17:04:00,2026-08-10T18:47:00,103,Monday,True
760,u_137,Main Library,2026-08-10T17:08:00,2026-08-10T19:27:00,139,Monday,True
781,u_153,Gymnasium,2026-08-10T17:14:00,2026-08-10T18:41:00,87,Monday,True
732,u_120,Indoor Sports Complex,2026-08-10T17:42:00,2026-08-10T18:35:00,53,Monday,True
703,u_093,Main Library,2026-08-10T17:48:00,2026-08-10T19:06:00,78,Monday,False
742,u_125,Indoor Sports Complex,2026-08-10T17:57:00,2026-08-10T18:48:00,51,Monday,True
740,u_123,Main Library,2026-08-10T17:58:00,2026-08-10T19:29:00,91,Monday,True
704,u_094,Science Library,2026-08-10T17:59:00,2026-08-10T20:59:00,180,Monday,True
684,u_078,Science Library,2026-08-10T18:00:00,2026-08-10T19:30:00,90,Monday,True
627,u_027,Science Library,2026-08-10T18:03:00,2026-08-10T19:51:00,108,Monday,True
679,u_073,Main Library,2026-08-10T18:03:00,2026-08-10T21:11:00,188,Monday,True
771,u_148,Main Library,2026-08-10T18:03:00,2026-08-10T21:20:00,197,Monday,True
795,u_163,Indoor Sports Complex,2026-08-10T18:05:00,2026-08-10T19:42:00,97,Monday,True
603,u_010,Main Library,2026-08-10T18:06:00,2026-08-10T20:25:00,139,Monday,True
630,u_031,Science Library,2026-08-10T18:06:00,2026-08-10T21:02:00,176,Monday,True
656,u_051,Indoor Sports Complex,2026-08-10T18:06:00,2026-08-10T19:23:00,77,Monday,True
720,u_109,Science Library,2026-08-10T18:10:00,2026-08-10T21:07:00,177,Monday,True
619,u_021,Main Library,2026-08-10T18:13:00,2026-08-10T19:25:00,72,Monday,True
689,u_081,WiFi Zone North,2026-08-10T18:45:00,2026-08-10T19:52:00,67,Monday,False
815,u_174,Indoor Sports Complex,2026-08-10T18:46:00,2026-08-10T20:31:00,105,Monday,True
644,u_042,Indoor Sports Complex,2026-08-10T18:51:00,2026-08-10T19:48:00,57,Monday,True
661,u_055,Gymnasium,2026-08-10T18:52:00,2026-08-10T19:45:00,53,Monday,True
823,u_177,Science Library,2026-08-10T18:52:00,2026-08-10T19:59:00,67,Monday,True
824,u_178,Food Court,2026-08-10T18:53:00,2026-08-10T19:41:00,48,Monday,True
622,u_023,Gymnasium,2026-08-10T18:54:00,2026-08-10T20:31:00,97,Monday,True
712,u_102,Central Cafeteria,2026-08-10T18:54:00,2026-08-10T19:14:00,20,Monday,True
636,u_035,Science Library,2026-08-10T18:55:00,2026-08-10T21:46:00,171,Monday,True
750,u_131,Main Library,2026-08-10T18:55:00,2026-08-10T22:05:00,190,Monday,True
617,u_020,Central Cafeteria,2026-08-10T18:58:00,2026-08-10T19:47:00,49,Monday,True
625,u_026,Central Cafeteria,2026-08-10T18:58:00,2026-08-10T19:46:00,48,Monday,True
655,u_049,Science Library,2026-08-10T18:58:00,2026-08-10T21:04:00,126,Monday,True
752,u_133,Central Cafeteria,2026-08-10T18:58:00,2026-08-10T19:50:00,52,Monday,True
593,u_001,Indoor Sports Complex,2026-08-10T18:59:00,2026-08-10T19:58:00,59,Monday,True
600,u_007,Gymnasium,2026-08-10T18:59:00,2026-08-10T19:44:00,45,Monday,True
673,u_069,Main Library,2026-08-10T18:59:00,2026-08-10T21:18:00,139,Monday,True
809,u_169,Main Library,2026-08-10T18:59:00,2026-08-10T21:02:00,123,Monday,True
597,u_004,Central Cafeteria,2026-08-10T19:00:00,2026-08-10T19:59:00,59,Monday,True
624,u_026,Science Library,2026-08-10T19:00:00,2026-08-10T20:47:00,107,Monday,True
634,u_034,Science Library,2026-08-10T19:00:00,2026-08-10T20:31:00,91,Monday,True
654,u_049,Central Cafeteria,2026-08-10T19:00:00,2026-08-10T19:35:00,35,Monday,True
664,u_059,Food Court,2026-08-10T19:00:00,2026-08-10T20:04:00,64,Monday,True
690,u_081,Main Library,2026-08-10T19:00:00,2026-08-10T20:44:00,104,Monday,True
848,u_199,Gymnasium,2026-08-10T19:00:00,2026-08-10T20:50:00,110,Monday,True
638,u_038,Gymnasium,2026-08-10T19:01:00,2026-08-10T19:58:00,57,Monday,True
663,u_057,Gymnasium,2026-08-10T19:01:00,2026-08-10T20:11:00,70,Monday,True
782,u_154,Food Court,2026-08-10T19:03:00,2026-08-10T19:56:00,53,Monday,True
826,u_181,Food Court,2026-08-10T19:03:00,2026-08-10T20:07:00,64,Monday,True
737,u_122,Central Cafeteria,2026-08-10T19:04:00,2026-08-10T20:18:00,74,Monday,True
643,u_041,Food Court,2026-08-10T19:05:00,2026-08-10T20:17:00,72,Monday,True
805,u_167,Food Court,2026-08-10T19:05:00,2026-08-10T20:06:00,61,Monday,True
621,u_022,Main Library,2026-08-10T19:07:00,2026-08-10T22:06:00,179,Monday,True
696,u_087,Central Cafeteria,2026-08-10T19:10:00,2026-08-10T19:31:00,21,Monday,True
807,u_168,Food Court,2026-08-10T19:10:00,2026-08-10T20:03:00,53,Monday,True
707,u_095,Science Library,2026-08-10T19:12:00,2026-08-10T20:52:00,100,Monday,True
786,u_157,Gymnasium,2026-08-10T19:23:00,2026-08-10T20:54:00,91,Monday,False
735,u_121,Main Library,2026-08-10T19:31:00,2026-08-10T22:47:00,196,Monday,True
792,u_162,Computer Lab A,2026-08-10T19:40:00,2026-08-10T20:09:00,29,Monday,False
738,u_122,Gymnasium,2026-08-10T19:45:00,2026-08-10T21:19:00,94,Monday,True
788,u_159,Science Library,2026-08-10T19:48:00,2026-08-10T21:51:00,123,Monday,True
791,u_161,Main Library,2026-08-10T19:50:00,2026-08-10T20:58:00,68,Monday,True
766,u_144,Main Library,2026-08-10T19:55:00,2026-08-10T21:33:00,98,Monday,True
695,u_086,Main Library,2026-08-10T19:57:00,2026-08-10T22:07:00,130,Monday,True
762,u_138,Indoor Sports Complex,2026-08-10T19:57:00,2026-08-10T20:41:00,44,Monday,True
653,u_048,Gymnasium,2026-08-10T20:00:00,2026-08-10T20:59:00,59,Monday,True
830,u_187,Science Library,2026-08-10T20:00:00,2026-08-10T21:31:00,91,Monday,True
686,u_079,Main Library,2026-08-10T20:05:00,2026-08-10T21:23:00,78,Monday,True
706,u_095,Indoor Sports Complex,2026-08-10T20:07:00,2026-08-10T20:43:00,36,Monday,True
640,u_040,Main Library,2026-08-10T20:09:00,2026-08-10T22:21:00,132,Monday,True
658,u_052,Gymnasium,2026-08-10T20:14:00,2026-08-10T21:30:00,76,Monday,True
635,u_034,Main Library,2026-08-10T20:15:00,2026-08-10T23:14:00,179,Monday,True
755,u_135,Gymnasium,2026-08-10T20:16:00,2026-08-10T20:38:00,22,Monday,False
683,u_077,Main Library,2026-08-10T20:44:00,2026-08-10T23:49:00,185,Monday,True
800,u_165,Main Library,2026-08-10T20:44:00,2026-08-10T22:33:00,109,Monday,False
648,u_046,Main Library,2026-08-10T20:47:00,2026-08-10T21:49:00,62,Monday,True
772,u_149,Science Library,2026-08-10T20:51:00,2026-08-10T23:10:00,139,Monday,True
778,u_152,Science Library,2026-08-10T20:52:00,2026-08-10T22:24:00,92,Monday,True
611,u_015,Science Library,2026-08-10T20:53:00,2026-08-10T23:03:00,130,Monday,True
721,u_109,Main Library,2026-08-10T20:56:00,2026-08-10T22:16:00,80,Monday,True
615,u_018,Science Library,2026-08-10T20:57:00,2026-08-10T23:56:00,179,Monday,True
727,u_114,Science Library,2026-08-10T20:58:00,2026-08-10T21:50:00,52,Monday,True
645,u_043,Main Library,2026-08-10T20:59:00,2026-08-10T23:07:00,128,Monday,True
713,u_103,Main Library,2026-08-10T21:10:00,2026-08-11T00:08:00,178,Monday,True
1119,u_194,Indoor Sports Complex,2026-08-11T05:49:00,2026-08-11T07:20:00,91,Tuesday,True
850,u_001,Gymnasium,2026-08-11T05:50:00,2026-08-11T06:50:00,60,Tuesday,True
911,u_046,Gymnasium,2026-08-11T05:54:00,2026-08-11T06:58:00,64,Tuesday,True
886,u_029,Gymnasium,2026-08-11T05:55:00,2026-08-11T07:09:00,74,Tuesday,True
1005,u_119,Gymnasium,2026-08-11T05:55:00,2026-08-11T06:42:00,47,Tuesday,True
1059,u_155,Indoor Sports Complex,2026-08-11T05:56:00,2026-08-11T06:56:00,60,Tuesday,True
1125,u_197,Indoor Sports Complex,2026-08-11T06:04:00,2026-08-11T07:14:00,70,Tuesday,True
869,u_018,Gymnasium,2026-08-11T06:05:00,2026-08-11T07:03:00,58,Tuesday,True
853,u_003,Indoor Sports Complex,2026-08-11T06:08:00,2026-08-11T07:04:00,56,Tuesday,True
1032,u_139,Gymnasium,2026-08-11T06:12:00,2026-08-11T07:51:00,99,Tuesday,True
984,u_102,Gymnasium,2026-08-11T06:44:00,2026-08-11T07:57:00,73,Tuesday,True
930,u_060,Indoor Sports Complex,2026-08-11T06:56:00,2026-08-11T07:46:00,50,Tuesday,True
1041,u_147,Indoor Sports Complex,2026-08-11T06:59:00,2026-08-11T07:43:00,44,Tuesday,True
917,u_049,Indoor Sports Complex,2026-08-11T07:01:00,2026-08-11T08:47:00,106,Tuesday,True
1061,u_156,Indoor Sports Complex,2026-08-11T07:03:00,2026-08-11T08:40:00,97,Tuesday,True
865,u_014,Gymnasium,2026-08-11T07:06:00,2026-08-11T08:09:00,63,Tuesday,True
994,u_109,Gymnasium,2026-08-11T07:06:00,2026-08-11T08:01:00,55,Tuesday,True
987,u_104,Indoor Sports Complex,2026-08-11T07:07:00,2026-08-11T08:06:00,59,Tuesday,True
1116,u_193,Indoor Sports Complex,2026-08-11T07:10:00,2026-08-11T08:16:00,66,Tuesday,True
960,u_087,Gymnasium,2026-08-11T07:20:00,2026-08-11T08:06:00,46,Tuesday,True
856,u_006,Gymnasium,2026-08-11T07:51:00,2026-08-11T09:06:00,75,Tuesday,True
1004,u_119,Indoor Sports Complex,2026-08-11T07:54:00,2026-08-11T09:39:00,105,Tuesday,True
956,u_083,Indoor Sports Complex,2026-08-11T07:56:00,2026-08-11T09:00:00,64,Tuesday,True
1128,u_198,Indoor Sports Complex,2026-08-11T07:57:00,2026-08-11T08:41:00,44,Tuesday,True
970,u_093,Gymnasium,2026-08-11T08:00:00,2026-08-11T09:48:00,108,Tuesday,True
1072,u_161,Indoor Sports Complex,2026-08-11T08:00:00,2026-08-11T09:17:00,77,Tuesday,True
1086,u_170,Indoor Sports Complex,2026-08-11T08:00:00,2026-08-11T09:04:00,64,Tuesday,True
969,u_093,Central Cafeteria,2026-08-11T08:07:00,2026-08-11T09:02:00,55,Tuesday,True
931,u_060,Gymnasium,2026-08-11T08:15:00,2026-08-11T08:57:00,42,Tuesday,True
942,u_067,Central Cafeteria,2026-08-11T08:17:00,2026-08-11T09:22:00,65,Tuesday,True
1109,u_190,Indoor Sports Complex,2026-08-11T08:17:00,2026-08-11T09:08:00,51,Tuesday,True
989,u_105,Gymnasium,2026-08-11T08:18:00,2026-08-11T09:31:00,73,Tuesday,True
1123,u_196,Central Cafeteria,2026-08-11T08:20:00,2026-08-11T09:13:00,53,Tuesday,True
954,u_082,Food Court,2026-08-11T08:22:00,2026-08-11T09:28:00,66,Tuesday,True
894,u_034,Central Cafeteria,2026-08-11T08:23:00,2026-08-11T08:47:00,24,Tuesday,True
1031,u_138,Central Cafeteria,2026-08-11T08:23:00,2026-08-11T08:51:00,28,Tuesday,True
1057,u_154,Central Cafeteria,2026-08-11T08:23:00,2026-08-11T09:24:00,61,Tuesday,True
945,u_070,Central Cafeteria,2026-08-11T08:24:00,2026-08-11T09:20:00,56,Tuesday,True
981,u_100,Central Cafeteria,2026-08-11T08:24:00,2026-08-11T09:20:00,56,Tuesday,True
980,u_098,Food Court,2026-08-11T08:29:00,2026-08-11T09:09:00,40,Tuesday,True
944,u_069,Food Court,2026-08-11T08:30:00,2026-08-11T09:03:00,33,Tuesday,True
1127,u_198,Central Cafeteria,2026-08-11T08:30:00,2026-08-11T09:25:00,55,Tuesday,True
1000,u_117,Food Court,2026-08-11T08:31:00,2026-08-11T09:24:00,53,Tuesday,True
927,u_056,Central Cafeteria,2026-08-11T08:32:00,2026-08-11T09:20:00,48,Tuesday,True
952,u_081,Central Cafeteria,2026-08-11T08:34:00,2026-08-11T09:32:00,58,Tuesday,True
1019,u_130,Food Court,2026-08-11T08:35:00,2026-08-11T09:46:00,71,Tuesday,True
1060,u_155,Central Cafeteria,2026-08-11T08:37:00,2026-08-11T09:27:00,50,Tuesday,True
884,u_028,Food Court,2026-08-11T08:38:00,2026-08-11T09:46:00,68,Tuesday,True
961,u_088,Central Cafeteria,2026-08-11T08:39:00,2026-08-11T09:09:00,30,Tuesday,True
903,u_039,Food Court,2026-08-11T08:42:00,2026-08-11T09:22:00,40,Tuesday,True
1097,u_183,Computer Lab A,2026-08-11T08:44:00,2026-08-11T10:20:00,96,Tuesday,True
1016,u_127,Food Court,2026-08-11T08:47:00,2026-08-11T09:22:00,35,Tuesday,True
1058,u_155,Student Center,2026-08-11T08:50:00,2026-08-11T10:32:00,102,Tuesday,True
943,u_069,Computer Lab A,2026-08-11T08:56:00,2026-08-11T09:49:00,53,Tuesday,True
1070,u_161,Computer Lab B,2026-08-11T09:00:00,2026-08-11T10:37:00,97,Tuesday,True
1065,u_158,Computer Lab B,2026-08-11T09:03:00,2026-08-11T10:13:00,70,Tuesday,False
1007,u_120,Computer Lab A,2026-08-11T09:07:00,2026-08-11T09:50:00,43,Tuesday,True
940,u_066,Computer Lab B,2026-08-11T09:46:00,2026-08-11T11:22:00,96,Tuesday,True
1053,u_151,Computer Lab A,2026-08-11T09:46:00,2026-08-11T10:38:00,52,Tuesday,True
949,u_076,Student Center,2026-08-11T09:49:00,2026-08-11T10:40:00,51,Tuesday,True
1083,u_170,Computer Lab B,2026-08-11T09:49:00,2026-08-11T10:34:00,45,Tuesday,False
910,u_046,Computer Lab B,2026-08-11T09:56:00,2026-08-11T11:32:00,96,Tuesday,True
1026,u_136,Computer Lab A,2026-08-11T09:56:00,2026-08-11T10:46:00,50,Tuesday,True
1076,u_163,Computer Lab B,2026-08-11T10:00:00,2026-08-11T11:32:00,92,Tuesday,True
995,u_113,Computer Lab B,2026-08-11T10:12:00,2026-08-11T11:22:00,70,Tuesday,True
882,u_027,Computer Lab A,2026-08-11T10:15:00,2026-08-11T12:00:00,105,Tuesday,True
1008,u_122,Student Center,2026-08-11T10:40:00,2026-08-11T11:40:00,60,Tuesday,True
885,u_029,Food Court,2026-08-11T10:41:00,2026-08-11T12:22:00,101,Tuesday,False
1091,u_173,Computer Lab A,2026-08-11T10:50:00,2026-08-11T11:54:00,64,Tuesday,True
1028,u_136,Computer Lab B,2026-08-11T10:56:00,2026-08-11T12:38:00,102,Tuesday,True
1068,u_160,Computer Lab B,2026-08-11T10:58:00,2026-08-11T11:13:00,15,Tuesday,False
1075,u_162,Computer Lab B,2026-08-11T10:58:00,2026-08-11T11:56:00,58,Tuesday,True
1078,u_164,Student Center,2026-08-11T11:02:00,2026-08-11T12:38:00,96,Tuesday,True
887,u_029,Computer Lab A,2026-08-11T11:03:00,2026-08-11T12:08:00,65,Tuesday,True
863,u_012,Student Center,2026-08-11T11:04:00,2026-08-11T12:24:00,80,Tuesday,True
1017,u_127,Student Center,2026-08-11T11:06:00,2026-08-11T12:34:00,88,Tuesday,True
889,u_032,Gymnasium,2026-08-11T11:09:00,2026-08-11T11:52:00,43,Tuesday,False
912,u_047,Student Center,2026-08-11T11:09:00,2026-08-11T11:59:00,50,Tuesday,True
1024,u_133,Student Center,2026-08-11T11:13:00,2026-08-11T12:40:00,87,Tuesday,True
922,u_054,Student Center,2026-08-11T11:18:00,2026-08-11T12:22:00,64,Tuesday,True
988,u_105,Science Library,2026-08-11T11:56:00,2026-08-11T12:29:00,33,Tuesday,False
1044,u_148,Student Center,2026-08-11T12:00:00,2026-08-11T13:26:00,86,Tuesday,True
1046,u_149,Student Center,2026-08-11T12:02:00,2026-08-11T13:37:00,95,Tuesday,True
867,u_017,Student Center,2026-08-11T12:05:00,2026-08-11T13:47:00,102,Tuesday,True
1073,u_162,Computer Lab A,2026-08-11T12:08:00,2026-08-11T13:00:00,52,Tuesday,True
1088,u_171,Computer Lab B,2026-08-11T12:09:00,2026-08-11T13:01:00,52,Tuesday,True
985,u_103,Student Center,2026-08-11T12:14:00,2026-08-11T14:00:00,106,Tuesday,True
1111,u_190,Student Center,2026-08-11T12:14:00,2026-08-11T13:47:00,93,Tuesday,True
1066,u_158,Central Cafeteria,2026-08-11T12:20:00,2026-08-11T12:49:00,29,Tuesday,True
1110,u_190,Central Cafeteria,2026-08-11T12:21:00,2026-08-11T12:48:00,27,Tuesday,True
1056,u_152,Food Court,2026-08-11T12:22:00,2026-08-11T13:14:00,52,Tuesday,True
1052,u_151,Central Cafeteria,2026-08-11T12:25:00,2026-08-11T13:00:00,35,Tuesday,True
1103,u_187,Computer Lab A,2026-08-11T12:26:00,2026-08-11T14:00:00,94,Tuesday,False
1079,u_165,Central Cafeteria,2026-08-11T12:29:00,2026-08-11T13:31:00,62,Tuesday,True
878,u_023,Computer Lab A,2026-08-11T12:30:00,2026-08-11T13:22:00,52,Tuesday,True
924,u_055,Central Cafeteria,2026-08-11T12:30:00,2026-08-11T13:28:00,58,Tuesday,True
1025,u_134,Food Court,2026-08-11T12:30:00,2026-08-11T13:21:00,51,Tuesday,True
1124,u_197,Central Cafeteria,2026-08-11T12:32:00,2026-08-11T13:27:00,55,Tuesday,True
1051,u_151,Food Court,2026-08-11T12:33:00,2026-08-11T12:59:00,26,Tuesday,True
1101,u_185,Food Court,2026-08-11T12:33:00,2026-08-11T13:50:00,77,Tuesday,True
1105,u_187,Central Cafeteria,2026-08-11T12:33:00,2026-08-11T13:38:00,65,Tuesday,True
1074,u_162,Central Cafeteria,2026-08-11T12:36:00,2026-08-11T13:24:00,48,Tuesday,True
1069,u_160,Student Center,2026-08-11T12:40:00,2026-08-11T14:14:00,94,Tuesday,True
1081,u_168,Central Cafeteria,2026-08-11T12:40:00,2026-08-11T13:46:00,66,Tuesday,True
1001,u_117,Central Cafeteria,2026-08-11T12:44:00,2026-08-11T13:53:00,69,Tuesday,True
891,u_033,Computer Lab B,2026-08-11T12:45:00,2026-08-11T14:14:00,89,Tuesday,True
1063,u_157,Central Cafeteria,2026-08-11T12:45:00,2026-08-11T13:27:00,42,Tuesday,True
1120,u_194,Student Center,2026-08-11T12:50:00,2026-08-11T13:47:00,57,Tuesday,True
1050,u_150,Student Center,2026-08-11T12:53:00,2026-08-11T13:47:00,54,Tuesday,True
1090,u_173,Student Center,2026-08-11T12:53:00,2026-08-11T14:17:00,84,Tuesday,True
1126,u_198,Computer Lab A,2026-08-11T12:53:00,2026-08-11T14:09:00,76,Tuesday,True
1038,u_144,Computer Lab B,2026-08-11T12:54:00,2026-08-11T13:58:00,64,Tuesday,True
946,u_072,Computer Lab B,2026-08-11T12:55:00,2026-08-11T14:43:00,108,Tuesday,True
996,u_114,Computer Lab A,2026-08-11T12:56:00,2026-08-11T13:48:00,52,Tuesday,True
1129,u_198,Student Center,2026-08-11T12:59:00,2026-08-11T13:55:00,56,Tuesday,True
1117,u_193,Computer Lab B,2026-08-11T13:00:00,2026-08-11T13:47:00,47,Tuesday,True
1089,u_171,Student Center,2026-08-11T13:01:00,2026-08-11T14:18:00,77,Tuesday,True
888,u_031,Student Center,2026-08-11T13:08:00,2026-08-11T14:39:00,91,Tuesday,True
992,u_106,Computer Lab B,2026-08-11T13:09:00,2026-08-11T13:55:00,46,Tuesday,True
990,u_106,Student Center,2026-08-11T13:16:00,2026-08-11T14:53:00,97,Tuesday,True
1055,u_152,Computer Lab A,2026-08-11T13:16:00,2026-08-11T14:21:00,65,Tuesday,True
859,u_009,Student Center,2026-08-11T13:54:00,2026-08-11T15:31:00,97,Tuesday,True
851,u_001,Student Center,2026-08-11T13:55:00,2026-08-11T15:21:00,86,Tuesday,True
950,u_076,Computer Lab A,2026-08-11T13:57:00,2026-08-11T14:46:00,49,Tuesday,True
998,u_116,Student Center,2026-08-11T13:57:00,2026-08-11T15:02:00,65,Tuesday,True
971,u_094,Gymnasium,2026-08-11T14:00:00,2026-08-11T15:21:00,81,Tuesday,False
975,u_097,Student Center,2026-08-11T14:00:00,2026-08-11T15:18:00,78,Tuesday,True
936,u_064,Student Center,2026-08-11T14:02:00,2026-08-11T15:21:00,79,Tuesday,True
1011,u_123,Student Center,2026-08-11T14:03:00,2026-08-11T15:28:00,85,Tuesday,True
870,u_019,Computer Lab B,2026-08-11T14:07:00,2026-08-11T15:04:00,57,Tuesday,True
1099,u_184,WiFi Zone North,2026-08-11T14:07:00,2026-08-11T14:32:00,25,Tuesday,False
968,u_093,Computer Lab B,2026-08-11T14:08:00,2026-08-11T15:28:00,80,Tuesday,True
864,u_013,Computer Lab B,2026-08-11T14:12:00,2026-08-11T15:06:00,54,Tuesday,True
1106,u_187,Computer Lab B,2026-08-11T14:12:00,2026-08-11T15:26:00,74,Tuesday,True
1115,u_192,Computer Lab A,2026-08-11T14:13:00,2026-08-11T15:27:00,74,Tuesday,True
957,u_085,Computer Lab B,2026-08-11T14:38:00,2026-08-11T16:26:00,108,Tuesday,True
935,u_063,Computer Lab A,2026-08-11T14:48:00,2026-08-11T16:30:00,102,Tuesday,True
973,u_095,Computer Lab A,2026-08-11T14:49:00,2026-08-11T16:18:00,89,Tuesday,True
1118,u_193,Computer Lab A,2026-08-11T14:55:00,2026-08-11T15:40:00,45,Tuesday,True
974,u_096,Student Center,2026-08-11T14:58:00,2026-08-11T16:30:00,92,Tuesday,True
1130,u_199,Student Center,2026-08-11T15:01:00,2026-08-11T15:39:00,38,Tuesday,True
868,u_018,Computer Lab A,2026-08-11T15:04:00,2026-08-11T16:03:00,59,Tuesday,True
1015,u_127,Computer Lab A,2026-08-11T15:04:00,2026-08-11T16:29:00,85,Tuesday,False
1020,u_131,Computer Lab B,2026-08-11T15:08:00,2026-08-11T16:17:00,69,Tuesday,True
1121,u_194,Computer Lab B,2026-08-11T15:09:00,2026-08-11T16:20:00,71,Tuesday,True
982,u_100,Student Center,2026-08-11T15:13:00,2026-08-11T16:10:00,57,Tuesday,True
1030,u_137,Student Center,2026-08-11T15:35:00,2026-08-11T16:34:00,59,Tuesday,True
1006,u_120,Student Center,2026-08-11T15:42:00,2026-08-11T17:11:00,89,Tuesday,True
1062,u_156,Computer Lab B,2026-08-11T15:47:00,2026-08-11T17:32:00,105,Tuesday,True
1094,u_175,Main Library,2026-08-11T15:48:00,2026-08-11T18:03:00,135,Tuesday,True
955,u_083,Main Library,2026-08-11T15:53:00,2026-08-11T17:18:00,85,Tuesday,True
1027,u_136,Student Center,2026-08-11T15:53:00,2026-08-11T16:45:00,52,Tuesday,True
1035,u_142,Main Library,2026-08-11T15:53:00,2026-08-11T16:57:00,64,Tuesday,True
892,u_033,Student Center,2026-08-11T15:54:00,2026-08-11T17:41:00,107,Tuesday,True
1122,u_196,Science Library,2026-08-11T15:56:00,2026-08-11T18:03:00,127,Tuesday,True
860,u_009,Computer Lab A,2026-08-11T15:57:00,2026-08-11T17:42:00,105,Tuesday,True
1084,u_170,Computer Lab A,2026-08-11T15:57:00,2026-08-11T16:52:00,55,Tuesday,True
1093,u_175,Computer Lab B,2026-08-11T15:57:00,2026-08-11T16:50:00,53,Tuesday,True
958,u_085,Science Library,2026-08-11T15:59:00,2026-08-11T17:19:00,80,Tuesday,True
1048,u_150,Main Library,2026-08-11T15:59:00,2026-08-11T17:30:00,91,Tuesday,True
1064,u_157,Student Center,2026-08-11T15:59:00,2026-08-11T17:23:00,84,Tuesday,True
913,u_048,Student Center,2026-08-11T16:01:00,2026-08-11T17:07:00,66,Tuesday,True
900,u_038,Science Library,2026-08-11T16:02:00,2026-08-11T19:16:00,194,Tuesday,True
1010,u_122,Main Library,2026-08-11T16:02:00,2026-08-11T17:58:00,116,Tuesday,True
1100,u_184,Main Library,2026-08-11T16:02:00,2026-08-11T18:57:00,175,Tuesday,True
881,u_026,Computer Lab B,2026-08-11T16:03:00,2026-08-11T17:46:00,103,Tuesday,True
901,u_039,Main Library,2026-08-11T16:07:00,2026-08-11T17:42:00,95,Tuesday,True
934,u_063,Student Center,2026-08-11T16:07:00,2026-08-11T17:30:00,83,Tuesday,True
941,u_066,Main Library,2026-08-11T16:07:00,2026-08-11T17:10:00,63,Tuesday,True
1043,u_147,Student Center,2026-08-11T16:12:00,2026-08-11T17:54:00,102,Tuesday,True
999,u_117,Computer Lab B,2026-08-11T16:14:00,2026-08-11T17:40:00,86,Tuesday,True
926,u_056,Indoor Sports Complex,2026-08-11T16:17:00,2026-08-11T17:08:00,51,Tuesday,False
953,u_082,Gymnasium,2026-08-11T16:41:00,2026-08-11T18:13:00,92,Tuesday,True
1087,u_170,Gymnasium,2026-08-11T16:43:00,2026-08-11T17:54:00,71,Tuesday,True
883,u_027,Indoor Sports Complex,2026-08-11T16:44:00,2026-08-11T17:42:00,58,Tuesday,True
920,u_051,Science Library,2026-08-11T16:45:00,2026-08-11T19:49:00,184,Tuesday,True
858,u_008,Main Library,2026-08-11T16:52:00,2026-08-11T19:11:00,139,Tuesday,True
965,u_092,Indoor Sports Complex,2026-08-11T16:53:00,2026-08-11T18:26:00,93,Tuesday,True
875,u_021,Gymnasium,2026-08-11T16:54:00,2026-08-11T18:35:00,101,Tuesday,True
986,u_104,Gymnasium,2026-08-11T16:57:00,2026-08-11T17:58:00,61,Tuesday,True
997,u_115,Main Library,2026-08-11T16:59:00,2026-08-11T19:58:00,179,Tuesday,True
902,u_039,Science Library,2026-08-11T17:01:00,2026-08-11T20:05:00,184,Tuesday,True
978,u_098,Gymnasium,2026-08-11T17:02:00,2026-08-11T17:45:00,43,Tuesday,True
928,u_058,Science Library,2026-08-11T17:05:00,2026-08-11T18:10:00,65,Tuesday,True
964,u_091,Science Library,2026-08-11T17:05:00,2026-08-11T18:43:00,98,Tuesday,True
1040,u_146,Gymnasium,2026-08-11T17:06:00,2026-08-11T18:02:00,56,Tuesday,True
1049,u_150,Science Library,2026-08-11T17:06:00,2026-08-11T18:55:00,109,Tuesday,True
1034,u_140,Science Library,2026-08-11T17:11:00,2026-08-11T19:15:00,124,Tuesday,True
898,u_037,Main Library,2026-08-11T17:14:00,2026-08-11T18:33:00,79,Tuesday,True
1033,u_140,Gymnasium,2026-08-11T17:21:00,2026-08-11T18:31:00,70,Tuesday,True
862,u_010,Main Library,2026-08-11T17:47:00,2026-08-11T19:42:00,115,Tuesday,True
1037,u_144,Indoor Sports Complex,2026-08-11T17:55:00,2026-08-11T18:42:00,47,Tuesday,True
905,u_040,Indoor Sports Complex,2026-08-11T17:57:00,2026-08-11T18:56:00,59,Tuesday,True
948,u_075,Science Library,2026-08-11T17:58:00,2026-08-11T21:00:00,182,Tuesday,True
1013,u_126,Indoor Sports Complex,2026-08-11T17:58:00,2026-08-11T18:56:00,58,Tuesday,True
1045,u_148,Main Library,2026-08-11T17:58:00,2026-08-11T21:06:00,188,Tuesday,True
855,u_004,Gymnasium,2026-08-11T18:00:00,2026-08-11T19:29:00,89,Tuesday,True
895,u_034,Indoor Sports Complex,2026-08-11T18:00:00,2026-08-11T19:48:00,108,Tuesday,True
1022,u_133,Indoor Sports Complex,2026-08-11T18:00:00,2026-08-11T18:47:00,47,Tuesday,True
1002,u_118,Indoor Sports Complex,2026-08-11T18:02:00,2026-08-11T18:55:00,53,Tuesday,True
880,u_024,Indoor Sports Complex,2026-08-11T18:03:00,2026-08-11T19:47:00,104,Tuesday,True
904,u_040,Gymnasium,2026-08-11T18:03:00,2026-08-11T19:20:00,77,Tuesday,True
1039,u_145,Science Library,2026-08-11T18:06:00,2026-08-11T20:02:00,116,Tuesday,True
890,u_033,Gymnasium,2026-08-11T18:08:00,2026-08-11T19:04:00,56,Tuesday,True
947,u_073,Main Library,2026-08-11T18:08:00,2026-08-11T21:09:00,181,Tuesday,True
1036,u_143,Main Library,2026-08-11T18:10:00,2026-08-11T19:29:00,79,Tuesday,True
977,u_098,Indoor Sports Complex,2026-08-11T18:15:00,2026-08-11T19:51:00,96,Tuesday,True
1077,u_163,Indoor Sports Complex,2026-08-11T18:19:00,2026-08-11T19:42:00,83,Tuesday,True
1080,u_167,Main Library,2026-08-11T18:30:00,2026-08-11T20:45:00,135,Tuesday,True
938,u_064,Central Cafeteria,2026-08-11T18:40:00,2026-08-11T19:37:00,57,Tuesday,True
854,u_004,Central Cafeteria,2026-08-11T18:45:00,2026-08-11T19:41:00,56,Tuesday,True
1112,u_191,Main Library,2026-08-11T18:45:00,2026-08-11T19:55:00,70,Tuesday,True
915,u_048,Science Library,2026-08-11T18:46:00,2026-08-11T20:44:00,118,Tuesday,True
1098,u_183,Central Cafeteria,2026-08-11T18:46:00,2026-08-11T19:23:00,37,Tuesday,True
874,u_020,Central Cafeteria,2026-08-11T18:48:00,2026-08-11T19:25:00,37,Tuesday,True
877,u_023,Gymnasium,2026-08-11T18:48:00,2026-08-11T20:17:00,89,Tuesday,True
899,u_037,Gymnasium,2026-08-11T18:48:00,2026-08-11T20:21:00,93,Tuesday,True
1009,u_122,Central Cafeteria,2026-08-11T18:48:00,2026-08-11T19:44:00,56,Tuesday,True
1029,u_137,Science Library,2026-08-11T18:48:00,2026-08-11T20:38:00,110,Tuesday,True
1042,u_147,Gymnasium,2026-08-11T18:50:00,2026-08-11T19:44:00,54,Tuesday,True
1108,u_189,Science Library,2026-08-11T18:50:00,2026-08-11T20:18:00,88,Tuesday,True
873,u_020,Indoor Sports Complex,2026-08-11T18:51:00,2026-08-11T19:47:00,56,Tuesday,True
972,u_095,Science Library,2026-08-11T18:51:00,2026-08-11T20:19:00,88,Tuesday,True
1014,u_126,Science Library,2026-08-11T18:51:00,2026-08-11T22:02:00,191,Tuesday,True
1092,u_174,Indoor Sports Complex,2026-08-11T18:51:00,2026-08-11T20:39:00,108,Tuesday,True
1071,u_161,Food Court,2026-08-11T18:52:00,2026-08-11T19:54:00,62,Tuesday,True
951,u_078,Indoor Sports Complex,2026-08-11T18:54:00,2026-08-11T20:39:00,105,Tuesday,True
893,u_034,Science Library,2026-08-11T18:55:00,2026-08-11T20:35:00,100,Tuesday,True
916,u_049,Central Cafeteria,2026-08-11T18:55:00,2026-08-11T19:32:00,37,Tuesday,True
907,u_041,Food Court,2026-08-11T18:59:00,2026-08-11T20:14:00,75,Tuesday,True
1021,u_131,Main Library,2026-08-11T18:59:00,2026-08-11T21:58:00,179,Tuesday,True
909,u_045,Main Library,2026-08-11T19:00:00,2026-08-11T21:16:00,136,Tuesday,True
918,u_049,Science Library,2026-08-11T19:00:00,2026-08-11T21:04:00,124,Tuesday,True
979,u_098,Science Library,2026-08-11T19:00:00,2026-08-11T20:02:00,62,Tuesday,True
1023,u_133,Main Library,2026-08-11T19:00:00,2026-08-11T20:32:00,92,Tuesday,True
1082,u_169,Main Library,2026-08-11T19:00:00,2026-08-11T21:07:00,127,Tuesday,True
1095,u_178,Food Court,2026-08-11T19:00:00,2026-08-11T19:36:00,36,Tuesday,True
872,u_019,Science Library,2026-08-11T19:01:00,2026-08-11T22:12:00,191,Tuesday,True
923,u_054,Central Cafeteria,2026-08-11T19:01:00,2026-08-11T19:55:00,54,Tuesday,True
879,u_023,Central Cafeteria,2026-08-11T19:02:00,2026-08-11T19:55:00,53,Tuesday,True
925,u_055,Food Court,2026-08-11T19:02:00,2026-08-11T19:32:00,30,Tuesday,True
857,u_007,Gymnasium,2026-08-11T19:03:00,2026-08-11T20:04:00,61,Tuesday,True
871,u_019,Central Cafeteria,2026-08-11T19:04:00,2026-08-11T19:42:00,38,Tuesday,True
876,u_022,Main Library,2026-08-11T19:04:00,2026-08-11T22:19:00,195,Tuesday,True
929,u_058,Food Court,2026-08-11T19:05:00,2026-08-11T19:44:00,39,Tuesday,True
1107,u_188,Food Court,2026-08-11T19:05:00,2026-08-11T20:03:00,58,Tuesday,True
1114,u_192,Food Court,2026-08-11T19:07:00,2026-08-11T20:26:00,79,Tuesday,True
976,u_098,Central Cafeteria,2026-08-11T19:08:00,2026-08-11T19:56:00,48,Tuesday,True
852,u_002,Gymnasium,2026-08-11T19:09:00,2026-08-11T20:53:00,104,Tuesday,True
1085,u_170,Central Cafeteria,2026-08-11T19:09:00,2026-08-11T20:18:00,69,Tuesday,True
1096,u_179,Food Court,2026-08-11T19:10:00,2026-08-11T20:07:00,57,Tuesday,True
963,u_090,Indoor Sports Complex,2026-08-11T19:12:00,2026-08-11T21:01:00,109,Tuesday,True
937,u_064,Main Library,2026-08-11T19:15:00,2026-08-11T20:19:00,64,Tuesday,True
939,u_065,Main Library,2026-08-11T19:15:00,2026-08-11T20:33:00,78,Tuesday,True
1102,u_186,Main Library,2026-08-11T19:18:00,2026-08-11T20:12:00,54,Tuesday,True
908,u_042,Food Court,2026-08-11T19:30:00,2026-08-11T20:05:00,35,Tuesday,True
896,u_034,Main Library,2026-08-11T19:42:00,2026-08-11T22:47:00,185,Tuesday,True
914,u_048,Gymnasium,2026-08-11T19:44:00,2026-08-11T20:35:00,51,Tuesday,True
897,u_036,Computer Lab A,2026-08-11T19:45:00,2026-08-11T21:32:00,107,Tuesday,False
933,u_063,Indoor Sports Complex,2026-08-11T19:46:00,2026-08-11T20:12:00,26,Tuesday,False
1067,u_159,Science Library,2026-08-11T19:46:00,2026-08-11T21:56:00,130,Tuesday,True
921,u_053,Student Center,2026-08-11T19:47:00,2026-08-11T20:18:00,31,Tuesday,False
983,u_101,Main Library,2026-08-11T19:49:00,2026-08-11T21:40:00,111,Tuesday,True
1003,u_118,Science Library,2026-08-11T19:50:00,2026-08-11T21:09:00,79,Tuesday,True
1104,u_187,Indoor Sports Complex,2026-08-11T19:52:00,2026-08-11T20:33:00,41,Tuesday,True
993,u_108,Gymnasium,2026-08-11T19:56:00,2026-08-11T20:51:00,55,Tuesday,True
1113,u_191,Gymnasium,2026-08-11T20:02:00,2026-08-11T21:18:00,76,Tuesday,True
906,u_041,Main Library,2026-08-11T20:04:00,2026-08-11T21:37:00,93,Tuesday,True
1018,u_129,Main Library,2026-08-11T20:04:00,2026-08-11T21:13:00,69,Tuesday,True
932,u_062,Science Library,2026-08-11T20:05:00,2026-08-11T22:06:00,121,Tuesday,True
991,u_106,Gymnasium,2026-08-11T20:06:00,2026-08-11T21:18:00,72,Tuesday,True
959,u_086,Main Library,2026-08-11T20:07:00,2026-08-11T22:08:00,121,Tuesday,True
967,u_093,Gymnasium,2026-08-11T20:09:00,2026-08-11T20:39:00,30,Tuesday,False
1012,u_126,Main Library,2026-08-11T20:47:00,2026-08-11T23:02:00,135,Tuesday,True
1054,u_152,Science Library,2026-08-11T20:50:00,2026-08-11T22:21:00,91,Tuesday,True
1047,u_149,Science Library,2026-08-11T20:57:00,2026-08-11T22:47:00,110,Tuesday,True
866,u_015,Science Library,2026-08-11T21:01:00,2026-08-11T23:11:00,130,Tuesday,True
861,u_009,Main Library,2026-08-11T21:06:00,2026-08-11T22:03:00,57,Tuesday,True
919,u_051,Main Library,2026-08-11T21:10:00,2026-08-12T00:28:00,198,Tuesday,True
966,u_092,Main Library,2026-08-11T21:17:00,2026-08-11T22:32:00,75,Tuesday,True
962,u_089,Science Library,2026-08-11T21:25:00,2026-08-11T23:10:00,105,Tuesday,True
1345,u_139,Gymnasium,2026-08-12T05:49:00,2026-08-12T07:11:00,82,Wednesday,True
1281,u_103,Gymnasium,2026-08-12T05:58:00,2026-08-12T06:50:00,52,Wednesday,True
1420,u_197,Indoor Sports Complex,2026-08-12T05:58:00,2026-08-12T07:00:00,62,Wednesday,True
1136,u_003,Indoor Sports Complex,2026-08-12T05:59:00,2026-08-12T06:54:00,55,Wednesday,True
1211,u_046,Gymnasium,2026-08-12T06:00:00,2026-08-12T07:10:00,70,Wednesday,True
1176,u_029,Gymnasium,2026-08-12T06:01:00,2026-08-12T07:07:00,66,Wednesday,True
1278,u_102,Indoor Sports Complex,2026-08-12T06:01:00,2026-08-12T07:37:00,96,Wednesday,True
1157,u_018,Gymnasium,2026-08-12T06:09:00,2026-08-12T06:48:00,39,Wednesday,True
1233,u_063,Gymnasium,2026-08-12T06:10:00,2026-08-12T07:13:00,63,Wednesday,True
1419,u_196,Indoor Sports Complex,2026-08-12T06:13:00,2026-08-12T07:47:00,94,Wednesday,True
1132,u_001,Gymnasium,2026-08-12T06:15:00,2026-08-12T07:08:00,53,Wednesday,True
1198,u_041,Indoor Sports Complex,2026-08-12T06:18:00,2026-08-12T07:34:00,76,Wednesday,True
1329,u_130,Indoor Sports Complex,2026-08-12T06:18:00,2026-08-12T08:06:00,108,Wednesday,True
1271,u_096,Gymnasium,2026-08-12T06:22:00,2026-08-12T07:46:00,84,Wednesday,True
1262,u_089,Gymnasium,2026-08-12T06:54:00,2026-08-12T07:49:00,55,Wednesday,True
1414,u_194,Gymnasium,2026-08-12T06:54:00,2026-08-12T07:54:00,60,Wednesday,True
1231,u_061,Indoor Sports Complex,2026-08-12T06:55:00,2026-08-12T08:08:00,73,Wednesday,True
1260,u_087,Gymnasium,2026-08-12T06:57:00,2026-08-12T07:33:00,36,Wednesday,True
1241,u_071,Indoor Sports Complex,2026-08-12T06:58:00,2026-08-12T08:00:00,62,Wednesday,True
1417,u_195,Indoor Sports Complex,2026-08-12T07:06:00,2026-08-12T08:54:00,108,Wednesday,True
1413,u_193,Indoor Sports Complex,2026-08-12T07:14:00,2026-08-12T08:30:00,76,Wednesday,True
1333,u_132,Indoor Sports Complex,2026-08-12T07:47:00,2026-08-12T08:27:00,40,Wednesday,True
1267,u_093,Gymnasium,2026-08-12T07:50:00,2026-08-12T09:11:00,81,Wednesday,True
1181,u_030,Indoor Sports Complex,2026-08-12T07:51:00,2026-08-12T09:09:00,78,Wednesday,True
1238,u_068,Indoor Sports Complex,2026-08-12T07:51:00,2026-08-12T09:33:00,102,Wednesday,True
1313,u_123,Gymnasium,2026-08-12T07:52:00,2026-08-12T09:05:00,73,Wednesday,True
1254,u_083,Indoor Sports Complex,2026-08-12T07:54:00,2026-08-12T08:41:00,47,Wednesday,True
1219,u_050,Indoor Sports Complex,2026-08-12T07:55:00,2026-08-12T08:51:00,56,Wednesday,True
1372,u_157,Gymnasium,2026-08-12T07:59:00,2026-08-12T09:30:00,91,Wednesday,True
1401,u_184,Gymnasium,2026-08-12T08:00:00,2026-08-12T09:44:00,104,Wednesday,True
1183,u_031,Indoor Sports Complex,2026-08-12T08:03:00,2026-08-12T09:35:00,92,Wednesday,True
1284,u_105,Gymnasium,2026-08-12T08:03:00,2026-08-12T09:01:00,58,Wednesday,True
1403,u_185,Central Cafeteria,2026-08-12T08:04:00,2026-08-12T08:38:00,34,Wednesday,True
1297,u_111,Gymnasium,2026-08-12T08:05:00,2026-08-12T09:23:00,78,Wednesday,True
1320,u_126,Gymnasium,2026-08-12T08:14:00,2026-08-12T08:52:00,38,Wednesday,True
1212,u_046,Central Cafeteria,2026-08-12T08:15:00,2026-08-12T09:07:00,52,Wednesday,True
1160,u_020,Food Court,2026-08-12T08:20:00,2026-08-12T09:26:00,66,Wednesday,True
1398,u_182,Central Cafeteria,2026-08-12T08:21:00,2026-08-12T09:34:00,73,Wednesday,True
1323,u_127,Food Court,2026-08-12T08:24:00,2026-08-12T08:44:00,20,Wednesday,True
1175,u_028,Food Court,2026-08-12T08:28:00,2026-08-12T09:44:00,76,Wednesday,True
1188,u_034,Central Cafeteria,2026-08-12T08:28:00,2026-08-12T09:10:00,42,Wednesday,True
1308,u_119,Food Court,2026-08-12T08:28:00,2026-08-12T09:07:00,39,Wednesday,True
1192,u_036,Central Cafeteria,2026-08-12T08:29:00,2026-08-12T09:01:00,32,Wednesday,True
1273,u_098,Food Court,2026-08-12T08:30:00,2026-08-12T09:07:00,37,Wednesday,True
1328,u_130,Food Court,2026-08-12T08:30:00,2026-08-12T09:35:00,65,Wednesday,True
1162,u_021,Food Court,2026-08-12T08:31:00,2026-08-12T09:30:00,59,Wednesday,True
1369,u_155,Central Cafeteria,2026-08-12T08:32:00,2026-08-12T08:55:00,23,Wednesday,True
1239,u_069,Food Court,2026-08-12T08:33:00,2026-08-12T08:55:00,22,Wednesday,True
1207,u_044,Food Court,2026-08-12T08:34:00,2026-08-12T09:49:00,75,Wednesday,False
1135,u_003,Food Court,2026-08-12T08:40:00,2026-08-12T09:37:00,57,Wednesday,True
1399,u_183,Computer Lab A,2026-08-12T08:42:00,2026-08-12T10:08:00,86,Wednesday,True
1337,u_135,Computer Lab A,2026-08-12T08:44:00,2026-08-12T09:50:00,66,Wednesday,True
1226,u_056,Central Cafeteria,2026-08-12T08:49:00,2026-08-12T09:16:00,27,Wednesday,True
1146,u_011,Student Center,2026-08-12T08:50:00,2026-08-12T10:38:00,108,Wednesday,False
1251,u_080,Central Cafeteria,2026-08-12T08:54:00,2026-08-12T09:25:00,31,Wednesday,True
1330,u_131,Indoor Sports Complex,2026-08-12T08:56:00,2026-08-12T10:25:00,89,Wednesday,False
1237,u_065,Computer Lab B,2026-08-12T08:59:00,2026-08-12T09:43:00,44,Wednesday,True
1288,u_106,Computer Lab A,2026-08-12T09:00:00,2026-08-12T09:39:00,39,Wednesday,True
1335,u_133,Computer Lab A,2026-08-12T09:00:00,2026-08-12T10:03:00,63,Wednesday,True
1199,u_041,Computer Lab B,2026-08-12T09:01:00,2026-08-12T09:50:00,49,Wednesday,True
1310,u_120,Computer Lab A,2026-08-12T09:01:00,2026-08-12T09:55:00,54,Wednesday,True
1397,u_182,Student Center,2026-08-12T09:09:00,2026-08-12T10:59:00,110,Wednesday,True
1375,u_161,Computer Lab B,2026-08-12T09:11:00,2026-08-12T10:58:00,107,Wednesday,True
1255,u_084,Computer Lab A,2026-08-12T09:12:00,2026-08-12T10:05:00,53,Wednesday,True
1368,u_155,Student Center,2026-08-12T09:12:00,2026-08-12T10:59:00,107,Wednesday,True
1167,u_024,Food Court,2026-08-12T09:13:00,2026-08-12T09:34:00,21,Wednesday,False
1367,u_153,Student Center,2026-08-12T09:47:00,2026-08-12T11:00:00,73,Wednesday,True
1209,u_046,Computer Lab B,2026-08-12T09:50:00,2026-08-12T11:30:00,100,Wednesday,True
1363,u_151,Computer Lab A,2026-08-12T09:54:00,2026-08-12T10:39:00,45,Wednesday,True
1174,u_027,Computer Lab A,2026-08-12T10:06:00,2026-08-12T11:52:00,106,Wednesday,True
1301,u_113,Computer Lab B,2026-08-12T10:06:00,2026-08-12T11:13:00,67,Wednesday,True
1411,u_193,Student Center,2026-08-12T10:06:00,2026-08-12T10:53:00,47,Wednesday,True
1163,u_021,Student Center,2026-08-12T10:10:00,2026-08-12T10:58:00,48,Wednesday,True
1324,u_128,Food Court,2026-08-12T10:18:00,2026-08-12T11:07:00,49,Wednesday,False
1205,u_043,Computer Lab B,2026-08-12T10:19:00,2026-08-12T11:20:00,61,Wednesday,True
1277,u_101,Computer Lab B,2026-08-12T10:44:00,2026-08-12T12:33:00,109,Wednesday,True
1230,u_061,Science Library,2026-08-12T10:46:00,2026-08-12T12:04:00,78,Wednesday,False
1300,u_113,Student Center,2026-08-12T10:54:00,2026-08-12T12:13:00,79,Wednesday,True
1291,u_108,Student Center,2026-08-12T11:00:00,2026-08-12T12:11:00,71,Wednesday,True
1305,u_117,Computer Lab A,2026-08-12T11:00:00,2026-08-12T11:54:00,54,Wednesday,True
1312,u_122,Student Center,2026-08-12T11:00:00,2026-08-12T11:51:00,51,Wednesday,True
1336,u_135,Student Center,2026-08-12T11:00:00,2026-08-12T12:20:00,80,Wednesday,True
1386,u_173,Computer Lab A,2026-08-12T11:00:00,2026-08-12T11:37:00,37,Wednesday,True
1395,u_181,Computer Lab B,2026-08-12T11:01:00,2026-08-12T12:12:00,71,Wednesday,True
1140,u_006,Computer Lab B,2026-08-12T11:06:00,2026-08-12T11:50:00,44,Wednesday,True
1334,u_133,Student Center,2026-08-12T11:10:00,2026-08-12T12:57:00,107,Wednesday,True
1322,u_127,Computer Lab B,2026-08-12T11:11:00,2026-08-12T12:03:00,52,Wednesday,True
1390,u_176,Computer Lab A,2026-08-12T11:14:00,2026-08-12T12:58:00,104,Wednesday,True
1178,u_029,Computer Lab A,2026-08-12T11:21:00,2026-08-12T12:18:00,57,Wednesday,True
1149,u_015,Indoor Sports Complex,2026-08-12T11:37:00,2026-08-12T12:10:00,33,Wednesday,False
1383,u_171,Computer Lab B,2026-08-12T11:48:00,2026-08-12T12:37:00,49,Wednesday,True
1346,u_139,Student Center,2026-08-12T11:51:00,2026-08-12T12:45:00,54,Wednesday,True
1380,u_166,Student Center,2026-08-12T11:51:00,2026-08-12T12:48:00,57,Wednesday,True
1418,u_196,Student Center,2026-08-12T11:54:00,2026-08-12T12:39:00,45,Wednesday,False
1151,u_017,Student Center,2026-08-12T11:55:00,2026-08-12T13:18:00,83,Wednesday,True
1309,u_119,Computer Lab B,2026-08-12T11:57:00,2026-08-12T12:57:00,60,Wednesday,True
1316,u_124,Computer Lab B,2026-08-12T11:59:00,2026-08-12T12:41:00,42,Wednesday,True
1359,u_149,Student Center,2026-08-12T12:03:00,2026-08-12T13:23:00,80,Wednesday,True
1402,u_185,Student Center,2026-08-12T12:04:00,2026-08-12T12:57:00,53,Wednesday,True
1197,u_041,WiFi Zone South,2026-08-12T12:08:00,2026-08-12T12:23:00,15,Wednesday,False
1409,u_190,Computer Lab B,2026-08-12T12:18:00,2026-08-12T14:00:00,102,Wednesday,True
1412,u_193,Food Court,2026-08-12T12:21:00,2026-08-12T13:14:00,53,Wednesday,True
1223,u_053,Central Cafeteria,2026-08-12T12:23:00,2026-08-12T13:07:00,44,Wednesday,True
1361,u_151,WiFi Zone North,2026-08-12T12:23:00,2026-08-12T12:44:00,21,Wednesday,False
1213,u_047,Central Cafeteria,2026-08-12T12:27:00,2026-08-12T13:30:00,63,Wednesday,True
1256,u_084,Central Cafeteria,2026-08-12T12:27:00,2026-08-12T13:24:00,57,Wednesday,True
1269,u_093,Food Court,2026-08-12T12:29:00,2026-08-12T13:48:00,79,Wednesday,True
1340,u_137,Food Court,2026-08-12T12:29:00,2026-08-12T13:06:00,37,Wednesday,True
1184,u_032,Central Cafeteria,2026-08-12T12:30:00,2026-08-12T13:30:00,60,Wednesday,True
1392,u_177,Food Court,2026-08-12T12:30:00,2026-08-12T13:09:00,39,Wednesday,True
1373,u_158,Central Cafeteria,2026-08-12T12:38:00,2026-08-12T13:25:00,47,Wednesday,True
1147,u_011,Food Court,2026-08-12T12:39:00,2026-08-12T13:29:00,50,Wednesday,True
1138,u_004,Food Court,2026-08-12T12:43:00,2026-08-12T13:03:00,20,Wednesday,True
1377,u_162,Student Center,2026-08-12T12:43:00,2026-08-12T14:27:00,104,Wednesday,True
1287,u_106,Computer Lab B,2026-08-12T12:50:00,2026-08-12T13:40:00,50,Wednesday,True
1249,u_079,Computer Lab A,2026-08-12T12:55:00,2026-08-12T13:48:00,53,Wednesday,True
1302,u_113,Computer Lab A,2026-08-12T12:55:00,2026-08-12T14:34:00,99,Wednesday,True
1145,u_010,Student Center,2026-08-12T12:56:00,2026-08-12T14:25:00,89,Wednesday,True
1353,u_144,Computer Lab B,2026-08-12T12:58:00,2026-08-12T13:55:00,57,Wednesday,True
1366,u_153,Computer Lab B,2026-08-12T12:59:00,2026-08-12T13:36:00,37,Wednesday,False
1286,u_106,Student Center,2026-08-12T13:00:00,2026-08-12T14:46:00,106,Wednesday,True
1242,u_072,Computer Lab B,2026-08-12T13:01:00,2026-08-12T14:50:00,109,Wednesday,True
1293,u_109,Computer Lab A,2026-08-12T13:03:00,2026-08-12T14:13:00,70,Wednesday,True
1355,u_146,Computer Lab A,2026-08-12T13:04:00,2026-08-12T14:02:00,58,Wednesday,True
1365,u_152,Computer Lab A,2026-08-12T13:13:00,2026-08-12T13:51:00,38,Wednesday,True
1381,u_169,Computer Lab A,2026-08-12T13:16:00,2026-08-12T14:11:00,55,Wednesday,True
1374,u_160,Computer Lab A,2026-08-12T13:24:00,2026-08-12T14:20:00,56,Wednesday,True
1263,u_090,WiFi Zone South,2026-08-12T13:46:00,2026-08-12T15:10:00,84,Wednesday,False
1296,u_110,Computer Lab A,2026-08-12T13:47:00,2026-08-12T15:01:00,74,Wednesday,True
1143,u_009,Student Center,2026-08-12T13:50:00,2026-08-12T15:34:00,104,Wednesday,True
1326,u_128,Computer Lab A,2026-08-12T13:53:00,2026-08-12T14:47:00,54,Wednesday,True
1332,u_131,Student Center,2026-08-12T13:55:00,2026-08-12T15:15:00,80,Wednesday,True
1266,u_093,Computer Lab B,2026-08-12T13:56:00,2026-08-12T15:12:00,76,Wednesday,True
1208,u_044,Student Center,2026-08-12T13:58:00,2026-08-12T15:03:00,65,Wednesday,True
1406,u_187,Computer Lab B,2026-08-12T13:58:00,2026-08-12T14:58:00,60,Wednesday,True
1196,u_040,Computer Lab A,2026-08-12T14:00:00,2026-08-12T15:35:00,95,Wednesday,True
1244,u_076,Computer Lab A,2026-08-12T14:01:00,2026-08-12T15:02:00,61,Wednesday,True
1422,u_199,Computer Lab A,2026-08-12T14:03:00,2026-08-12T15:46:00,103,Wednesday,True
1191,u_036,Student Center,2026-08-12T14:05:00,2026-08-12T14:41:00,36,Wednesday,True
1148,u_013,Computer Lab B,2026-08-12T14:06:00,2026-08-12T15:12:00,66,Wednesday,True
1304,u_116,Student Center,2026-08-12T14:06:00,2026-08-12T15:17:00,71,Wednesday,True
1150,u_016,Computer Lab A,2026-08-12T14:08:00,2026-08-12T15:01:00,53,Wednesday,True
1168,u_024,Computer Lab A,2026-08-12T14:30:00,2026-08-12T15:23:00,53,Wednesday,True
1270,u_095,Computer Lab B,2026-08-12T14:49:00,2026-08-12T15:33:00,44,Wednesday,True
1131,u_001,Computer Lab B,2026-08-12T14:51:00,2026-08-12T16:41:00,110,Wednesday,True
1156,u_018,Computer Lab A,2026-08-12T14:59:00,2026-08-12T16:04:00,65,Wednesday,True
1416,u_195,Student Center,2026-08-12T14:59:00,2026-08-12T16:25:00,86,Wednesday,True
1202,u_041,Computer Lab A,2026-08-12T15:00:00,2026-08-12T15:55:00,55,Wednesday,True
1385,u_172,Computer Lab B,2026-08-12T15:01:00,2026-08-12T15:42:00,41,Wednesday,True
1275,u_100,Student Center,2026-08-12T15:03:00,2026-08-12T15:49:00,46,Wednesday,True
1235,u_063,Computer Lab A,2026-08-12T15:04:00,2026-08-12T16:48:00,104,Wednesday,True
1259,u_087,Student Center,2026-08-12T15:05:00,2026-08-12T16:10:00,65,Wednesday,True
1295,u_110,Student Center,2026-08-12T15:05:00,2026-08-12T16:10:00,65,Wednesday,True
1357,u_148,Computer Lab A,2026-08-12T15:10:00,2026-08-12T16:04:00,54,Wednesday,True
1154,u_018,Computer Lab B,2026-08-12T15:11:00,2026-08-12T16:19:00,68,Wednesday,True
1421,u_199,Student Center,2026-08-12T15:12:00,2026-08-12T16:12:00,60,Wednesday,True
1378,u_163,Student Center,2026-08-12T15:19:00,2026-08-12T16:23:00,64,Wednesday,True
1158,u_019,Indoor Sports Complex,2026-08-12T15:28:00,2026-08-12T16:31:00,63,Wednesday,False
1405,u_187,WiFi Zone North,2026-08-12T15:36:00,2026-08-12T17:28:00,112,Wednesday,False
1221,u_052,Main Library,2026-08-12T15:45:00,2026-08-12T16:44:00,59,Wednesday,True
1179,u_029,Science Library,2026-08-12T15:48:00,2026-08-12T17:21:00,93,Wednesday,True
1228,u_059,Computer Lab B,2026-08-12T15:53:00,2026-08-12T17:51:00,118,Wednesday,False
1343,u_137,Student Center,2026-08-12T15:53:00,2026-08-12T16:41:00,48,Wednesday,True
1169,u_025,Computer Lab A,2026-08-12T15:54:00,2026-08-12T17:33:00,99,Wednesday,True
1389,u_175,Main Library,2026-08-12T15:54:00,2026-08-12T17:56:00,122,Wednesday,True
1172,u_026,Computer Lab B,2026-08-12T15:56:00,2026-08-12T17:20:00,84,Wednesday,True
1180,u_030,Computer Lab B,2026-08-12T15:57:00,2026-08-12T17:42:00,105,Wednesday,True
1240,u_070,Main Library,2026-08-12T15:57:00,2026-08-12T17:01:00,64,Wednesday,True
1371,u_156,Computer Lab B,2026-08-12T15:57:00,2026-08-12T17:38:00,101,Wednesday,True
1349,u_142,Main Library,2026-08-12T15:58:00,2026-08-12T17:15:00,77,Wednesday,True
1141,u_007,Computer Lab A,2026-08-12T15:59:00,2026-08-12T17:23:00,84,Wednesday,True
1170,u_025,Computer Lab B,2026-08-12T15:59:00,2026-08-12T17:19:00,80,Wednesday,True
1258,u_085,Science Library,2026-08-12T15:59:00,2026-08-12T17:24:00,85,Wednesday,True
1214,u_048,Student Center,2026-08-12T16:00:00,2026-08-12T16:52:00,52,Wednesday,True
1360,u_150,Main Library,2026-08-12T16:00:00,2026-08-12T17:39:00,99,Wednesday,True
1234,u_063,Student Center,2026-08-12T16:01:00,2026-08-12T17:49:00,108,Wednesday,True
1279,u_102,Science Library,2026-08-12T16:01:00,2026-08-12T18:13:00,132,Wednesday,True
1423,u_200,Science Library,2026-08-12T16:02:00,2026-08-12T17:45:00,103,Wednesday,True
1339,u_136,Student Center,2026-08-12T16:04:00,2026-08-12T16:44:00,40,Wednesday,True
1217,u_049,Computer Lab A,2026-08-12T16:07:00,2026-08-12T16:57:00,50,Wednesday,True
1246,u_077,Science Library,2026-08-12T16:07:00,2026-08-12T16:57:00,50,Wednesday,True
1364,u_152,Central Cafeteria,2026-08-12T16:08:00,2026-08-12T17:13:00,65,Wednesday,False
1152,u_017,Main Library,2026-08-12T16:10:00,2026-08-12T19:29:00,199,Wednesday,True
1155,u_018,Main Library,2026-08-12T16:10:00,2026-08-12T18:00:00,110,Wednesday,True
1268,u_093,Student Center,2026-08-12T16:10:00,2026-08-12T17:05:00,55,Wednesday,True
1391,u_177,Student Center,2026-08-12T16:13:00,2026-08-12T17:33:00,80,Wednesday,True
1317,u_125,Science Library,2026-08-12T16:25:00,2026-08-12T17:29:00,64,Wednesday,True
1356,u_148,Indoor Sports Complex,2026-08-12T16:32:00,2026-08-12T18:06:00,94,Wednesday,True
1272,u_098,Gymnasium,2026-08-12T16:47:00,2026-08-12T17:43:00,56,Wednesday,True
1331,u_131,Science Library,2026-08-12T16:47:00,2026-08-12T17:42:00,55,Wednesday,True
1415,u_194,Main Library,2026-08-12T16:49:00,2026-08-12T17:49:00,60,Wednesday,True
1193,u_037,Main Library,2026-08-12T16:51:00,2026-08-12T18:01:00,70,Wednesday,True
1274,u_099,Main Library,2026-08-12T16:57:00,2026-08-12T17:56:00,59,Wednesday,True
1220,u_051,Science Library,2026-08-12T17:00:00,2026-08-12T20:12:00,192,Wednesday,True
1338,u_136,Science Library,2026-08-12T17:01:00,2026-08-12T20:00:00,179,Wednesday,True
1264,u_091,Science Library,2026-08-12T17:03:00,2026-08-12T18:46:00,103,Wednesday,True
1289,u_107,Main Library,2026-08-12T17:03:00,2026-08-12T18:45:00,102,Wednesday,True
1362,u_151,Main Library,2026-08-12T17:04:00,2026-08-12T18:00:00,56,Wednesday,True
1282,u_104,Gymnasium,2026-08-12T17:08:00,2026-08-12T17:58:00,50,Wednesday,True
1388,u_174,Gymnasium,2026-08-12T17:08:00,2026-08-12T18:07:00,59,Wednesday,True
1224,u_054,Main Library,2026-08-12T17:10:00,2026-08-12T18:27:00,77,Wednesday,True
1347,u_140,Gymnasium,2026-08-12T17:10:00,2026-08-12T18:29:00,79,Wednesday,True
1348,u_140,Science Library,2026-08-12T17:10:00,2026-08-12T19:22:00,132,Wednesday,True
1354,u_145,Indoor Sports Complex,2026-08-12T17:45:00,2026-08-12T18:49:00,64,Wednesday,True
1185,u_032,Indoor Sports Complex,2026-08-12T17:47:00,2026-08-12T18:45:00,58,Wednesday,True
1298,u_111,Indoor Sports Complex,2026-08-12T17:47:00,2026-08-12T19:20:00,93,Wednesday,True
1186,u_033,Gymnasium,2026-08-12T17:53:00,2026-08-12T19:08:00,75,Wednesday,True
1311,u_121,Science Library,2026-08-12T17:53:00,2026-08-12T19:21:00,88,Wednesday,True
1306,u_118,Indoor Sports Complex,2026-08-12T17:56:00,2026-08-12T18:51:00,55,Wednesday,True
1276,u_101,Science Library,2026-08-12T17:57:00,2026-08-12T20:15:00,138,Wednesday,True
1358,u_148,Main Library,2026-08-12T17:58:00,2026-08-12T21:13:00,195,Wednesday,True
1314,u_123,Main Library,2026-08-12T18:02:00,2026-08-12T19:50:00,108,Wednesday,True
1204,u_042,Science Library,2026-08-12T18:04:00,2026-08-12T19:47:00,103,Wednesday,True
1283,u_104,Science Library,2026-08-12T18:04:00,2026-08-12T19:11:00,67,Wednesday,True
1189,u_034,Indoor Sports Complex,2026-08-12T18:07:00,2026-08-12T19:41:00,94,Wednesday,True
1173,u_027,Science Library,2026-08-12T18:09:00,2026-08-12T19:42:00,93,Wednesday,True
1319,u_126,Indoor Sports Complex,2026-08-12T18:09:00,2026-08-12T19:06:00,57,Wednesday,True
1318,u_125,Indoor Sports Complex,2026-08-12T18:10:00,2026-08-12T19:04:00,54,Wednesday,True
1351,u_143,Main Library,2026-08-12T18:14:00,2026-08-12T19:30:00,76,Wednesday,True
1396,u_182,Indoor Sports Complex,2026-08-12T18:15:00,2026-08-12T18:53:00,38,Wednesday,True
1342,u_137,Science Library,2026-08-12T18:44:00,2026-08-12T20:29:00,105,Wednesday,True
1171,u_026,Science Library,2026-08-12T18:45:00,2026-08-12T20:23:00,98,Wednesday,True
1159,u_019,Science Library,2026-08-12T18:46:00,2026-08-12T21:44:00,178,Wednesday,True
1161,u_020,Indoor Sports Complex,2026-08-12T18:46:00,2026-08-12T20:06:00,80,Wednesday,True
1325,u_128,Food Court,2026-08-12T18:46:00,2026-08-12T19:32:00,46,Wednesday,True
1218,u_049,Main Library,2026-08-12T18:49:00,2026-08-12T20:41:00,112,Wednesday,True
1253,u_081,Indoor Sports Complex,2026-08-12T18:50:00,2026-08-12T20:31:00,101,Wednesday,True
1190,u_035,Science Library,2026-08-12T18:51:00,2026-08-12T22:11:00,200,Wednesday,True
1222,u_052,Central Cafeteria,2026-08-12T18:51:00,2026-08-12T19:38:00,47,Wednesday,True
1225,u_055,Gymnasium,2026-08-12T18:53:00,2026-08-12T20:03:00,70,Wednesday,True
1384,u_172,Central Cafeteria,2026-08-12T18:53:00,2026-08-12T19:35:00,42,Wednesday,True
1321,u_126,Science Library,2026-08-12T18:54:00,2026-08-12T22:11:00,197,Wednesday,True
1407,u_188,Indoor Sports Complex,2026-08-12T18:55:00,2026-08-12T20:00:00,65,Wednesday,True
1299,u_112,Main Library,2026-08-12T18:56:00,2026-08-12T20:37:00,101,Wednesday,True
1201,u_041,Food Court,2026-08-12T18:58:00,2026-08-12T19:58:00,60,Wednesday,True
1227,u_057,Gymnasium,2026-08-12T18:58:00,2026-08-12T19:58:00,60,Wednesday,True
1341,u_137,Central Cafeteria,2026-08-12T18:58:00,2026-08-12T19:52:00,54,Wednesday,True
1352,u_144,Central Cafeteria,2026-08-12T18:58:00,2026-08-12T19:29:00,31,Wednesday,True
1370,u_156,Gymnasium,2026-08-12T18:58:00,2026-08-12T19:54:00,56,Wednesday,True
1243,u_073,Central Cafeteria,2026-08-12T18:59:00,2026-08-12T20:10:00,71,Wednesday,True
1153,u_017,Indoor Sports Complex,2026-08-12T19:00:00,2026-08-12T19:38:00,38,Wednesday,True
1187,u_034,Science Library,2026-08-12T19:00:00,2026-08-12T20:34:00,94,Wednesday,True
1229,u_059,Main Library,2026-08-12T19:00:00,2026-08-12T20:00:00,60,Wednesday,True
1203,u_042,Indoor Sports Complex,2026-08-12T19:01:00,2026-08-12T19:41:00,40,Wednesday,True
1247,u_078,Food Court,2026-08-12T19:01:00,2026-08-12T19:24:00,23,Wednesday,True
1182,u_030,Science Library,2026-08-12T19:02:00,2026-08-12T20:29:00,87,Wednesday,True
1194,u_037,Gymnasium,2026-08-12T19:02:00,2026-08-12T20:46:00,104,Wednesday,True
1248,u_078,Indoor Sports Complex,2026-08-12T19:02:00,2026-08-12T20:44:00,102,Wednesday,True
1393,u_177,Science Library,2026-08-12T19:02:00,2026-08-12T19:55:00,53,Wednesday,True
1394,u_181,Food Court,2026-08-12T19:02:00,2026-08-12T20:20:00,78,Wednesday,True
1133,u_001,Indoor Sports Complex,2026-08-12T19:03:00,2026-08-12T20:03:00,60,Wednesday,True
1404,u_186,Main Library,2026-08-12T19:03:00,2026-08-12T19:54:00,51,Wednesday,True
1382,u_170,Central Cafeteria,2026-08-12T19:04:00,2026-08-12T20:13:00,69,Wednesday,True
1400,u_183,Central Cafeteria,2026-08-12T19:04:00,2026-08-12T19:48:00,44,Wednesday,True
1165,u_022,Central Cafeteria,2026-08-12T19:06:00,2026-08-12T19:56:00,50,Wednesday,True
1137,u_004,Science Library,2026-08-12T19:07:00,2026-08-12T22:27:00,200,Wednesday,True
1142,u_007,Gymnasium,2026-08-12T19:07:00,2026-08-12T19:44:00,37,Wednesday,True
1216,u_048,Science Library,2026-08-12T19:08:00,2026-08-12T21:26:00,138,Wednesday,True
1252,u_081,Main Library,2026-08-12T19:08:00,2026-08-12T20:31:00,83,Wednesday,True
1236,u_064,Central Cafeteria,2026-08-12T19:10:00,2026-08-12T20:12:00,62,Wednesday,True
1280,u_102,Central Cafeteria,2026-08-12T19:11:00,2026-08-12T19:34:00,23,Wednesday,True
1410,u_191,Food Court,2026-08-12T19:11:00,2026-08-12T19:52:00,41,Wednesday,True
1195,u_038,Gymnasium,2026-08-12T19:12:00,2026-08-12T20:09:00,57,Wednesday,True
1134,u_002,Gymnasium,2026-08-12T19:14:00,2026-08-12T21:03:00,109,Wednesday,True
1307,u_118,Science Library,2026-08-12T19:50:00,2026-08-12T20:46:00,56,Wednesday,True
1177,u_029,Main Library,2026-08-12T19:51:00,2026-08-12T21:39:00,108,Wednesday,True
1376,u_161,Main Library,2026-08-12T19:51:00,2026-08-12T21:05:00,74,Wednesday,True
1232,u_062,Science Library,2026-08-12T19:53:00,2026-08-12T22:08:00,135,Wednesday,True
1250,u_079,Main Library,2026-08-12T19:55:00,2026-08-12T20:55:00,60,Wednesday,True
1292,u_108,Gymnasium,2026-08-12T19:57:00,2026-08-12T20:55:00,58,Wednesday,True
1290,u_107,Indoor Sports Complex,2026-08-12T19:59:00,2026-08-12T21:08:00,69,Wednesday,True
1327,u_129,Indoor Sports Complex,2026-08-12T20:00:00,2026-08-12T20:49:00,49,Wednesday,True
1200,u_041,Main Library,2026-08-12T20:01:00,2026-08-12T21:29:00,88,Wednesday,True
1257,u_085,Main Library,2026-08-12T20:06:00,2026-08-12T22:58:00,172,Wednesday,True
1303,u_114,Main Library,2026-08-12T20:06:00,2026-08-12T21:56:00,110,Wednesday,True
1265,u_092,Gymnasium,2026-08-12T20:08:00,2026-08-12T21:14:00,66,Wednesday,True
1344,u_138,Indoor Sports Complex,2026-08-12T20:08:00,2026-08-12T20:47:00,39,Wednesday,True
1166,u_023,Indoor Sports Complex,2026-08-12T20:13:00,2026-08-12T21:24:00,71,Wednesday,True
1164,u_022,Gymnasium,2026-08-12T20:20:00,2026-08-12T22:20:00,120,Wednesday,False
1285,u_105,Science Library,2026-08-12T20:44:00,2026-08-12T21:37:00,53,Wednesday,True
1144,u_009,Main Library,2026-08-12T20:51:00,2026-08-12T21:47:00,56,Wednesday,True
1387,u_174,Science Library,2026-08-12T20:51:00,2026-08-12T21:51:00,60,Wednesday,True
1215,u_048,Main Library,2026-08-12T20:55:00,2026-08-12T22:18:00,83,Wednesday,True
1261,u_087,Science Library,2026-08-12T20:59:00,2026-08-12T22:55:00,116,Wednesday,True
1210,u_046,Main Library,2026-08-12T21:00:00,2026-08-12T22:14:00,74,Wednesday,True
1315,u_124,Science Library,2026-08-12T21:00:00,2026-08-12T23:12:00,132,Wednesday,True
1379,u_164,Main Library,2026-08-12T21:00:00,2026-08-13T00:12:00,192,Wednesday,True
1139,u_005,Main Library,2026-08-12T21:01:00,2026-08-12T22:52:00,111,Wednesday,True
1206,u_043,Main Library,2026-08-12T21:01:00,2026-08-12T22:51:00,110,Wednesday,True
1294,u_109,Main Library,2026-08-12T21:01:00,2026-08-12T22:30:00,89,Wednesday,True
1408,u_188,Main Library,2026-08-12T21:06:00,2026-08-13T00:02:00,176,Wednesday,True
1245,u_077,Main Library,2026-08-12T21:13:00,2026-08-13T00:15:00,182,Wednesday,True
1350,u_142,Science Library,2026-08-12T21:24:00,2026-08-12T23:11:00,107,Wednesday,True
1706,u_186,Indoor Sports Complex,2026-08-13T05:42:00,2026-08-13T06:42:00,60,Thursday,True
1556,u_096,Gymnasium,2026-08-13T05:55:00,2026-08-13T07:43:00,108,Thursday,True
1594,u_120,Gymnasium,2026-08-13T05:56:00,2026-08-13T07:39:00,103,Thursday,True
1634,u_143,Gymnasium,2026-08-13T06:00:00,2026-08-13T07:34:00,94,Thursday,True
1569,u_103,Gymnasium,2026-08-13T06:01:00,2026-08-13T06:44:00,43,Thursday,True
1615,u_130,Indoor Sports Complex,2026-08-13T06:02:00,2026-08-13T07:23:00,81,Thursday,True
1450,u_018,Gymnasium,2026-08-13T06:03:00,2026-08-13T06:47:00,44,Thursday,True
1509,u_063,Gymnasium,2026-08-13T06:05:00,2026-08-13T06:50:00,45,Thursday,True
1725,u_196,Indoor Sports Complex,2026-08-13T06:07:00,2026-08-13T07:56:00,109,Thursday,True
1718,u_194,Indoor Sports Complex,2026-08-13T06:18:00,2026-08-13T07:56:00,98,Thursday,True
1577,u_109,Gymnasium,2026-08-13T06:51:00,2026-08-13T07:58:00,67,Thursday,True
1543,u_087,Gymnasium,2026-08-13T06:54:00,2026-08-13T07:36:00,42,Thursday,True
1675,u_171,Indoor Sports Complex,2026-08-13T06:55:00,2026-08-13T08:15:00,80,Thursday,True
1488,u_048,Indoor Sports Complex,2026-08-13T07:00:00,2026-08-13T07:50:00,50,Thursday,True
1492,u_049,Indoor Sports Complex,2026-08-13T07:00:00,2026-08-13T08:46:00,106,Thursday,True
1508,u_062,Indoor Sports Complex,2026-08-13T07:00:00,2026-08-13T08:48:00,108,Thursday,True
1571,u_104,Indoor Sports Complex,2026-08-13T07:00:00,2026-08-13T07:40:00,40,Thursday,True
1646,u_152,Indoor Sports Complex,2026-08-13T07:00:00,2026-08-13T08:45:00,105,Thursday,True
1721,u_195,Indoor Sports Complex,2026-08-13T07:00:00,2026-08-13T08:32:00,92,Thursday,True
1486,u_045,Indoor Sports Complex,2026-08-13T07:08:00,2026-08-13T08:15:00,67,Thursday,True
1682,u_175,Gymnasium,2026-08-13T07:10:00,2026-08-13T07:50:00,40,Thursday,True
1592,u_119,Indoor Sports Complex,2026-08-13T07:48:00,2026-08-13T09:29:00,101,Thursday,True
1694,u_180,Gymnasium,2026-08-13T07:49:00,2026-08-13T08:44:00,55,Thursday,True
1653,u_157,Gymnasium,2026-08-13T07:53:00,2026-08-13T09:17:00,84,Thursday,True
1452,u_019,Gymnasium,2026-08-13T07:54:00,2026-08-13T08:43:00,49,Thursday,True
1464,u_030,Indoor Sports Complex,2026-08-13T07:56:00,2026-08-13T09:00:00,64,Thursday,True
1521,u_073,Gymnasium,2026-08-13T07:56:00,2026-08-13T08:59:00,63,Thursday,True
1711,u_190,Indoor Sports Complex,2026-08-13T07:59:00,2026-08-13T08:42:00,43,Thursday,True
1627,u_138,Gymnasium,2026-08-13T08:00:00,2026-08-13T09:42:00,102,Thursday,True
1661,u_161,Indoor Sports Complex,2026-08-13T08:00:00,2026-08-13T08:54:00,54,Thursday,True
1446,u_017,Gymnasium,2026-08-13T08:01:00,2026-08-13T09:12:00,71,Thursday,True
1496,u_050,Indoor Sports Complex,2026-08-13T08:01:00,2026-08-13T08:54:00,53,Thursday,True
1461,u_029,Indoor Sports Complex,2026-08-13T08:03:00,2026-08-13T09:50:00,107,Thursday,True
1465,u_031,Indoor Sports Complex,2026-08-13T08:04:00,2026-08-13T09:39:00,95,Thursday,True
1618,u_132,Indoor Sports Complex,2026-08-13T08:04:00,2026-08-13T08:39:00,35,Thursday,True
1485,u_045,Gymnasium,2026-08-13T08:05:00,2026-08-13T08:51:00,46,Thursday,True
1546,u_090,Gymnasium,2026-08-13T08:12:00,2026-08-13T08:58:00,46,Thursday,True
1607,u_127,Food Court,2026-08-13T08:18:00,2026-08-13T08:39:00,21,Thursday,True
1561,u_098,Food Court,2026-08-13T08:20:00,2026-08-13T09:23:00,63,Thursday,True
1531,u_080,Central Cafeteria,2026-08-13T08:21:00,2026-08-13T08:55:00,34,Thursday,True
1562,u_100,Central Cafeteria,2026-08-13T08:24:00,2026-08-13T09:32:00,68,Thursday,True
1453,u_020,Food Court,2026-08-13T08:25:00,2026-08-13T09:38:00,73,Thursday,True
1600,u_123,Central Cafeteria,2026-08-13T08:26:00,2026-08-13T09:10:00,44,Thursday,True
1430,u_003,Food Court,2026-08-13T08:28:00,2026-08-13T09:29:00,61,Thursday,True
1443,u_014,Central Cafeteria,2026-08-13T08:28:00,2026-08-13T09:13:00,45,Thursday,True
1588,u_117,Food Court,2026-08-13T08:28:00,2026-08-13T09:04:00,36,Thursday,True
1726,u_196,Central Cafeteria,2026-08-13T08:28:00,2026-08-13T09:16:00,48,Thursday,True
1518,u_069,Central Cafeteria,2026-08-13T08:30:00,2026-08-13T09:50:00,80,Thursday,True
1535,u_082,Food Court,2026-08-13T08:30:00,2026-08-13T09:33:00,63,Thursday,True
1614,u_130,Food Court,2026-08-13T08:30:00,2026-08-13T09:46:00,76,Thursday,True
1454,u_021,Food Court,2026-08-13T08:31:00,2026-08-13T09:47:00,76,Thursday,True
1698,u_182,Central Cafeteria,2026-08-13T08:32:00,2026-08-13T09:39:00,67,Thursday,True
1514,u_067,Central Cafeteria,2026-08-13T08:36:00,2026-08-13T09:35:00,59,Thursday,True
1517,u_069,Computer Lab A,2026-08-13T08:38:00,2026-08-13T09:21:00,43,Thursday,True
1703,u_185,Central Cafeteria,2026-08-13T08:38:00,2026-08-13T09:04:00,26,Thursday,True
1541,u_086,Student Center,2026-08-13T08:40:00,2026-08-13T09:31:00,51,Thursday,True
1697,u_182,Student Center,2026-08-13T08:47:00,2026-08-13T10:26:00,99,Thursday,True
1520,u_070,Student Center,2026-08-13T08:50:00,2026-08-13T09:45:00,55,Thursday,True
1651,u_155,Computer Lab B,2026-08-13T08:53:00,2026-08-13T10:03:00,70,Thursday,True
1536,u_084,Computer Lab A,2026-08-13T08:54:00,2026-08-13T09:39:00,45,Thursday,True
1523,u_074,Computer Lab B,2026-08-13T08:58:00,2026-08-13T10:19:00,81,Thursday,True
1699,u_183,Computer Lab A,2026-08-13T09:00:00,2026-08-13T10:22:00,82,Thursday,True
1565,u_101,Computer Lab A,2026-08-13T09:05:00,2026-08-13T09:59:00,54,Thursday,True
1621,u_135,Computer Lab A,2026-08-13T09:06:00,2026-08-13T10:24:00,78,Thursday,True
1659,u_161,Computer Lab B,2026-08-13T09:11:00,2026-08-13T10:41:00,90,Thursday,True
1441,u_011,Computer Lab B,2026-08-13T09:13:00,2026-08-13T10:44:00,91,Thursday,True
1482,u_043,Computer Lab B,2026-08-13T09:50:00,2026-08-13T10:28:00,38,Thursday,True
1469,u_035,Student Center,2026-08-13T09:58:00,2026-08-13T10:41:00,43,Thursday,True
1663,u_163,Computer Lab B,2026-08-13T09:58:00,2026-08-13T11:38:00,100,Thursday,True
1582,u_113,Computer Lab B,2026-08-13T10:00:00,2026-08-13T10:57:00,57,Thursday,True
1440,u_011,Computer Lab A,2026-08-13T10:03:00,2026-08-13T11:50:00,107,Thursday,True
1476,u_040,Student Center,2026-08-13T10:03:00,2026-08-13T10:54:00,51,Thursday,True
1427,u_002,Computer Lab B,2026-08-13T10:09:00,2026-08-13T11:34:00,85,Thursday,True
1670,u_169,Student Center,2026-08-13T10:11:00,2026-08-13T11:58:00,107,Thursday,True
1524,u_076,Student Center,2026-08-13T10:12:00,2026-08-13T11:13:00,61,Thursday,True
1664,u_164,Food Court,2026-08-13T10:16:00,2026-08-13T11:45:00,89,Thursday,False
1455,u_021,Student Center,2026-08-13T10:17:00,2026-08-13T11:21:00,64,Thursday,True
1442,u_012,Student Center,2026-08-13T10:48:00,2026-08-13T11:40:00,52,Thursday,True
1678,u_173,Computer Lab A,2026-08-13T10:48:00,2026-08-13T11:27:00,39,Thursday,True
1429,u_002,Student Center,2026-08-13T10:53:00,2026-08-13T11:50:00,57,Thursday,True
1487,u_047,Student Center,2026-08-13T10:54:00,2026-08-13T11:47:00,53,Thursday,True
1609,u_127,Student Center,2026-08-13T10:54:00,2026-08-13T12:30:00,96,Thursday,True
1432,u_006,Computer Lab B,2026-08-13T10:55:00,2026-08-13T11:53:00,58,Thursday,True
1587,u_117,Computer Lab A,2026-08-13T10:55:00,2026-08-13T12:05:00,70,Thursday,True
1688,u_177,Computer Lab B,2026-08-13T10:55:00,2026-08-13T11:44:00,49,Thursday,True
1650,u_154,Computer Lab A,2026-08-13T10:59:00,2026-08-13T12:18:00,79,Thursday,True
1606,u_127,Computer Lab B,2026-08-13T11:00:00,2026-08-13T11:59:00,59,Thursday,True
1462,u_029,Computer Lab A,2026-08-13T11:01:00,2026-08-13T11:51:00,50,Thursday,True
1695,u_181,Computer Lab B,2026-08-13T11:02:00,2026-08-13T11:55:00,53,Thursday,True
1722,u_196,Computer Lab A,2026-08-13T11:08:00,2026-08-13T12:05:00,57,Thursday,True
1658,u_161,Student Center,2026-08-13T11:25:00,2026-08-13T13:01:00,96,Thursday,False
1619,u_134,Computer Lab A,2026-08-13T11:43:00,2026-08-13T12:43:00,60,Thursday,True
1714,u_190,Student Center,2026-08-13T11:54:00,2026-08-13T13:31:00,97,Thursday,True
1516,u_068,Computer Lab B,2026-08-13T11:58:00,2026-08-13T13:45:00,107,Thursday,True
1445,u_017,Student Center,2026-08-13T11:59:00,2026-08-13T13:32:00,93,Thursday,True
1601,u_124,Student Center,2026-08-13T12:00:00,2026-08-13T12:57:00,57,Thursday,True
1668,u_166,Student Center,2026-08-13T12:00:00,2026-08-13T13:09:00,69,Thursday,True
1552,u_094,Computer Lab B,2026-08-13T12:02:00,2026-08-13T13:18:00,76,Thursday,True
1457,u_025,Food Court,2026-08-13T12:07:00,2026-08-13T13:26:00,79,Thursday,True
1639,u_145,Student Center,2026-08-13T12:07:00,2026-08-13T12:59:00,52,Thursday,True
1727,u_197,Computer Lab B,2026-08-13T12:10:00,2026-08-13T13:09:00,59,Thursday,True
1693,u_180,Food Court,2026-08-13T12:14:00,2026-08-13T13:07:00,53,Thursday,True
1702,u_185,Student Center,2026-08-13T12:14:00,2026-08-13T13:09:00,55,Thursday,True
1674,u_171,Computer Lab B,2026-08-13T12:17:00,2026-08-13T13:04:00,47,Thursday,True
1679,u_175,Food Court,2026-08-13T12:17:00,2026-08-13T13:35:00,78,Thursday,False
1550,u_093,Food Court,2026-08-13T12:21:00,2026-08-13T13:27:00,66,Thursday,True
1572,u_105,Food Court,2026-08-13T12:21:00,2026-08-13T13:03:00,42,Thursday,True
1593,u_120,Food Court,2026-08-13T12:21:00,2026-08-13T13:00:00,39,Thursday,True
1620,u_134,Food Court,2026-08-13T12:22:00,2026-08-13T13:19:00,57,Thursday,True
1712,u_190,Central Cafeteria,2026-08-13T12:22:00,2026-08-13T12:50:00,28,Thursday,True
1466,u_032,Central Cafeteria,2026-08-13T12:23:00,2026-08-13T13:39:00,76,Thursday,True
1662,u_162,Central Cafeteria,2026-08-13T12:25:00,2026-08-13T13:29:00,64,Thursday,True
1648,u_152,Food Court,2026-08-13T12:26:00,2026-08-13T13:19:00,53,Thursday,True
1623,u_137,Food Court,2026-08-13T12:28:00,2026-08-13T12:58:00,30,Thursday,True
1687,u_177,Food Court,2026-08-13T12:28:00,2026-08-13T13:17:00,49,Thursday,True
1574,u_108,Food Court,2026-08-13T12:29:00,2026-08-13T13:20:00,51,Thursday,True
1654,u_157,Central Cafeteria,2026-08-13T12:29:00,2026-08-13T13:01:00,32,Thursday,True
1666,u_165,Central Cafeteria,2026-08-13T12:30:00,2026-08-13T13:42:00,72,Thursday,True
1690,u_178,Central Cafeteria,2026-08-13T12:30:00,2026-08-13T13:24:00,54,Thursday,True
1439,u_011,Food Court,2026-08-13T12:32:00,2026-08-13T13:08:00,36,Thursday,True
1707,u_187,Central Cafeteria,2026-08-13T12:32:00,2026-08-13T13:33:00,61,Thursday,True
1728,u_197,Central Cafeteria,2026-08-13T12:35:00,2026-08-13T13:33:00,58,Thursday,True
1649,u_153,Food Court,2026-08-13T12:36:00,2026-08-13T13:13:00,37,Thursday,True
1505,u_059,Central Cafeteria,2026-08-13T12:37:00,2026-08-13T13:15:00,38,Thursday,True
1512,u_065,Central Cafeteria,2026-08-13T12:40:00,2026-08-13T13:45:00,65,Thursday,True
1701,u_185,Food Court,2026-08-13T12:41:00,2026-08-13T13:50:00,69,Thursday,True
1719,u_194,Student Center,2026-08-13T12:42:00,2026-08-13T13:46:00,64,Thursday,True
1506,u_060,Food Court,2026-08-13T12:43:00,2026-08-13T13:31:00,48,Thursday,True
1530,u_080,Computer Lab B,2026-08-13T12:43:00,2026-08-13T14:13:00,90,Thursday,False
1583,u_113,Computer Lab A,2026-08-13T12:45:00,2026-08-13T14:26:00,101,Thursday,True
1584,u_114,Computer Lab A,2026-08-13T12:45:00,2026-08-13T13:29:00,44,Thursday,True
1667,u_165,Computer Lab B,2026-08-13T12:46:00,2026-08-13T13:43:00,57,Thursday,True
1544,u_088,Student Center,2026-08-13T12:53:00,2026-08-13T14:19:00,86,Thursday,True
1645,u_151,Computer Lab B,2026-08-13T12:53:00,2026-08-13T13:56:00,63,Thursday,True
1540,u_086,Computer Lab B,2026-08-13T12:55:00,2026-08-13T13:57:00,62,Thursday,True
1576,u_109,Computer Lab A,2026-08-13T12:55:00,2026-08-13T13:53:00,58,Thursday,True
1641,u_146,Computer Lab A,2026-08-13T12:58:00,2026-08-13T13:56:00,58,Thursday,True
1717,u_193,Computer Lab B,2026-08-13T12:59:00,2026-08-13T13:42:00,43,Thursday,True
1575,u_109,Computer Lab B,2026-08-13T13:02:00,2026-08-13T13:56:00,54,Thursday,True
1669,u_169,Computer Lab A,2026-08-13T13:06:00,2026-08-13T14:18:00,72,Thursday,True
1529,u_079,Computer Lab A,2026-08-13T13:10:00,2026-08-13T14:14:00,64,Thursday,True
1647,u_152,Computer Lab A,2026-08-13T13:12:00,2026-08-13T14:09:00,57,Thursday,True
1437,u_009,Student Center,2026-08-13T13:47:00,2026-08-13T15:11:00,84,Thursday,True
1444,u_016,Computer Lab A,2026-08-13T13:50:00,2026-08-13T14:46:00,56,Thursday,True
1642,u_149,Computer Lab A,2026-08-13T13:50:00,2026-08-13T14:22:00,32,Thursday,False
1630,u_141,Computer Lab A,2026-08-13T13:51:00,2026-08-13T14:50:00,59,Thursday,True
1507,u_061,Computer Lab A,2026-08-13T13:54:00,2026-08-13T14:51:00,57,Thursday,True
1598,u_123,Student Center,2026-08-13T13:55:00,2026-08-13T15:27:00,92,Thursday,True
1426,u_001,Student Center,2026-08-13T13:57:00,2026-08-13T15:35:00,98,Thursday,True
1472,u_036,Student Center,2026-08-13T13:57:00,2026-08-13T15:01:00,64,Thursday,True
1515,u_067,Student Center,2026-08-13T13:57:00,2026-08-13T14:47:00,50,Thursday,True
1579,u_110,Computer Lab A,2026-08-13T14:00:00,2026-08-13T15:10:00,70,Thursday,True
1610,u_128,Computer Lab A,2026-08-13T14:00:00,2026-08-13T15:02:00,62,Thursday,True
1616,u_131,Student Center,2026-08-13T14:00:00,2026-08-13T15:11:00,71,Thursday,True
1549,u_093,Computer Lab B,2026-08-13T14:02:00,2026-08-13T15:22:00,80,Thursday,True
1732,u_199,Computer Lab A,2026-08-13T14:04:00,2026-08-13T15:48:00,104,Thursday,True
1480,u_041,Computer Lab A,2026-08-13T14:48:00,2026-08-13T15:58:00,70,Thursday,True
1720,u_194,Computer Lab B,2026-08-13T14:52:00,2026-08-13T15:45:00,53,Thursday,True
1503,u_058,Computer Lab B,2026-08-13T14:55:00,2026-08-13T15:41:00,46,Thursday,True
1677,u_173,Indoor Sports Complex,2026-08-13T15:00:00,2026-08-13T16:26:00,86,Thursday,False
1730,u_199,Student Center,2026-08-13T15:02:00,2026-08-13T15:51:00,49,Thursday,True
1449,u_018,Computer Lab A,2026-08-13T15:05:00,2026-08-13T16:01:00,56,Thursday,True
1683,u_176,Food Court,2026-08-13T15:06:00,2026-08-13T15:54:00,48,Thursday,False
1435,u_008,Computer Lab A,2026-08-13T15:07:00,2026-08-13T15:55:00,48,Thursday,True
1542,u_087,Student Center,2026-08-13T15:08:00,2026-08-13T16:03:00,55,Thursday,True
1555,u_096,Student Center,2026-08-13T15:09:00,2026-08-13T16:53:00,104,Thursday,True
1424,u_001,Computer Lab B,2026-08-13T15:10:00,2026-08-13T16:42:00,92,Thursday,True
1676,u_172,Computer Lab B,2026-08-13T15:10:00,2026-08-13T15:57:00,47,Thursday,True
1692,u_180,Indoor Sports Complex,2026-08-13T15:26:00,2026-08-13T16:13:00,47,Thursday,False
1434,u_008,Main Library,2026-08-13T15:27:00,2026-08-13T17:02:00,95,Thursday,False
1493,u_049,Computer Lab A,2026-08-13T15:47:00,2026-08-13T16:45:00,58,Thursday,True
1637,u_144,Student Center,2026-08-13T15:47:00,2026-08-13T16:33:00,46,Thursday,True
1671,u_170,Computer Lab A,2026-08-13T15:49:00,2026-08-13T16:43:00,54,Thursday,True
1631,u_142,Main Library,2026-08-13T15:51:00,2026-08-13T16:52:00,61,Thursday,True
1438,u_010,Science Library,2026-08-13T15:57:00,2026-08-13T17:51:00,114,Thursday,True
1489,u_048,Student Center,2026-08-13T15:57:00,2026-08-13T16:54:00,57,Thursday,True
1681,u_175,Main Library,2026-08-13T15:59:00,2026-08-13T18:12:00,133,Thursday,True
1471,u_036,Main Library,2026-08-13T16:00:00,2026-08-13T19:11:00,191,Thursday,True
1463,u_029,Science Library,2026-08-13T16:02:00,2026-08-13T17:37:00,95,Thursday,True
1473,u_039,Main Library,2026-08-13T16:02:00,2026-08-13T17:52:00,110,Thursday,True
1589,u_118,WiFi Zone South,2026-08-13T16:02:00,2026-08-13T17:57:00,115,Thursday,False
1433,u_007,Computer Lab A,2026-08-13T16:03:00,2026-08-13T17:31:00,88,Thursday,True
1644,u_150,Main Library,2026-08-13T16:03:00,2026-08-13T17:43:00,100,Thursday,True
1686,u_177,Student Center,2026-08-13T16:03:00,2026-08-13T16:54:00,51,Thursday,True
1539,u_085,Science Library,2026-08-13T16:04:00,2026-08-13T17:36:00,92,Thursday,True
1656,u_157,Student Center,2026-08-13T16:06:00,2026-08-13T17:33:00,87,Thursday,True
1468,u_033,Student Center,2026-08-13T16:07:00,2026-08-13T17:57:00,110,Thursday,True
1731,u_199,Science Library,2026-08-13T16:07:00,2026-08-13T17:27:00,80,Thursday,True
1605,u_126,Computer Lab B,2026-08-13T16:08:00,2026-08-13T16:45:00,37,Thursday,True
1724,u_196,Science Library,2026-08-13T16:08:00,2026-08-13T18:00:00,112,Thursday,True
1537,u_084,Science Library,2026-08-13T16:09:00,2026-08-13T17:10:00,61,Thursday,True
1513,u_066,Main Library,2026-08-13T16:11:00,2026-08-13T17:04:00,53,Thursday,True
1447,u_017,Main Library,2026-08-13T16:12:00,2026-08-13T19:21:00,189,Thursday,True
1459,u_026,Computer Lab B,2026-08-13T16:13:00,2026-08-13T17:38:00,85,Thursday,True
1538,u_085,Student Center,2026-08-13T16:14:00,2026-08-13T17:30:00,76,Thursday,True
1680,u_175,Computer Lab B,2026-08-13T16:14:00,2026-08-13T17:10:00,56,Thursday,True
1570,u_104,Gymnasium,2026-08-13T16:37:00,2026-08-13T17:27:00,50,Thursday,True
1500,u_054,Main Library,2026-08-13T16:49:00,2026-08-13T17:47:00,58,Thursday,True
1673,u_170,Gymnasium,2026-08-13T16:50:00,2026-08-13T17:50:00,60,Thursday,True
1484,u_044,Indoor Sports Complex,2026-08-13T16:51:00,2026-08-13T17:53:00,62,Thursday,True
1700,u_183,Science Library,2026-08-13T16:51:00,2026-08-13T18:20:00,89,Thursday,True
1467,u_033,Indoor Sports Complex,2026-08-13T16:59:00,2026-08-13T18:26:00,87,Thursday,True
1475,u_039,Science Library,2026-08-13T17:00:00,2026-08-13T20:07:00,187,Thursday,True
1548,u_092,Indoor Sports Complex,2026-08-13T17:02:00,2026-08-13T18:31:00,89,Thursday,True
1629,u_141,Main Library,2026-08-13T17:02:00,2026-08-13T20:01:00,179,Thursday,True
1704,u_185,Science Library,2026-08-13T17:03:00,2026-08-13T20:23:00,200,Thursday,True
1502,u_058,Science Library,2026-08-13T17:04:00,2026-08-13T18:14:00,70,Thursday,True
1460,u_027,Indoor Sports Complex,2026-08-13T17:07:00,2026-08-13T18:04:00,57,Thursday,True
1622,u_136,Science Library,2026-08-13T17:07:00,2026-08-13T20:04:00,177,Thursday,True
1626,u_137,Main Library,2026-08-13T17:09:00,2026-08-13T19:23:00,134,Thursday,True
1436,u_009,Student Center,2026-08-13T17:24:00,2026-08-13T17:54:00,30,Thursday,False
1689,u_178,Central Cafeteria,2026-08-13T17:35:00,2026-08-13T17:56:00,21,Thursday,False
1479,u_040,Indoor Sports Complex,2026-08-13T17:42:00,2026-08-13T18:38:00,56,Thursday,True
1603,u_126,Indoor Sports Complex,2026-08-13T17:46:00,2026-08-13T18:44:00,58,Thursday,True
1566,u_101,Science Library,2026-08-13T17:47:00,2026-08-13T20:06:00,139,Thursday,True
1431,u_004,Gymnasium,2026-08-13T17:51:00,2026-08-13T19:22:00,91,Thursday,True
1563,u_100,Science Library,2026-08-13T17:52:00,2026-08-13T19:18:00,86,Thursday,True
1590,u_118,Indoor Sports Complex,2026-08-13T17:52:00,2026-08-13T18:39:00,47,Thursday,True
1638,u_145,Indoor Sports Complex,2026-08-13T17:55:00,2026-08-13T18:49:00,54,Thursday,True
1633,u_143,Main Library,2026-08-13T17:58:00,2026-08-13T19:18:00,80,Thursday,True
1551,u_094,Science Library,2026-08-13T17:59:00,2026-08-13T21:06:00,187,Thursday,True
1559,u_098,Indoor Sports Complex,2026-08-13T17:59:00,2026-08-13T19:22:00,83,Thursday,True
1591,u_119,Food Court,2026-08-13T18:00:00,2026-08-13T19:43:00,103,Thursday,False
1640,u_145,Science Library,2026-08-13T18:00:00,2026-08-13T20:16:00,136,Thursday,True
1477,u_040,Gymnasium,2026-08-13T18:01:00,2026-08-13T19:19:00,78,Thursday,True
1528,u_078,Science Library,2026-08-13T18:01:00,2026-08-13T19:42:00,101,Thursday,True
1534,u_082,WiFi Zone North,2026-08-13T18:02:00,2026-08-13T19:04:00,62,Thursday,False
1474,u_039,Gymnasium,2026-08-13T18:05:00,2026-08-13T18:58:00,53,Thursday,True
1499,u_053,Gymnasium,2026-08-13T18:05:00,2026-08-13T19:28:00,83,Thursday,True
1599,u_123,Main Library,2026-08-13T18:05:00,2026-08-13T19:49:00,104,Thursday,True
1612,u_129,Gymnasium,2026-08-13T18:05:00,2026-08-13T18:54:00,49,Thursday,True
1553,u_095,Science Library,2026-08-13T18:06:00,2026-08-13T19:09:00,63,Thursday,False
1580,u_111,Indoor Sports Complex,2026-08-13T18:06:00,2026-08-13T19:33:00,87,Thursday,True
1483,u_043,Science Library,2026-08-13T18:11:00,2026-08-13T21:15:00,184,Thursday,True
1696,u_182,Indoor Sports Complex,2026-08-13T18:12:00,2026-08-13T18:57:00,45,Thursday,True
1567,u_102,WiFi Zone North,2026-08-13T18:23:00,2026-08-13T20:00:00,97,Thursday,False
1596,u_121,Science Library,2026-08-13T18:24:00,2026-08-13T20:09:00,105,Thursday,True
1602,u_125,Student Center,2026-08-13T18:32:00,2026-08-13T19:31:00,59,Thursday,False
1554,u_095,Science Library,2026-08-13T18:39:00,2026-08-13T20:14:00,95,Thursday,True
1456,u_023,Central Cafeteria,2026-08-13T18:40:00,2026-08-13T19:30:00,50,Thursday,True
1470,u_036,Food Court,2026-08-13T18:44:00,2026-08-13T19:54:00,70,Thursday,True
1495,u_049,Main Library,2026-08-13T18:45:00,2026-08-13T21:05:00,140,Thursday,True
1510,u_064,Central Cafeteria,2026-08-13T18:45:00,2026-08-13T19:49:00,64,Thursday,True
1617,u_131,Main Library,2026-08-13T18:45:00,2026-08-13T21:45:00,180,Thursday,True
1522,u_073,Central Cafeteria,2026-08-13T18:47:00,2026-08-13T19:55:00,68,Thursday,True
1684,u_176,Gymnasium,2026-08-13T18:48:00,2026-08-13T19:59:00,71,Thursday,True
1448,u_017,Indoor Sports Complex,2026-08-13T18:50:00,2026-08-13T19:46:00,56,Thursday,True
1625,u_137,Science Library,2026-08-13T18:52:00,2026-08-13T20:19:00,87,Thursday,True
1713,u_190,Science Library,2026-08-13T18:52:00,2026-08-13T22:09:00,197,Thursday,True
1501,u_054,Food Court,2026-08-13T18:53:00,2026-08-13T20:04:00,71,Thursday,True
1526,u_078,Food Court,2026-08-13T18:53:00,2026-08-13T19:36:00,43,Thursday,True
1613,u_129,Science Library,2026-08-13T18:53:00,2026-08-13T20:11:00,78,Thursday,True
1660,u_161,Food Court,2026-08-13T18:53:00,2026-08-13T20:09:00,76,Thursday,True
1428,u_002,Gymnasium,2026-08-13T18:54:00,2026-08-13T20:21:00,87,Thursday,True
1491,u_049,Central Cafeteria,2026-08-13T18:54:00,2026-08-13T19:48:00,54,Thursday,True
1709,u_188,Food Court,2026-08-13T18:54:00,2026-08-13T19:52:00,58,Thursday,True
1504,u_058,Food Court,2026-08-13T18:56:00,2026-08-13T19:31:00,35,Thursday,True
1635,u_144,Central Cafeteria,2026-08-13T18:56:00,2026-08-13T19:40:00,44,Thursday,True
1729,u_199,Gymnasium,2026-08-13T18:56:00,2026-08-13T20:41:00,105,Thursday,True
1532,u_081,Main Library,2026-08-13T18:57:00,2026-08-13T20:32:00,95,Thursday,True
1595,u_121,Indoor Sports Complex,2026-08-13T18:57:00,2026-08-13T20:09:00,72,Thursday,True
1643,u_150,Central Cafeteria,2026-08-13T18:57:00,2026-08-13T19:36:00,39,Thursday,True
1705,u_186,Main Library,2026-08-13T18:58:00,2026-08-13T20:05:00,67,Thursday,True
1425,u_001,Indoor Sports Complex,2026-08-13T18:59:00,2026-08-13T19:49:00,50,Thursday,True
1458,u_026,Central Cafeteria,2026-08-13T18:59:00,2026-08-13T19:29:00,30,Thursday,True
1494,u_049,Science Library,2026-08-13T18:59:00,2026-08-13T20:50:00,111,Thursday,True
1568,u_102,Central Cafeteria,2026-08-13T18:59:00,2026-08-13T19:45:00,46,Thursday,True
1710,u_189,Gymnasium,2026-08-13T19:00:00,2026-08-13T20:37:00,97,Thursday,True
1519,u_069,Main Library,2026-08-13T19:01:00,2026-08-13T21:03:00,122,Thursday,True
1560,u_098,Science Library,2026-08-13T19:01:00,2026-08-13T20:06:00,65,Thursday,True
1481,u_042,Food Court,2026-08-13T19:02:00,2026-08-13T19:41:00,39,Thursday,True
1558,u_098,Central Cafeteria,2026-08-13T19:02:00,2026-08-13T19:27:00,25,Thursday,True
1511,u_065,Main Library,2026-08-13T19:03:00,2026-08-13T20:05:00,62,Thursday,True
1652,u_156,Gymnasium,2026-08-13T19:03:00,2026-08-13T19:42:00,39,Thursday,True
1533,u_081,Indoor Sports Complex,2026-08-13T19:05:00,2026-08-13T20:41:00,96,Thursday,True
1547,u_090,Indoor Sports Complex,2026-08-13T19:05:00,2026-08-13T20:42:00,97,Thursday,True
1672,u_170,Central Cafeteria,2026-08-13T19:05:00,2026-08-13T19:55:00,50,Thursday,True
1685,u_176,Food Court,2026-08-13T19:05:00,2026-08-13T20:16:00,71,Thursday,True
1691,u_178,Food Court,2026-08-13T19:06:00,2026-08-13T19:55:00,49,Thursday,True
1498,u_052,Central Cafeteria,2026-08-13T19:08:00,2026-08-13T19:45:00,37,Thursday,True
1604,u_126,Science Library,2026-08-13T19:11:00,2026-08-13T22:13:00,182,Thursday,True
1527,u_078,Indoor Sports Complex,2026-08-13T19:15:00,2026-08-13T20:49:00,94,Thursday,True
1624,u_137,Central Cafeteria,2026-08-13T19:19:00,2026-08-13T20:09:00,50,Thursday,True
1581,u_112,Main Library,2026-08-13T19:30:00,2026-08-13T20:59:00,89,Thursday,True
1597,u_122,Gymnasium,2026-08-13T19:42:00,2026-08-13T21:07:00,85,Thursday,True
1611,u_129,Indoor Sports Complex,2026-08-13T19:42:00,2026-08-13T20:44:00,62,Thursday,True
1573,u_106,Gymnasium,2026-08-13T19:57:00,2026-08-13T21:12:00,75,Thursday,True
1715,u_191,Gymnasium,2026-08-13T19:57:00,2026-08-13T20:48:00,51,Thursday,True
1585,u_114,Main Library,2026-08-13T19:58:00,2026-08-13T22:13:00,135,Thursday,True
1564,u_101,Main Library,2026-08-13T19:59:00,2026-08-13T21:51:00,112,Thursday,True
1490,u_048,Gymnasium,2026-08-13T20:00:00,2026-08-13T20:51:00,51,Thursday,True
1557,u_097,Main Library,2026-08-13T20:00:00,2026-08-13T22:17:00,137,Thursday,True
1723,u_196,Gymnasium,2026-08-13T20:01:00,2026-08-13T20:52:00,51,Thursday,True
1657,u_159,Science Library,2026-08-13T20:02:00,2026-08-13T22:13:00,131,Thursday,True
1636,u_144,Main Library,2026-08-13T20:06:00,2026-08-13T21:56:00,110,Thursday,True
1655,u_157,Science Library,2026-08-13T20:07:00,2026-08-13T21:40:00,93,Thursday,True
1628,u_138,Indoor Sports Complex,2026-08-13T20:08:00,2026-08-13T20:45:00,37,Thursday,True
1478,u_040,Main Library,2026-08-13T20:09:00,2026-08-13T22:19:00,130,Thursday,True
1608,u_127,Main Library,2026-08-13T20:17:00,2026-08-13T22:28:00,131,Thursday,True
1586,u_114,Science Library,2026-08-13T20:44:00,2026-08-13T21:52:00,68,Thursday,True
1497,u_051,Main Library,2026-08-13T20:48:00,2026-08-14T00:08:00,200,Thursday,True
1578,u_109,Main Library,2026-08-13T20:49:00,2026-08-13T22:28:00,99,Thursday,True
1708,u_188,Main Library,2026-08-13T20:51:00,2026-08-13T23:58:00,187,Thursday,True
1451,u_018,Science Library,2026-08-13T20:57:00,2026-08-13T23:54:00,177,Thursday,True
1665,u_164,Main Library,2026-08-13T20:58:00,2026-08-13T23:58:00,180,Thursday,True
1525,u_077,Main Library,2026-08-13T21:04:00,2026-08-14T00:24:00,200,Thursday,True
1545,u_089,Science Library,2026-08-13T21:04:00,2026-08-13T22:51:00,107,Thursday,True
1632,u_142,Science Library,2026-08-13T21:04:00,2026-08-13T22:33:00,89,Thursday,True
1716,u_191,Science Library,2026-08-13T21:06:00,2026-08-13T23:13:00,127,Thursday,True
1940,u_158,Gymnasium,2026-08-14T05:44:00,2026-08-14T07:02:00,78,Friday,True
1752,u_018,Gymnasium,2026-08-14T05:47:00,2026-08-14T06:37:00,50,Friday,True
1889,u_119,Gymnasium,2026-08-14T05:47:00,2026-08-14T06:42:00,55,Friday,True
1891,u_120,Gymnasium,2026-08-14T05:47:00,2026-08-14T07:25:00,98,Friday,True
1909,u_134,Gymnasium,2026-08-14T05:47:00,2026-08-14T06:48:00,61,Friday,True
1911,u_136,Indoor Sports Complex,2026-08-14T05:50:00,2026-08-14T06:54:00,64,Friday,True
1734,u_003,Indoor Sports Complex,2026-08-14T05:51:00,2026-08-14T06:53:00,62,Friday,True
1853,u_096,Gymnasium,2026-08-14T05:54:00,2026-08-14T07:28:00,94,Friday,True
1923,u_143,Gymnasium,2026-08-14T05:59:00,2026-08-14T07:28:00,89,Friday,True
1773,u_032,Gymnasium,2026-08-14T06:00:00,2026-08-14T07:24:00,84,Friday,True
1903,u_130,Indoor Sports Complex,2026-08-14T06:01:00,2026-08-14T07:36:00,95,Friday,True
1767,u_029,Gymnasium,2026-08-14T06:07:00,2026-08-14T07:03:00,56,Friday,True
1875,u_112,Indoor Sports Complex,2026-08-14T06:09:00,2026-08-14T06:53:00,44,Friday,True
1870,u_106,Indoor Sports Complex,2026-08-14T06:41:00,2026-08-14T07:52:00,71,Friday,True
1817,u_065,Gymnasium,2026-08-14T06:51:00,2026-08-14T08:06:00,75,Friday,True
1805,u_057,Indoor Sports Complex,2026-08-14T06:53:00,2026-08-14T07:55:00,62,Friday,True
1861,u_102,Gymnasium,2026-08-14T06:56:00,2026-08-14T08:15:00,79,Friday,True
1988,u_193,Indoor Sports Complex,2026-08-14T07:00:00,2026-08-14T08:17:00,77,Friday,True
1847,u_089,Gymnasium,2026-08-14T07:01:00,2026-08-14T08:04:00,63,Friday,True
1809,u_060,Indoor Sports Complex,2026-08-14T07:05:00,2026-08-14T08:11:00,66,Friday,True
1845,u_087,Gymnasium,2026-08-14T07:05:00,2026-08-14T07:44:00,39,Friday,True
1937,u_156,Indoor Sports Complex,2026-08-14T07:16:00,2026-08-14T09:05:00,109,Friday,True
1959,u_171,Indoor Sports Complex,2026-08-14T07:19:00,2026-08-14T08:26:00,67,Friday,True
1735,u_004,Indoor Sports Complex,2026-08-14T07:31:00,2026-08-14T09:11:00,100,Friday,True
1826,u_070,Indoor Sports Complex,2026-08-14T07:47:00,2026-08-14T09:09:00,82,Friday,True
1749,u_017,Gymnasium,2026-08-14T07:49:00,2026-08-14T08:40:00,51,Friday,True
1769,u_030,Indoor Sports Complex,2026-08-14T07:50:00,2026-08-14T08:44:00,54,Friday,True
1914,u_138,Gymnasium,2026-08-14T07:53:00,2026-08-14T09:28:00,95,Friday,True
1897,u_125,Gymnasium,2026-08-14T07:55:00,2026-08-14T09:40:00,105,Friday,True
1957,u_170,Indoor Sports Complex,2026-08-14T07:55:00,2026-08-14T08:37:00,42,Friday,True
1810,u_060,Gymnasium,2026-08-14T07:58:00,2026-08-14T08:45:00,47,Friday,True
1768,u_029,Indoor Sports Complex,2026-08-14T08:00:00,2026-08-14T09:23:00,83,Friday,True
1822,u_068,Indoor Sports Complex,2026-08-14T08:00:00,2026-08-14T09:49:00,109,Friday,True
1799,u_050,Indoor Sports Complex,2026-08-14T08:01:00,2026-08-14T09:16:00,75,Friday,True
1836,u_083,Indoor Sports Complex,2026-08-14T08:02:00,2026-08-14T08:37:00,35,Friday,True
1970,u_180,Gymnasium,2026-08-14T08:02:00,2026-08-14T09:17:00,75,Friday,True
1737,u_006,Gymnasium,2026-08-14T08:05:00,2026-08-14T09:02:00,57,Friday,True
1900,u_126,Gymnasium,2026-08-14T08:09:00,2026-08-14T09:00:00,51,Friday,True
1814,u_063,Central Cafeteria,2026-08-14T08:11:00,2026-08-14T09:01:00,50,Friday,True
1783,u_039,Food Court,2026-08-14T08:12:00,2026-08-14T09:00:00,48,Friday,True
1755,u_020,Food Court,2026-08-14T08:15:00,2026-08-14T09:26:00,71,Friday,True
1775,u_034,Central Cafeteria,2026-08-14T08:23:00,2026-08-14T08:51:00,28,Friday,True
1933,u_154,Central Cafeteria,2026-08-14T08:23:00,2026-08-14T09:37:00,74,Friday,True
1992,u_198,Central Cafeteria,2026-08-14T08:24:00,2026-08-14T09:39:00,75,Friday,True
1877,u_113,Food Court,2026-08-14T08:25:00,2026-08-14T09:00:00,35,Friday,True
1833,u_080,Central Cafeteria,2026-08-14T08:28:00,2026-08-14T09:03:00,35,Friday,True
1746,u_014,Central Cafeteria,2026-08-14T08:30:00,2026-08-14T09:18:00,48,Friday,True
1925,u_145,Food Court,2026-08-14T08:30:00,2026-08-14T09:09:00,39,Friday,True
1936,u_155,Central Cafeteria,2026-08-14T08:30:00,2026-08-14T09:14:00,44,Friday,True
1991,u_196,Central Cafeteria,2026-08-14T08:33:00,2026-08-14T09:21:00,48,Friday,True
1778,u_036,Central Cafeteria,2026-08-14T08:35:00,2026-08-14T08:57:00,22,Friday,True
1885,u_117,Food Court,2026-08-14T08:38:00,2026-08-14T09:23:00,45,Friday,True
1910,u_135,Central Cafeteria,2026-08-14T08:41:00,2026-08-14T09:50:00,69,Friday,True
1744,u_012,Computer Lab B,2026-08-14T08:44:00,2026-08-14T09:44:00,60,Friday,True
1915,u_138,Central Cafeteria,2026-08-14T08:45:00,2026-08-14T09:25:00,40,Friday,True
1839,u_084,Food Court,2026-08-14T08:46:00,2026-08-14T09:19:00,33,Friday,True
1759,u_023,Computer Lab B,2026-08-14T08:49:00,2026-08-14T09:24:00,35,Friday,True
1838,u_084,Computer Lab B,2026-08-14T08:49:00,2026-08-14T10:29:00,100,Friday,True
1819,u_065,Computer Lab B,2026-08-14T08:52:00,2026-08-14T09:44:00,52,Friday,True
1943,u_161,Computer Lab B,2026-08-14T08:53:00,2026-08-14T10:40:00,107,Friday,True
1825,u_070,Student Center,2026-08-14T08:54:00,2026-08-14T09:37:00,43,Friday,True
1857,u_101,Computer Lab A,2026-08-14T08:56:00,2026-08-14T09:42:00,46,Friday,True
1895,u_125,Computer Lab B,2026-08-14T08:56:00,2026-08-14T09:54:00,58,Friday,True
1850,u_094,Computer Lab A,2026-08-14T08:57:00,2026-08-14T09:16:00,19,Friday,False
1748,u_015,Computer Lab A,2026-08-14T09:02:00,2026-08-14T10:00:00,58,Friday,True
1830,u_074,Computer Lab B,2026-08-14T09:04:00,2026-08-14T10:45:00,101,Friday,True
1935,u_155,Student Center,2026-08-14T09:04:00,2026-08-14T10:54:00,110,Friday,True
1843,u_086,Student Center,2026-08-14T09:06:00,2026-08-14T10:10:00,64,Friday,True
1971,u_182,Student Center,2026-08-14T09:08:00,2026-08-14T10:44:00,96,Friday,True
1972,u_183,Computer Lab A,2026-08-14T09:25:00,2026-08-14T10:46:00,81,Friday,True
1941,u_160,Computer Lab A,2026-08-14T09:46:00,2026-08-14T10:42:00,56,Friday,False
1931,u_153,Student Center,2026-08-14T09:54:00,2026-08-14T10:54:00,60,Friday,True
1790,u_046,Computer Lab B,2026-08-14T09:59:00,2026-08-14T11:38:00,99,Friday,True
1743,u_011,Computer Lab A,2026-08-14T10:00:00,2026-08-14T11:37:00,97,Friday,True
1821,u_066,Computer Lab B,2026-08-14T10:00:00,2026-08-14T11:40:00,100,Friday,True
1947,u_163,Computer Lab B,2026-08-14T10:02:00,2026-08-14T11:52:00,110,Friday,True
1979,u_188,Computer Lab B,2026-08-14T10:04:00,2026-08-14T11:28:00,84,Friday,True
1765,u_027,Computer Lab A,2026-08-14T10:06:00,2026-08-14T11:37:00,91,Friday,True
1784,u_040,Student Center,2026-08-14T10:06:00,2026-08-14T10:41:00,35,Friday,True
1986,u_193,Student Center,2026-08-14T10:09:00,2026-08-14T11:05:00,56,Friday,True
1854,u_097,Computer Lab B,2026-08-14T10:10:00,2026-08-14T11:50:00,100,Friday,False
1811,u_063,Student Center,2026-08-14T10:40:00,2026-08-14T12:12:00,92,Friday,False
1950,u_164,Student Center,2026-08-14T10:58:00,2026-08-14T12:35:00,97,Friday,True
1859,u_101,Computer Lab B,2026-08-14T10:59:00,2026-08-14T12:36:00,97,Friday,True
1876,u_113,Student Center,2026-08-14T11:03:00,2026-08-14T11:54:00,51,Friday,True
1966,u_177,Computer Lab B,2026-08-14T11:04:00,2026-08-14T12:06:00,62,Friday,True
1901,u_127,Computer Lab B,2026-08-14T11:06:00,2026-08-14T11:59:00,53,Friday,True
1898,u_126,Main Library,2026-08-14T11:19:00,2026-08-14T13:06:00,107,Friday,False
1883,u_117,Computer Lab A,2026-08-14T11:26:00,2026-08-14T12:37:00,71,Friday,True
1980,u_190,Student Center,2026-08-14T11:42:00,2026-08-14T13:18:00,96,Friday,True
1851,u_094,Computer Lab B,2026-08-14T11:52:00,2026-08-14T13:01:00,69,Friday,True
1894,u_124,Computer Lab B,2026-08-14T11:53:00,2026-08-14T12:36:00,43,Friday,True
1975,u_185,Student Center,2026-08-14T11:56:00,2026-08-14T13:04:00,68,Friday,True
1945,u_162,Computer Lab A,2026-08-14T11:58:00,2026-08-14T12:48:00,50,Friday,True
1904,u_130,Student Center,2026-08-14T11:59:00,2026-08-14T13:07:00,68,Friday,True
1888,u_119,Computer Lab B,2026-08-14T12:00:00,2026-08-14T12:55:00,55,Friday,True
1916,u_139,Student Center,2026-08-14T12:00:00,2026-08-14T13:15:00,75,Friday,True
1954,u_166,Student Center,2026-08-14T12:03:00,2026-08-14T13:23:00,80,Friday,True
1863,u_103,Student Center,2026-08-14T12:04:00,2026-08-14T13:28:00,84,Friday,True
1886,u_117,Student Center,2026-08-14T12:06:00,2026-08-14T13:41:00,95,Friday,True
1867,u_105,Food Court,2026-08-14T12:17:00,2026-08-14T12:55:00,38,Friday,True
1792,u_047,Central Cafeteria,2026-08-14T12:22:00,2026-08-14T13:40:00,78,Friday,True
1976,u_187,Computer Lab A,2026-08-14T12:23:00,2026-08-14T12:42:00,19,Friday,False
1905,u_132,Food Court,2026-08-14T12:26:00,2026-08-14T13:04:00,38,Friday,True
1956,u_169,Central Cafeteria,2026-08-14T12:27:00,2026-08-14T13:39:00,72,Friday,True
1965,u_177,Food Court,2026-08-14T12:27:00,2026-08-14T13:17:00,50,Friday,True
1908,u_134,Food Court,2026-08-14T12:28:00,2026-08-14T13:47:00,79,Friday,True
1741,u_011,Food Court,2026-08-14T12:32:00,2026-08-14T12:59:00,27,Friday,True
1930,u_151,Central Cafeteria,2026-08-14T12:32:00,2026-08-14T13:11:00,39,Friday,True
1846,u_088,Computer Lab B,2026-08-14T12:33:00,2026-08-14T13:10:00,37,Friday,False
1929,u_151,Food Court,2026-08-14T12:33:00,2026-08-14T13:00:00,27,Friday,True
1952,u_165,Central Cafeteria,2026-08-14T12:37:00,2026-08-14T13:29:00,52,Friday,True
1849,u_093,Food Court,2026-08-14T12:38:00,2026-08-14T13:54:00,76,Friday,True
1932,u_153,Food Court,2026-08-14T12:39:00,2026-08-14T13:02:00,23,Friday,True
1802,u_053,Central Cafeteria,2026-08-14T12:40:00,2026-08-14T13:25:00,45,Friday,True
1878,u_114,Computer Lab A,2026-08-14T12:41:00,2026-08-14T13:21:00,40,Friday,True
1987,u_193,Food Court,2026-08-14T12:41:00,2026-08-14T13:20:00,39,Friday,True
1750,u_017,Food Court,2026-08-14T12:42:00,2026-08-14T13:21:00,39,Friday,True
1869,u_106,Computer Lab B,2026-08-14T12:44:00,2026-08-14T13:43:00,59,Friday,True
1969,u_180,Food Court,2026-08-14T12:51:00,2026-08-14T13:46:00,55,Friday,True
1873,u_109,Computer Lab B,2026-08-14T12:55:00,2026-08-14T13:37:00,42,Friday,True
1953,u_165,Computer Lab B,2026-08-14T12:55:00,2026-08-14T13:56:00,61,Friday,True
1770,u_031,Student Center,2026-08-14T12:57:00,2026-08-14T14:44:00,107,Friday,True
1961,u_175,Student Center,2026-08-14T13:02:00,2026-08-14T13:40:00,38,Friday,True
1774,u_033,Computer Lab B,2026-08-14T13:04:00,2026-08-14T14:26:00,82,Friday,True
1942,u_160,Computer Lab A,2026-08-14T13:17:00,2026-08-14T14:26:00,69,Friday,True
1736,u_006,Computer Lab A,2026-08-14T13:46:00,2026-08-14T14:01:00,15,Friday,False
1745,u_013,Computer Lab B,2026-08-14T13:47:00,2026-08-14T14:55:00,68,Friday,True
1753,u_019,Computer Lab B,2026-08-14T13:49:00,2026-08-14T14:39:00,50,Friday,True
1995,u_199,Computer Lab A,2026-08-14T13:57:00,2026-08-14T15:20:00,83,Friday,True
1786,u_040,Computer Lab A,2026-08-14T13:58:00,2026-08-14T15:33:00,95,Friday,True
1818,u_065,Student Center,2026-08-14T13:58:00,2026-08-14T14:55:00,57,Friday,True
1848,u_093,Computer Lab B,2026-08-14T13:58:00,2026-08-14T15:18:00,80,Friday,True
1919,u_141,Computer Lab A,2026-08-14T13:58:00,2026-08-14T14:46:00,48,Friday,True
1982,u_191,Computer Lab B,2026-08-14T14:03:00,2026-08-14T15:01:00,58,Friday,True
1922,u_143,Computer Lab B,2026-08-14T14:07:00,2026-08-14T14:56:00,49,Friday,True
1997,u_200,Computer Lab B,2026-08-14T14:11:00,2026-08-14T15:05:00,54,Friday,True
1840,u_085,Computer Lab B,2026-08-14T14:39:00,2026-08-14T15:59:00,80,Friday,True
1835,u_083,Student Center,2026-08-14T14:42:00,2026-08-14T16:25:00,103,Friday,False
1994,u_199,Student Center,2026-08-14T14:45:00,2026-08-14T15:42:00,57,Friday,True
1800,u_052,Student Center,2026-08-14T14:46:00,2026-08-14T15:27:00,41,Friday,False
1949,u_163,Student Center,2026-08-14T14:48:00,2026-08-14T15:36:00,48,Friday,True
1989,u_194,Computer Lab B,2026-08-14T14:51:00,2026-08-14T16:08:00,77,Friday,True
1807,u_058,Computer Lab B,2026-08-14T14:57:00,2026-08-14T15:45:00,48,Friday,True
1815,u_063,Computer Lab A,2026-08-14T14:58:00,2026-08-14T16:29:00,91,Friday,True
1761,u_024,Computer Lab A,2026-08-14T15:06:00,2026-08-14T16:01:00,55,Friday,True
1844,u_087,Student Center,2026-08-14T15:09:00,2026-08-14T16:04:00,55,Friday,True
1787,u_041,Computer Lab A,2026-08-14T15:10:00,2026-08-14T16:08:00,58,Friday,True
1996,u_200,Food Court,2026-08-14T15:10:00,2026-08-14T16:06:00,56,Friday,False
1990,u_195,Student Center,2026-08-14T15:13:00,2026-08-14T16:43:00,90,Friday,True
1733,u_001,Computer Lab B,2026-08-14T15:15:00,2026-08-14T16:52:00,97,Friday,True
1751,u_018,Computer Lab B,2026-08-14T15:16:00,2026-08-14T16:17:00,61,Friday,True
1860,u_102,Science Library,2026-08-14T15:52:00,2026-08-14T17:54:00,122,Friday,True
1828,u_071,Computer Lab A,2026-08-14T15:54:00,2026-08-14T16:59:00,65,Friday,True
1892,u_123,Computer Lab B,2026-08-14T15:54:00,2026-08-14T17:14:00,80,Friday,True
1738,u_009,Computer Lab A,2026-08-14T15:56:00,2026-08-14T17:43:00,107,Friday,True
1782,u_039,Main Library,2026-08-14T15:56:00,2026-08-14T17:31:00,95,Friday,True
1964,u_177,Student Center,2026-08-14T15:59:00,2026-08-14T16:56:00,57,Friday,True
1998,u_200,Science Library,2026-08-14T15:59:00,2026-08-14T17:24:00,85,Friday,True
1796,u_049,Computer Lab A,2026-08-14T16:00:00,2026-08-14T17:17:00,77,Friday,True
1804,u_056,Student Center,2026-08-14T16:00:00,2026-08-14T17:42:00,102,Friday,True
1824,u_070,Main Library,2026-08-14T16:00:00,2026-08-14T17:02:00,62,Friday,True
1939,u_157,Student Center,2026-08-14T16:00:00,2026-08-14T17:37:00,97,Friday,True
1913,u_137,Student Center,2026-08-14T16:01:00,2026-08-14T16:40:00,39,Friday,True
1890,u_120,Student Center,2026-08-14T16:03:00,2026-08-14T17:28:00,85,Friday,True
1763,u_026,Computer Lab B,2026-08-14T16:04:00,2026-08-14T17:46:00,102,Friday,True
1884,u_117,Computer Lab B,2026-08-14T16:05:00,2026-08-14T17:43:00,98,Friday,True
1920,u_142,Main Library,2026-08-14T16:08:00,2026-08-14T17:21:00,73,Friday,True
1948,u_163,Main Library,2026-08-14T16:08:00,2026-08-14T17:11:00,63,Friday,True
1974,u_184,Main Library,2026-08-14T16:08:00,2026-08-14T19:21:00,193,Friday,True
1812,u_063,Student Center,2026-08-14T16:09:00,2026-08-14T17:41:00,92,Friday,True
1762,u_025,Computer Lab B,2026-08-14T16:10:00,2026-08-14T17:11:00,61,Friday,True
1837,u_084,Science Library,2026-08-14T16:16:00,2026-08-14T17:25:00,69,Friday,True
1793,u_048,Student Center,2026-08-14T16:22:00,2026-08-14T17:13:00,51,Friday,True
1955,u_167,Student Center,2026-08-14T16:26:00,2026-08-14T17:25:00,59,Friday,True
1766,u_027,Indoor Sports Complex,2026-08-14T16:46:00,2026-08-14T17:40:00,54,Friday,True
1864,u_104,Gymnasium,2026-08-14T16:50:00,2026-08-14T18:05:00,75,Friday,True
1973,u_183,Science Library,2026-08-14T16:52:00,2026-08-14T18:27:00,95,Friday,True
1881,u_115,Main Library,2026-08-14T16:54:00,2026-08-14T19:44:00,170,Friday,True
1856,u_099,Main Library,2026-08-14T16:55:00,2026-08-14T17:50:00,55,Friday,True
1816,u_064,Science Library,2026-08-14T16:57:00,2026-08-14T17:58:00,61,Friday,False
1958,u_170,Gymnasium,2026-08-14T16:58:00,2026-08-14T17:49:00,51,Friday,True
1779,u_037,Main Library,2026-08-14T17:00:00,2026-08-14T18:05:00,65,Friday,True
1928,u_148,Indoor Sports Complex,2026-08-14T17:00:00,2026-08-14T18:25:00,85,Friday,True
1946,u_162,Indoor Sports Complex,2026-08-14T17:01:00,2026-08-14T18:03:00,62,Friday,True
1927,u_146,Gymnasium,2026-08-14T17:02:00,2026-08-14T17:57:00,55,Friday,True
1880,u_115,Gymnasium,2026-08-14T17:05:00,2026-08-14T18:09:00,64,Friday,True
1918,u_141,Main Library,2026-08-14T17:06:00,2026-08-14T20:21:00,195,Friday,True
1917,u_140,Gymnasium,2026-08-14T17:10:00,2026-08-14T18:18:00,68,Friday,True
1806,u_058,Science Library,2026-08-14T17:20:00,2026-08-14T18:13:00,53,Friday,True
1758,u_021,Gymnasium,2026-08-14T17:27:00,2026-08-14T18:54:00,87,Friday,True
1921,u_143,Main Library,2026-08-14T17:48:00,2026-08-14T18:50:00,62,Friday,True
1776,u_034,Indoor Sports Complex,2026-08-14T17:51:00,2026-08-14T19:28:00,97,Friday,True
1865,u_104,Science Library,2026-08-14T17:52:00,2026-08-14T19:06:00,74,Friday,True
1813,u_063,Science Library,2026-08-14T17:53:00,2026-08-14T20:00:00,127,Friday,True
1906,u_133,Indoor Sports Complex,2026-08-14T17:54:00,2026-08-14T18:31:00,37,Friday,True
1785,u_040,Gymnasium,2026-08-14T17:56:00,2026-08-14T18:59:00,63,Friday,True
1829,u_072,Indoor Sports Complex,2026-08-14T18:00:00,2026-08-14T19:00:00,60,Friday,True
1874,u_111,Indoor Sports Complex,2026-08-14T18:00:00,2026-08-14T19:48:00,108,Friday,True
1924,u_144,Indoor Sports Complex,2026-08-14T18:01:00,2026-08-14T19:01:00,60,Friday,True
1764,u_027,Science Library,2026-08-14T18:03:00,2026-08-14T19:39:00,96,Friday,True
1772,u_032,Indoor Sports Complex,2026-08-14T18:04:00,2026-08-14T19:03:00,59,Friday,True
1740,u_010,Main Library,2026-08-14T18:08:00,2026-08-14T20:23:00,135,Friday,True
1788,u_043,Science Library,2026-08-14T18:09:00,2026-08-14T21:14:00,185,Friday,True
1803,u_053,Gymnasium,2026-08-14T18:09:00,2026-08-14T19:35:00,86,Friday,True
1926,u_145,Science Library,2026-08-14T18:09:00,2026-08-14T20:27:00,138,Friday,True
1858,u_101,Science Library,2026-08-14T18:10:00,2026-08-14T20:24:00,134,Friday,True
1757,u_021,Main Library,2026-08-14T18:15:00,2026-08-14T19:31:00,76,Friday,True
1771,u_031,Science Library,2026-08-14T18:22:00,2026-08-14T21:21:00,179,Friday,True
1827,u_071,WiFi Zone South,2026-08-14T18:23:00,2026-08-14T19:46:00,83,Friday,False
1866,u_105,Student Center,2026-08-14T18:35:00,2026-08-14T20:34:00,119,Friday,False
1981,u_191,Food Court,2026-08-14T18:41:00,2026-08-14T19:45:00,64,Friday,True
1754,u_019,Science Library,2026-08-14T18:45:00,2026-08-14T21:54:00,189,Friday,True
1882,u_116,Food Court,2026-08-14T18:45:00,2026-08-14T19:36:00,51,Friday,True
1795,u_049,Central Cafeteria,2026-08-14T18:46:00,2026-08-14T19:26:00,40,Friday,True
1983,u_191,Main Library,2026-08-14T18:46:00,2026-08-14T19:46:00,60,Friday,True
1963,u_176,Food Court,2026-08-14T18:49:00,2026-08-14T19:59:00,70,Friday,True
1820,u_065,Main Library,2026-08-14T18:50:00,2026-08-14T19:46:00,56,Friday,True
1808,u_058,Gymnasium,2026-08-14T18:51:00,2026-08-14T19:46:00,55,Friday,True
1780,u_038,Gymnasium,2026-08-14T18:53:00,2026-08-14T19:53:00,60,Friday,True
1831,u_075,Food Court,2026-08-14T18:54:00,2026-08-14T19:36:00,42,Friday,True
1794,u_048,Science Library,2026-08-14T18:55:00,2026-08-14T21:03:00,128,Friday,True
1832,u_078,Indoor Sports Complex,2026-08-14T18:55:00,2026-08-14T20:45:00,110,Friday,True
1907,u_133,Central Cafeteria,2026-08-14T18:55:00,2026-08-14T19:59:00,64,Friday,True
1934,u_154,Food Court,2026-08-14T18:56:00,2026-08-14T20:15:00,79,Friday,True
1798,u_049,Main Library,2026-08-14T18:57:00,2026-08-14T21:15:00,138,Friday,True
1962,u_176,Gymnasium,2026-08-14T18:58:00,2026-08-14T20:01:00,63,Friday,True
1944,u_161,Food Court,2026-08-14T19:01:00,2026-08-14T20:20:00,79,Friday,True
1797,u_049,Science Library,2026-08-14T19:03:00,2026-08-14T21:00:00,117,Friday,True
1912,u_137,Central Cafeteria,2026-08-14T19:05:00,2026-08-14T20:08:00,63,Friday,True
1985,u_192,Food Court,2026-08-14T19:05:00,2026-08-14T20:12:00,67,Friday,True
1938,u_156,Gymnasium,2026-08-14T19:06:00,2026-08-14T20:04:00,58,Friday,True
1789,u_045,Main Library,2026-08-14T19:08:00,2026-08-14T21:02:00,114,Friday,True
1834,u_081,Main Library,2026-08-14T19:08:00,2026-08-14T20:32:00,84,Friday,True
1871,u_108,Central Cafeteria,2026-08-14T19:09:00,2026-08-14T20:12:00,63,Friday,True
1742,u_011,Gymnasium,2026-08-14T19:10:00,2026-08-14T20:52:00,102,Friday,True
1823,u_069,Main Library,2026-08-14T19:12:00,2026-08-14T21:08:00,116,Friday,True
1960,u_174,Indoor Sports Complex,2026-08-14T19:13:00,2026-08-14T20:40:00,87,Friday,True
1781,u_038,Food Court,2026-08-14T19:14:00,2026-08-14T20:16:00,62,Friday,True
1756,u_020,Central Cafeteria,2026-08-14T19:17:00,2026-08-14T20:03:00,46,Friday,True
1868,u_105,Main Library,2026-08-14T19:51:00,2026-08-14T20:56:00,65,Friday,True
1984,u_192,Main Library,2026-08-14T19:54:00,2026-08-14T22:09:00,135,Friday,True
1841,u_085,Main Library,2026-08-14T19:55:00,2026-08-14T23:15:00,200,Friday,True
1842,u_086,Main Library,2026-08-14T19:57:00,2026-08-14T22:01:00,124,Friday,True
1887,u_118,Science Library,2026-08-14T19:57:00,2026-08-14T21:15:00,78,Friday,True
1852,u_095,Indoor Sports Complex,2026-08-14T20:00:00,2026-08-14T20:47:00,47,Friday,True
1760,u_023,Indoor Sports Complex,2026-08-14T20:01:00,2026-08-14T21:10:00,69,Friday,True
1872,u_108,Gymnasium,2026-08-14T20:01:00,2026-08-14T21:04:00,63,Friday,True
1902,u_127,Main Library,2026-08-14T20:02:00,2026-08-14T22:09:00,127,Friday,True
1977,u_187,Indoor Sports Complex,2026-08-14T20:04:00,2026-08-14T21:03:00,59,Friday,True
1855,u_097,Main Library,2026-08-14T20:07:00,2026-08-14T22:24:00,137,Friday,True
1801,u_052,Gymnasium,2026-08-14T20:09:00,2026-08-14T21:12:00,63,Friday,True
1777,u_034,Main Library,2026-08-14T20:15:00,2026-08-14T23:27:00,192,Friday,True
1978,u_187,Science Library,2026-08-14T20:25:00,2026-08-14T22:09:00,104,Friday,True
1993,u_199,Computer Lab B,2026-08-14T20:29:00,2026-08-14T21:46:00,77,Friday,False
1968,u_180,Computer Lab B,2026-08-14T20:35:00,2026-08-14T20:53:00,18,Friday,False
1862,u_103,Main Library,2026-08-14T20:44:00,2026-08-14T23:59:00,195,Friday,True
1967,u_178,Science Library,2026-08-14T20:45:00,2026-08-14T21:09:00,24,Friday,False
1951,u_164,Main Library,2026-08-14T20:56:00,2026-08-15T00:02:00,186,Friday,True
1791,u_046,Main Library,2026-08-14T20:57:00,2026-08-14T21:47:00,50,Friday,True
1747,u_015,Science Library,2026-08-14T21:00:00,2026-08-14T23:20:00,140,Friday,True
1893,u_124,Science Library,2026-08-14T21:01:00,2026-08-14T23:10:00,129,Friday,True
1879,u_114,Science Library,2026-08-14T21:04:00,2026-08-14T21:57:00,53,Friday,True
1896,u_125,Main Library,2026-08-14T21:04:00,2026-08-14T22:24:00,80,Friday,True
1899,u_126,Main Library,2026-08-14T21:06:00,2026-08-14T23:13:00,127,Friday,True
1739,u_009,Main Library,2026-08-14T21:22:00,2026-08-14T22:38:00,76,Friday,True
2128,u_096,Gymnasium,2026-08-15T05:49:00,2026-08-15T07:28:00,99,Saturday,True
2197,u_139,Gymnasium,2026-08-15T05:50:00,2026-08-15T07:38:00,108,Saturday,True
2216,u_150,Indoor Sports Complex,2026-08-15T05:52:00,2026-08-15T06:43:00,51,Saturday,True
2238,u_166,Gymnasium,2026-08-15T05:54:00,2026-08-15T07:12:00,78,Saturday,True
2038,u_032,Gymnasium,2026-08-15T06:00:00,2026-08-15T07:20:00,80,Saturday,True
2059,u_046,Gymnasium,2026-08-15T06:00:00,2026-08-15T06:55:00,55,Saturday,True
2278,u_197,Indoor Sports Complex,2026-08-15T06:04:00,2026-08-15T07:11:00,67,Saturday,True
2223,u_155,Indoor Sports Complex,2026-08-15T06:11:00,2026-08-15T07:05:00,54,Saturday,True
1999,u_001,Gymnasium,2026-08-15T06:12:00,2026-08-15T06:54:00,42,Saturday,True
2032,u_029,Gymnasium,2026-08-15T06:26:00,2026-08-15T07:22:00,56,Saturday,True
2201,u_143,Gymnasium,2026-08-15T06:26:00,2026-08-15T08:02:00,96,Saturday,True
2073,u_060,Indoor Sports Complex,2026-08-15T06:50:00,2026-08-15T08:07:00,77,Saturday,True
2147,u_109,Gymnasium,2026-08-15T06:55:00,2026-08-15T08:15:00,80,Saturday,True
2104,u_080,Gymnasium,2026-08-15T06:56:00,2026-08-15T07:42:00,46,Saturday,True
2245,u_171,Indoor Sports Complex,2026-08-15T06:57:00,2026-08-15T07:54:00,57,Saturday,True
2070,u_057,Indoor Sports Complex,2026-08-15T07:00:00,2026-08-15T07:55:00,55,Saturday,True
2136,u_102,Gymnasium,2026-08-15T07:00:00,2026-08-15T07:51:00,51,Saturday,True
2077,u_062,Indoor Sports Complex,2026-08-15T07:01:00,2026-08-15T08:37:00,96,Saturday,True
2139,u_104,Indoor Sports Complex,2026-08-15T07:05:00,2026-08-15T07:46:00,41,Saturday,True
2058,u_045,Indoor Sports Complex,2026-08-15T07:07:00,2026-08-15T08:01:00,54,Saturday,True
2007,u_008,Gymnasium,2026-08-15T07:41:00,2026-08-15T08:40:00,59,Saturday,True
2062,u_050,Indoor Sports Complex,2026-08-15T07:50:00,2026-08-15T08:56:00,66,Saturday,True
2018,u_019,Gymnasium,2026-08-15T07:54:00,2026-08-15T08:35:00,41,Saturday,True
2014,u_017,Gymnasium,2026-08-15T07:58:00,2026-08-15T08:48:00,50,Saturday,True
2150,u_111,Gymnasium,2026-08-15T07:59:00,2026-08-15T09:00:00,61,Saturday,True
2118,u_090,Gymnasium,2026-08-15T08:00:00,2026-08-15T08:39:00,39,Saturday,True
2057,u_045,Gymnasium,2026-08-15T08:01:00,2026-08-15T08:38:00,37,Saturday,True
2167,u_123,Gymnasium,2026-08-15T08:03:00,2026-08-15T09:06:00,63,Saturday,True
2232,u_161,Indoor Sports Complex,2026-08-15T08:06:00,2026-08-15T08:58:00,52,Saturday,True
2020,u_021,Food Court,2026-08-15T08:07:00,2026-08-15T08:57:00,50,Saturday,True
2176,u_125,Gymnasium,2026-08-15T08:08:00,2026-08-15T09:57:00,109,Saturday,True
2262,u_184,Gymnasium,2026-08-15T08:08:00,2026-08-15T09:30:00,82,Saturday,True
2092,u_070,Indoor Sports Complex,2026-08-15T08:10:00,2026-08-15T09:51:00,101,Saturday,True
2225,u_156,Central Cafeteria,2026-08-15T08:14:00,2026-08-15T08:48:00,34,Saturday,True
2033,u_029,Indoor Sports Complex,2026-08-15T08:23:00,2026-08-15T09:48:00,85,Saturday,True
2012,u_014,Central Cafeteria,2026-08-15T08:24:00,2026-08-15T09:06:00,42,Saturday,True
2180,u_127,Food Court,2026-08-15T08:28:00,2026-08-15T09:13:00,45,Saturday,True
2091,u_070,Central Cafeteria,2026-08-15T08:30:00,2026-08-15T09:21:00,51,Saturday,True
2109,u_084,Computer Lab A,2026-08-15T08:30:00,2026-08-15T09:30:00,60,Saturday,True
2089,u_069,Central Cafeteria,2026-08-15T08:31:00,2026-08-15T09:30:00,59,Saturday,True
2130,u_099,Gymnasium,2026-08-15T08:33:00,2026-08-15T09:59:00,86,Saturday,False
2105,u_080,Central Cafeteria,2026-08-15T08:38:00,2026-08-15T09:12:00,34,Saturday,True
2224,u_155,Central Cafeteria,2026-08-15T08:39:00,2026-08-15T09:09:00,30,Saturday,True
2043,u_036,Central Cafeteria,2026-08-15T08:41:00,2026-08-15T09:24:00,43,Saturday,True
2080,u_063,Central Cafeteria,2026-08-15T08:42:00,2026-08-15T09:21:00,39,Saturday,True
2170,u_123,Central Cafeteria,2026-08-15T08:43:00,2026-08-15T09:08:00,25,Saturday,True
2248,u_173,Student Center,2026-08-15T08:46:00,2026-08-15T09:08:00,22,Saturday,False
2134,u_101,Computer Lab A,2026-08-15T08:56:00,2026-08-15T09:51:00,55,Saturday,True
2192,u_135,Computer Lab A,2026-08-15T09:00:00,2026-08-15T09:59:00,59,Saturday,True
2143,u_106,Computer Lab A,2026-08-15T09:01:00,2026-08-15T09:47:00,46,Saturday,True
2162,u_120,Computer Lab A,2026-08-15T09:03:00,2026-08-15T10:08:00,65,Saturday,True
2259,u_182,Student Center,2026-08-15T09:04:00,2026-08-15T10:25:00,81,Saturday,True
2048,u_041,Computer Lab B,2026-08-15T09:05:00,2026-08-15T09:44:00,39,Saturday,True
2096,u_074,Computer Lab B,2026-08-15T09:12:00,2026-08-15T10:59:00,107,Saturday,True
2111,u_084,Computer Lab B,2026-08-15T09:17:00,2026-08-15T10:52:00,95,Saturday,True
2088,u_069,WiFi Zone North,2026-08-15T09:35:00,2026-08-15T10:42:00,67,Saturday,False
2085,u_066,Computer Lab B,2026-08-15T09:52:00,2026-08-15T11:23:00,91,Saturday,True
2098,u_076,Student Center,2026-08-15T09:53:00,2026-08-15T10:51:00,58,Saturday,True
2154,u_113,Computer Lab B,2026-08-15T09:56:00,2026-08-15T11:02:00,66,Saturday,True
2235,u_163,Computer Lab B,2026-08-15T09:57:00,2026-08-15T11:47:00,110,Saturday,True
2102,u_078,Computer Lab B,2026-08-15T10:02:00,2026-08-15T11:14:00,72,Saturday,True
2272,u_193,Student Center,2026-08-15T10:04:00,2026-08-15T10:55:00,51,Saturday,True
2053,u_043,Computer Lab B,2026-08-15T10:05:00,2026-08-15T11:05:00,60,Saturday,True
2004,u_005,Computer Lab A,2026-08-15T10:07:00,2026-08-15T11:03:00,56,Saturday,True
2022,u_021,Student Center,2026-08-15T10:12:00,2026-08-15T11:08:00,56,Saturday,True
2063,u_051,WiFi Zone South,2026-08-15T10:38:00,2026-08-15T12:34:00,116,Saturday,False
2228,u_157,Computer Lab B,2026-08-15T10:39:00,2026-08-15T12:29:00,110,Saturday,True
2145,u_108,Student Center,2026-08-15T10:45:00,2026-08-15T11:53:00,68,Saturday,True
2011,u_012,Student Center,2026-08-15T10:46:00,2026-08-15T11:59:00,73,Saturday,True
2124,u_094,Student Center,2026-08-15T10:49:00,2026-08-15T11:48:00,59,Saturday,True
2257,u_180,Student Center,2026-08-15T10:49:00,2026-08-15T11:49:00,60,Saturday,True
2153,u_113,Student Center,2026-08-15T10:50:00,2026-08-15T12:05:00,75,Saturday,True
2236,u_164,Student Center,2026-08-15T10:51:00,2026-08-15T12:36:00,105,Saturday,True
2190,u_134,Student Center,2026-08-15T10:53:00,2026-08-15T11:53:00,60,Saturday,True
2044,u_038,Computer Lab A,2026-08-15T10:54:00,2026-08-15T11:48:00,54,Saturday,True
2034,u_029,Computer Lab A,2026-08-15T10:55:00,2026-08-15T11:37:00,42,Saturday,True
2002,u_002,Student Center,2026-08-15T10:57:00,2026-08-15T12:16:00,79,Saturday,True
2013,u_016,Computer Lab B,2026-08-15T11:01:00,2026-08-15T12:00:00,59,Saturday,True
2254,u_177,Computer Lab B,2026-08-15T11:03:00,2026-08-15T12:05:00,62,Saturday,True
2158,u_117,Computer Lab A,2026-08-15T11:06:00,2026-08-15T12:15:00,69,Saturday,True
2005,u_006,Computer Lab B,2026-08-15T11:07:00,2026-08-15T12:04:00,57,Saturday,True
2222,u_155,Computer Lab A,2026-08-15T11:08:00,2026-08-15T12:28:00,80,Saturday,True
2275,u_196,Computer Lab A,2026-08-15T11:12:00,2026-08-15T12:12:00,60,Saturday,True
2220,u_154,Computer Lab A,2026-08-15T11:13:00,2026-08-15T12:06:00,53,Saturday,True
2261,u_183,Computer Lab B,2026-08-15T11:16:00,2026-08-15T12:46:00,90,Saturday,True
2031,u_028,Food Court,2026-08-15T11:26:00,2026-08-15T12:38:00,72,Saturday,False
2233,u_162,WiFi Zone North,2026-08-15T11:50:00,2026-08-15T12:09:00,19,Saturday,False
2269,u_190,Computer Lab B,2026-08-15T11:54:00,2026-08-15T13:31:00,97,Saturday,True
2270,u_190,Student Center,2026-08-15T11:54:00,2026-08-15T13:41:00,107,Saturday,True
2188,u_134,Computer Lab A,2026-08-15T12:00:00,2026-08-15T12:57:00,57,Saturday,True
2212,u_149,Student Center,2026-08-15T12:02:00,2026-08-15T13:36:00,94,Saturday,True
2194,u_137,WiFi Zone North,2026-08-15T12:03:00,2026-08-15T12:56:00,53,Saturday,False
2263,u_185,Student Center,2026-08-15T12:04:00,2026-08-15T13:14:00,70,Saturday,True
2183,u_130,Student Center,2026-08-15T12:05:00,2026-08-15T13:11:00,66,Saturday,True
2173,u_124,Computer Lab B,2026-08-15T12:09:00,2026-08-15T12:51:00,42,Saturday,True
2161,u_119,Central Cafeteria,2026-08-15T12:10:00,2026-08-15T13:23:00,73,Saturday,True
2186,u_132,Food Court,2026-08-15T12:10:00,2026-08-15T12:55:00,45,Saturday,True
2003,u_004,Food Court,2026-08-15T12:11:00,2026-08-15T12:34:00,23,Saturday,True
2241,u_168,Central Cafeteria,2026-08-15T12:13:00,2026-08-15T13:26:00,73,Saturday,True
2036,u_032,Central Cafeteria,2026-08-15T12:20:00,2026-08-15T13:18:00,58,Saturday,True
2265,u_187,Central Cafeteria,2026-08-15T12:20:00,2026-08-15T13:12:00,52,Saturday,True
2159,u_117,Central Cafeteria,2026-08-15T12:22:00,2026-08-15T13:37:00,75,Saturday,True
2273,u_193,Food Court,2026-08-15T12:22:00,2026-08-15T13:24:00,62,Saturday,True
2189,u_134,Food Court,2026-08-15T12:25:00,2026-08-15T13:30:00,65,Saturday,True
2218,u_153,Food Court,2026-08-15T12:27:00,2026-08-15T13:09:00,42,Saturday,True
2074,u_060,Food Court,2026-08-15T12:33:00,2026-08-15T13:23:00,50,Saturday,True
2015,u_017,Food Court,2026-08-15T12:35:00,2026-08-15T13:31:00,56,Saturday,True
2029,u_026,Food Court,2026-08-15T12:37:00,2026-08-15T13:24:00,47,Saturday,True
2123,u_093,Food Court,2026-08-15T12:38:00,2026-08-15T13:56:00,78,Saturday,True
2140,u_105,Central Cafeteria,2026-08-15T12:38:00,2026-08-15T13:28:00,50,Saturday,True
2253,u_177,Food Court,2026-08-15T12:39:00,2026-08-15T13:06:00,27,Saturday,True
2138,u_104,Main Library,2026-08-15T12:42:00,2026-08-15T13:45:00,63,Saturday,False
2103,u_079,Computer Lab A,2026-08-15T12:44:00,2026-08-15T13:34:00,50,Saturday,True
2084,u_065,Central Cafeteria,2026-08-15T12:46:00,2026-08-15T14:06:00,80,Saturday,True
2107,u_081,Computer Lab A,2026-08-15T12:48:00,2026-08-15T14:22:00,94,Saturday,True
2268,u_190,Central Cafeteria,2026-08-15T12:49:00,2026-08-15T13:16:00,27,Saturday,True
2135,u_101,Central Cafeteria,2026-08-15T12:51:00,2026-08-15T14:10:00,79,Saturday,True
2230,u_160,Student Center,2026-08-15T12:51:00,2026-08-15T14:25:00,94,Saturday,True
2142,u_106,Student Center,2026-08-15T12:52:00,2026-08-15T14:21:00,89,Saturday,True
2010,u_010,Student Center,2026-08-15T12:55:00,2026-08-15T14:44:00,109,Saturday,True
2274,u_193,Computer Lab B,2026-08-15T12:59:00,2026-08-15T13:48:00,49,Saturday,True
2215,u_150,Student Center,2026-08-15T13:02:00,2026-08-15T13:46:00,44,Saturday,True
2205,u_144,Computer Lab B,2026-08-15T13:03:00,2026-08-15T14:20:00,77,Saturday,True
2217,u_151,Computer Lab B,2026-08-15T13:04:00,2026-08-15T13:51:00,47,Saturday,True
2207,u_146,Computer Lab A,2026-08-15T13:05:00,2026-08-15T14:03:00,58,Saturday,True
2251,u_175,Student Center,2026-08-15T13:07:00,2026-08-15T14:06:00,59,Saturday,True
2095,u_073,Student Center,2026-08-15T13:10:00,2026-08-15T14:03:00,53,Saturday,True
2249,u_173,Student Center,2026-08-15T13:10:00,2026-08-15T15:00:00,110,Saturday,True
2234,u_162,Student Center,2026-08-15T13:11:00,2026-08-15T14:40:00,89,Saturday,True
2219,u_154,Computer Lab A,2026-08-15T13:15:00,2026-08-15T14:13:00,58,Saturday,False
2146,u_109,Science Library,2026-08-15T13:19:00,2026-08-15T13:49:00,30,Saturday,False
2042,u_036,Student Center,2026-08-15T13:48:00,2026-08-15T14:31:00,43,Saturday,True
2148,u_110,Computer Lab A,2026-08-15T13:48:00,2026-08-15T14:49:00,61,Saturday,True
2082,u_065,Student Center,2026-08-15T13:51:00,2026-08-15T14:49:00,58,Saturday,True
2168,u_123,Student Center,2026-08-15T13:51:00,2026-08-15T15:24:00,93,Saturday,True
2156,u_116,Student Center,2026-08-15T13:52:00,2026-08-15T14:56:00,64,Saturday,True
2001,u_001,Student Center,2026-08-15T13:53:00,2026-08-15T15:19:00,86,Saturday,True
2200,u_141,Computer Lab A,2026-08-15T13:53:00,2026-08-15T14:34:00,41,Saturday,True
2122,u_093,Computer Lab B,2026-08-15T13:55:00,2026-08-15T14:52:00,57,Saturday,True
2184,u_131,Student Center,2026-08-15T13:56:00,2026-08-15T15:11:00,75,Saturday,True
2075,u_061,Computer Lab A,2026-08-15T13:58:00,2026-08-15T14:41:00,43,Saturday,True
2056,u_044,Student Center,2026-08-15T13:59:00,2026-08-15T15:01:00,62,Saturday,True
2149,u_111,Main Library,2026-08-15T13:59:00,2026-08-15T15:18:00,79,Saturday,False
2081,u_064,Student Center,2026-08-15T14:01:00,2026-08-15T15:21:00,80,Saturday,True
2282,u_199,Computer Lab A,2026-08-15T14:06:00,2026-08-15T15:56:00,110,Saturday,True
2087,u_067,Student Center,2026-08-15T14:09:00,2026-08-15T15:07:00,58,Saturday,True
2008,u_009,Student Center,2026-08-15T14:10:00,2026-08-15T15:44:00,94,Saturday,True
2050,u_041,Computer Lab A,2026-08-15T14:35:00,2026-08-15T15:36:00,61,Saturday,True
2211,u_148,Computer Lab A,2026-08-15T14:48:00,2026-08-15T15:39:00,51,Saturday,True
2229,u_159,Student Center,2026-08-15T14:51:00,2026-08-15T16:02:00,71,Saturday,True
2227,u_157,Food Court,2026-08-15T14:53:00,2026-08-15T15:14:00,21,Saturday,False
2151,u_112,Student Center,2026-08-15T14:54:00,2026-08-15T15:47:00,53,Saturday,True
2114,u_087,Student Center,2026-08-15T14:57:00,2026-08-15T16:02:00,65,Saturday,True
2280,u_199,Student Center,2026-08-15T14:58:00,2026-08-15T15:49:00,51,Saturday,True
2027,u_024,Computer Lab A,2026-08-15T15:02:00,2026-08-15T16:22:00,80,Saturday,True
2127,u_095,Computer Lab B,2026-08-15T15:02:00,2026-08-15T16:02:00,60,Saturday,True
2247,u_172,Computer Lab B,2026-08-15T15:07:00,2026-08-15T15:45:00,38,Saturday,True
2016,u_018,Computer Lab A,2026-08-15T15:14:00,2026-08-15T15:54:00,40,Saturday,True
2072,u_058,Computer Lab B,2026-08-15T15:27:00,2026-08-15T16:13:00,46,Saturday,True
2171,u_124,Main Library,2026-08-15T15:41:00,2026-08-15T17:06:00,85,Saturday,False
2009,u_010,Science Library,2026-08-15T15:45:00,2026-08-15T17:46:00,121,Saturday,True
2078,u_063,Student Center,2026-08-15T15:49:00,2026-08-15T17:15:00,86,Saturday,True
2112,u_085,Science Library,2026-08-15T15:53:00,2026-08-15T17:33:00,100,Saturday,True
2086,u_066,Main Library,2026-08-15T15:55:00,2026-08-15T17:01:00,66,Saturday,True
2119,u_091,Computer Lab B,2026-08-15T15:59:00,2026-08-15T16:34:00,35,Saturday,True
2174,u_125,Science Library,2026-08-15T16:00:00,2026-08-15T17:15:00,75,Saturday,True
2239,u_167,Student Center,2026-08-15T16:00:00,2026-08-15T16:39:00,39,Saturday,True
2110,u_084,Science Library,2026-08-15T16:01:00,2026-08-15T16:55:00,54,Saturday,True
2208,u_147,Main Library,2026-08-15T16:01:00,2026-08-15T18:16:00,135,Saturday,True
2226,u_156,Computer Lab B,2026-08-15T16:01:00,2026-08-15T17:36:00,95,Saturday,True
2090,u_070,Main Library,2026-08-15T16:02:00,2026-08-15T16:53:00,51,Saturday,True
2117,u_090,Indoor Sports Complex,2026-08-15T16:03:00,2026-08-15T16:50:00,47,Saturday,False
2166,u_122,Main Library,2026-08-15T16:03:00,2026-08-15T18:22:00,139,Saturday,True
2045,u_039,Main Library,2026-08-15T16:04:00,2026-08-15T17:35:00,91,Saturday,True
2179,u_126,Computer Lab B,2026-08-15T16:06:00,2026-08-15T17:08:00,62,Saturday,True
2069,u_056,Student Center,2026-08-15T16:10:00,2026-08-15T17:54:00,104,Saturday,True
2277,u_196,Science Library,2026-08-15T16:10:00,2026-08-15T18:29:00,139,Saturday,True
2204,u_144,Student Center,2026-08-15T16:11:00,2026-08-15T16:52:00,41,Saturday,True
2281,u_199,Science Library,2026-08-15T16:11:00,2026-08-15T17:14:00,63,Saturday,True
2209,u_147,Student Center,2026-08-15T16:15:00,2026-08-15T17:45:00,90,Saturday,True
2028,u_025,Computer Lab B,2026-08-15T16:17:00,2026-08-15T17:29:00,72,Saturday,True
2100,u_077,Science Library,2026-08-15T16:17:00,2026-08-15T17:37:00,80,Saturday,True
2198,u_140,Gymnasium,2026-08-15T16:38:00,2026-08-15T17:35:00,57,Saturday,True
2133,u_101,Main Library,2026-08-15T16:42:00,2026-08-15T17:53:00,71,Saturday,False
2199,u_141,Main Library,2026-08-15T16:49:00,2026-08-15T20:09:00,200,Saturday,True
2210,u_148,Indoor Sports Complex,2026-08-15T16:52:00,2026-08-15T18:22:00,90,Saturday,True
2237,u_164,Indoor Sports Complex,2026-08-15T16:52:00,2026-08-15T18:31:00,99,Saturday,True
2214,u_150,Science Library,2026-08-15T16:55:00,2026-08-15T18:30:00,95,Saturday,True
2131,u_099,Main Library,2026-08-15T16:56:00,2026-08-15T18:00:00,64,Saturday,True
2065,u_051,Science Library,2026-08-15T17:00:00,2026-08-15T20:11:00,191,Saturday,True
2193,u_136,Science Library,2026-08-15T17:01:00,2026-08-15T20:01:00,180,Saturday,True
2071,u_058,Science Library,2026-08-15T17:04:00,2026-08-15T18:21:00,77,Saturday,True
2055,u_044,Indoor Sports Complex,2026-08-15T17:05:00,2026-08-15T17:58:00,53,Saturday,True
2108,u_082,Gymnasium,2026-08-15T17:09:00,2026-08-15T18:47:00,98,Saturday,True
2115,u_088,Computer Lab A,2026-08-15T17:11:00,2026-08-15T18:46:00,95,Saturday,False
2023,u_022,Indoor Sports Complex,2026-08-15T17:13:00,2026-08-15T18:11:00,58,Saturday,True
2040,u_034,Indoor Sports Complex,2026-08-15T17:39:00,2026-08-15T19:06:00,87,Saturday,True
2079,u_063,Science Library,2026-08-15T17:43:00,2026-08-15T19:41:00,118,Saturday,True
2046,u_039,Gymnasium,2026-08-15T17:49:00,2026-08-15T18:25:00,36,Saturday,True
2047,u_040,Indoor Sports Complex,2026-08-15T17:51:00,2026-08-15T18:51:00,60,Saturday,True
2037,u_032,Indoor Sports Complex,2026-08-15T17:54:00,2026-08-15T18:55:00,61,Saturday,True
2244,u_170,Main Library,2026-08-15T17:55:00,2026-08-15T19:12:00,77,Saturday,True
2021,u_021,Main Library,2026-08-15T17:59:00,2026-08-15T19:14:00,75,Saturday,True
2030,u_027,Science Library,2026-08-15T18:00:00,2026-08-15T19:29:00,89,Saturday,True
2093,u_072,Indoor Sports Complex,2026-08-15T18:00:00,2026-08-15T19:04:00,64,Saturday,True
2164,u_121,Science Library,2026-08-15T18:00:00,2026-08-15T19:26:00,86,Saturday,True
2169,u_123,Main Library,2026-08-15T18:00:00,2026-08-15T19:35:00,95,Saturday,True
2052,u_042,Science Library,2026-08-15T18:01:00,2026-08-15T19:41:00,100,Saturday,True
2132,u_100,Science Library,2026-08-15T18:02:00,2026-08-15T19:23:00,81,Saturday,True
2160,u_118,Indoor Sports Complex,2026-08-15T18:02:00,2026-08-15T18:44:00,42,Saturday,True
2240,u_167,Main Library,2026-08-15T18:04:00,2026-08-15T20:22:00,138,Saturday,True
2177,u_126,Indoor Sports Complex,2026-08-15T18:06:00,2026-08-15T18:56:00,50,Saturday,True
2187,u_133,Indoor Sports Complex,2026-08-15T18:11:00,2026-08-15T19:12:00,61,Saturday,True
2066,u_051,Indoor Sports Complex,2026-08-15T18:15:00,2026-08-15T19:12:00,57,Saturday,True
2206,u_145,Science Library,2026-08-15T18:15:00,2026-08-15T20:13:00,118,Saturday,True
2191,u_135,Science Library,2026-08-15T18:16:00,2026-08-15T20:01:00,105,Saturday,False
2202,u_144,Indoor Sports Complex,2026-08-15T18:18:00,2026-08-15T18:57:00,39,Saturday,True
2024,u_022,Main Library,2026-08-15T18:38:00,2026-08-15T21:37:00,179,Saturday,True
2061,u_048,Science Library,2026-08-15T18:41:00,2026-08-15T20:42:00,121,Saturday,True
2025,u_023,Gymnasium,2026-08-15T18:42:00,2026-08-15T20:30:00,108,Saturday,True
2083,u_065,Main Library,2026-08-15T18:44:00,2026-08-15T19:55:00,71,Saturday,True
2051,u_042,Food Court,2026-08-15T18:48:00,2026-08-15T19:37:00,49,Saturday,True
2279,u_199,Gymnasium,2026-08-15T18:48:00,2026-08-15T20:21:00,93,Saturday,True
2185,u_131,Main Library,2026-08-15T18:49:00,2026-08-15T21:43:00,174,Saturday,True
2266,u_189,Science Library,2026-08-15T18:50:00,2026-08-15T20:27:00,97,Saturday,True
2101,u_078,Food Court,2026-08-15T18:53:00,2026-08-15T19:15:00,22,Saturday,True
2231,u_161,Food Court,2026-08-15T18:53:00,2026-08-15T19:54:00,61,Saturday,True
2041,u_036,Food Court,2026-08-15T18:54:00,2026-08-15T19:53:00,59,Saturday,True
2126,u_095,Science Library,2026-08-15T18:55:00,2026-08-15T20:41:00,106,Saturday,True
2157,u_116,Food Court,2026-08-15T18:55:00,2026-08-15T19:39:00,44,Saturday,True
2039,u_034,Science Library,2026-08-15T18:56:00,2026-08-15T20:17:00,81,Saturday,True
2264,u_186,Main Library,2026-08-15T18:56:00,2026-08-15T19:58:00,62,Saturday,True
2019,u_020,Central Cafeteria,2026-08-15T18:59:00,2026-08-15T19:30:00,31,Saturday,True
2271,u_192,Food Court,2026-08-15T18:59:00,2026-08-15T19:58:00,59,Saturday,True
2152,u_112,Central Cafeteria,2026-08-15T19:00:00,2026-08-15T19:48:00,48,Saturday,True
2221,u_154,Food Court,2026-08-15T19:00:00,2026-08-15T20:20:00,80,Saturday,True
2067,u_054,Food Court,2026-08-15T19:01:00,2026-08-15T20:20:00,79,Saturday,True
2163,u_121,Indoor Sports Complex,2026-08-15T19:01:00,2026-08-15T20:06:00,65,Saturday,True
2129,u_098,Science Library,2026-08-15T19:02:00,2026-08-15T20:05:00,63,Saturday,True
2026,u_023,Central Cafeteria,2026-08-15T19:03:00,2026-08-15T19:56:00,53,Saturday,True
2182,u_129,Science Library,2026-08-15T19:03:00,2026-08-15T20:17:00,74,Saturday,True
2195,u_137,Central Cafeteria,2026-08-15T19:03:00,2026-08-15T19:54:00,51,Saturday,True
2267,u_189,Gymnasium,2026-08-15T19:03:00,2026-08-15T20:38:00,95,Saturday,True
2106,u_081,Indoor Sports Complex,2026-08-15T19:05:00,2026-08-15T20:39:00,94,Saturday,True
2006,u_007,Gymnasium,2026-08-15T19:06:00,2026-08-15T19:46:00,40,Saturday,True
2068,u_054,Central Cafeteria,2026-08-15T19:06:00,2026-08-15T19:47:00,41,Saturday,True
2094,u_073,Central Cafeteria,2026-08-15T19:06:00,2026-08-15T19:57:00,51,Saturday,True
2097,u_075,Food Court,2026-08-15T19:06:00,2026-08-15T19:49:00,43,Saturday,True
2246,u_172,Central Cafeteria,2026-08-15T19:06:00,2026-08-15T19:47:00,41,Saturday,True
2260,u_183,Central Cafeteria,2026-08-15T19:06:00,2026-08-15T19:53:00,47,Saturday,True
2000,u_001,Indoor Sports Complex,2026-08-15T19:07:00,2026-08-15T19:54:00,47,Saturday,True
2035,u_030,Science Library,2026-08-15T19:08:00,2026-08-15T20:47:00,99,Saturday,True
2213,u_150,Central Cafeteria,2026-08-15T19:08:00,2026-08-15T19:56:00,48,Saturday,True
2255,u_177,Science Library,2026-08-15T19:08:00,2026-08-15T20:19:00,71,Saturday,True
2242,u_169,Main Library,2026-08-15T19:09:00,2026-08-15T21:12:00,123,Saturday,True
2178,u_126,Science Library,2026-08-15T19:11:00,2026-08-15T22:27:00,196,Saturday,True
2250,u_174,Indoor Sports Complex,2026-08-15T19:11:00,2026-08-15T20:47:00,96,Saturday,True
2252,u_176,Food Court,2026-08-15T19:13:00,2026-08-15T20:05:00,52,Saturday,True
2243,u_170,Central Cafeteria,2026-08-15T19:16:00,2026-08-15T20:07:00,51,Saturday,True
2258,u_181,Food Court,2026-08-15T19:16:00,2026-08-15T20:16:00,60,Saturday,True
2165,u_122,Central Cafeteria,2026-08-15T19:18:00,2026-08-15T20:22:00,64,Saturday,True
2121,u_092,Gymnasium,2026-08-15T19:40:00,2026-08-15T20:53:00,73,Saturday,True
2125,u_095,Indoor Sports Complex,2026-08-15T19:46:00,2026-08-15T20:33:00,47,Saturday,True
2203,u_144,Main Library,2026-08-15T19:48:00,2026-08-15T21:23:00,95,Saturday,True
2076,u_062,Science Library,2026-08-15T19:49:00,2026-08-15T22:06:00,137,Saturday,True
2181,u_129,Main Library,2026-08-15T19:53:00,2026-08-15T21:05:00,72,Saturday,True
2196,u_138,Indoor Sports Complex,2026-08-15T19:56:00,2026-08-15T20:41:00,45,Saturday,True
2276,u_196,Gymnasium,2026-08-15T19:57:00,2026-08-15T20:58:00,61,Saturday,True
2113,u_086,Main Library,2026-08-15T19:59:00,2026-08-15T21:50:00,111,Saturday,True
2144,u_107,Indoor Sports Complex,2026-08-15T19:59:00,2026-08-15T21:04:00,65,Saturday,True
2155,u_114,Main Library,2026-08-15T20:02:00,2026-08-15T21:57:00,115,Saturday,True
2256,u_179,Indoor Sports Complex,2026-08-15T20:04:00,2026-08-15T21:00:00,56,Saturday,True
2060,u_048,Gymnasium,2026-08-15T20:10:00,2026-08-15T21:10:00,60,Saturday,True
2049,u_041,Main Library,2026-08-15T20:27:00,2026-08-15T22:10:00,103,Saturday,True
2017,u_018,Science Library,2026-08-15T20:50:00,2026-08-16T00:02:00,192,Saturday,True
2116,u_089,Science Library,2026-08-15T20:52:00,2026-08-15T22:29:00,97,Saturday,True
2120,u_092,Main Library,2026-08-15T20:56:00,2026-08-15T21:51:00,55,Saturday,True
2141,u_105,Science Library,2026-08-15T21:00:00,2026-08-15T22:03:00,63,Saturday,True
2172,u_124,Science Library,2026-08-15T21:02:00,2026-08-15T23:14:00,132,Saturday,True
2175,u_125,Main Library,2026-08-15T21:02:00,2026-08-15T21:56:00,54,Saturday,True
2137,u_103,Main Library,2026-08-15T21:03:00,2026-08-16T00:23:00,200,Saturday,True
2064,u_051,Main Library,2026-08-15T21:04:00,2026-08-16T00:21:00,197,Saturday,True
2054,u_043,Main Library,2026-08-15T21:07:00,2026-08-15T23:09:00,122,Saturday,True
2099,u_077,Main Library,2026-08-15T21:11:00,2026-08-16T00:05:00,174,Saturday,True
2343,u_041,Indoor Sports Complex,2026-08-16T05:45:00,2026-08-16T07:00:00,75,Sunday,True
2489,u_136,Indoor Sports Complex,2026-08-16T05:49:00,2026-08-16T06:27:00,38,Sunday,True
2405,u_072,Gymnasium,2026-08-16T05:55:00,2026-08-16T07:43:00,108,Sunday,True
2495,u_139,Gymnasium,2026-08-16T05:55:00,2026-08-16T07:30:00,95,Sunday,True
2567,u_186,Indoor Sports Complex,2026-08-16T05:57:00,2026-08-16T06:51:00,54,Sunday,True
2284,u_001,Gymnasium,2026-08-16T06:00:00,2026-08-16T06:55:00,55,Sunday,True
2385,u_063,Gymnasium,2026-08-16T06:05:00,2026-08-16T07:09:00,64,Sunday,True
2582,u_196,Indoor Sports Complex,2026-08-16T06:07:00,2026-08-16T07:55:00,108,Sunday,True
2465,u_119,Gymnasium,2026-08-16T06:08:00,2026-08-16T07:07:00,59,Sunday,True
2511,u_150,Indoor Sports Complex,2026-08-16T06:13:00,2026-08-16T07:21:00,68,Sunday,True
2447,u_106,Indoor Sports Complex,2026-08-16T06:42:00,2026-08-16T07:45:00,63,Sunday,True
2383,u_062,Indoor Sports Complex,2026-08-16T06:44:00,2026-08-16T08:11:00,87,Sunday,True
2580,u_195,Indoor Sports Complex,2026-08-16T06:48:00,2026-08-16T08:29:00,101,Sunday,True
2362,u_050,Gymnasium,2026-08-16T06:50:00,2026-08-16T07:53:00,63,Sunday,True
2576,u_194,Gymnasium,2026-08-16T06:51:00,2026-08-16T07:55:00,64,Sunday,True
2552,u_175,Gymnasium,2026-08-16T06:54:00,2026-08-16T07:38:00,44,Sunday,True
2403,u_071,Indoor Sports Complex,2026-08-16T06:59:00,2026-08-16T07:47:00,48,Sunday,True
2575,u_193,Indoor Sports Complex,2026-08-16T06:59:00,2026-08-16T07:53:00,54,Sunday,True
2352,u_045,Indoor Sports Complex,2026-08-16T07:01:00,2026-08-16T07:58:00,57,Sunday,True
2356,u_048,Indoor Sports Complex,2026-08-16T07:03:00,2026-08-16T08:22:00,79,Sunday,True
2590,u_200,Gymnasium,2026-08-16T07:04:00,2026-08-16T08:17:00,73,Sunday,True
2382,u_061,Indoor Sports Complex,2026-08-16T07:08:00,2026-08-16T08:03:00,55,Sunday,True
2425,u_087,Gymnasium,2026-08-16T07:09:00,2026-08-16T07:49:00,40,Sunday,True
2327,u_030,Indoor Sports Complex,2026-08-16T07:39:00,2026-08-16T08:53:00,74,Sunday,True
2379,u_060,Gymnasium,2026-08-16T07:44:00,2026-08-16T08:21:00,37,Sunday,True
2325,u_029,Indoor Sports Complex,2026-08-16T07:48:00,2026-08-16T09:30:00,102,Sunday,True
2397,u_068,Indoor Sports Complex,2026-08-16T07:48:00,2026-08-16T09:16:00,88,Sunday,True
2541,u_170,Indoor Sports Complex,2026-08-16T07:48:00,2026-08-16T08:29:00,41,Sunday,True
2310,u_019,Gymnasium,2026-08-16T07:51:00,2026-08-16T08:55:00,64,Sunday,True
2407,u_073,Gymnasium,2026-08-16T07:54:00,2026-08-16T09:00:00,66,Sunday,True
2470,u_123,Gymnasium,2026-08-16T07:54:00,2026-08-16T08:50:00,56,Sunday,True
2366,u_052,Indoor Sports Complex,2026-08-16T07:55:00,2026-08-16T08:49:00,54,Sunday,True
2418,u_083,Indoor Sports Complex,2026-08-16T07:58:00,2026-08-16T09:02:00,64,Sunday,True
2455,u_111,Gymnasium,2026-08-16T07:58:00,2026-08-16T09:10:00,72,Sunday,True
2523,u_161,Indoor Sports Complex,2026-08-16T07:58:00,2026-08-16T08:57:00,59,Sunday,True
2586,u_198,Indoor Sports Complex,2026-08-16T07:58:00,2026-08-16T08:47:00,49,Sunday,True
2559,u_180,Gymnasium,2026-08-16T08:00:00,2026-08-16T08:54:00,54,Sunday,True
2351,u_045,Gymnasium,2026-08-16T08:02:00,2026-08-16T09:00:00,58,Sunday,True
2287,u_004,Indoor Sports Complex,2026-08-16T08:04:00,2026-08-16T09:52:00,108,Sunday,True
2463,u_119,Indoor Sports Complex,2026-08-16T08:05:00,2026-08-16T09:55:00,110,Sunday,True
2402,u_070,Indoor Sports Complex,2026-08-16T08:12:00,2026-08-16T09:50:00,98,Sunday,True
2295,u_008,Gymnasium,2026-08-16T08:13:00,2026-08-16T09:10:00,57,Sunday,True
2359,u_049,Food Court,2026-08-16T08:13:00,2026-08-16T09:19:00,66,Sunday,False
2515,u_154,Central Cafeteria,2026-08-16T08:14:00,2026-08-16T09:29:00,75,Sunday,True
2384,u_063,WiFi Zone South,2026-08-16T08:16:00,2026-08-16T08:59:00,43,Sunday,False
2301,u_014,Central Cafeteria,2026-08-16T08:20:00,2026-08-16T08:51:00,31,Sunday,True
2373,u_056,Central Cafeteria,2026-08-16T08:23:00,2026-08-16T08:52:00,29,Sunday,True
2499,u_145,Food Court,2026-08-16T08:24:00,2026-08-16T09:19:00,55,Sunday,True
2401,u_070,Central Cafeteria,2026-08-16T08:26:00,2026-08-16T09:27:00,61,Sunday,True
2399,u_069,Central Cafeteria,2026-08-16T08:28:00,2026-08-16T09:23:00,55,Sunday,True
2388,u_063,Central Cafeteria,2026-08-16T08:30:00,2026-08-16T09:09:00,39,Sunday,True
2421,u_084,Food Court,2026-08-16T08:30:00,2026-08-16T09:15:00,45,Sunday,True
2472,u_123,Central Cafeteria,2026-08-16T08:30:00,2026-08-16T09:02:00,32,Sunday,True
2548,u_175,WiFi Zone South,2026-08-16T08:30:00,2026-08-16T10:29:00,119,Sunday,False
2583,u_196,Central Cafeteria,2026-08-16T08:32:00,2026-08-16T09:29:00,57,Sunday,True
2293,u_006,Central Cafeteria,2026-08-16T08:33:00,2026-08-16T09:10:00,37,Sunday,True
2337,u_036,Central Cafeteria,2026-08-16T08:35:00,2026-08-16T09:18:00,43,Sunday,True
2438,u_099,Food Court,2026-08-16T08:35:00,2026-08-16T09:26:00,51,Sunday,True
2378,u_059,WiFi Zone North,2026-08-16T08:37:00,2026-08-16T09:23:00,46,Sunday,False
2443,u_104,Food Court,2026-08-16T08:38:00,2026-08-16T09:08:00,30,Sunday,True
2480,u_130,Food Court,2026-08-16T08:43:00,2026-08-16T09:34:00,51,Sunday,True
2415,u_082,Food Court,2026-08-16T08:45:00,2026-08-16T09:45:00,60,Sunday,True
2475,u_125,Computer Lab B,2026-08-16T08:54:00,2026-08-16T10:12:00,78,Sunday,True
2562,u_183,Computer Lab A,2026-08-16T08:56:00,2026-08-16T10:43:00,107,Sunday,True
2485,u_133,Computer Lab A,2026-08-16T08:58:00,2026-08-16T09:36:00,38,Sunday,True
2561,u_182,Student Center,2026-08-16T09:00:00,2026-08-16T10:26:00,86,Sunday,True
2420,u_084,Computer Lab B,2026-08-16T09:01:00,2026-08-16T10:41:00,100,Sunday,True
2406,u_073,Computer Lab A,2026-08-16T09:02:00,2026-08-16T09:58:00,56,Sunday,True
2448,u_106,Computer Lab A,2026-08-16T09:05:00,2026-08-16T09:43:00,38,Sunday,True
2424,u_086,Student Center,2026-08-16T09:11:00,2026-08-16T10:31:00,80,Sunday,True
2521,u_161,Computer Lab B,2026-08-16T09:28:00,2026-08-16T11:03:00,95,Sunday,True
2570,u_188,Computer Lab B,2026-08-16T09:47:00,2026-08-16T11:33:00,106,Sunday,True
2349,u_043,Computer Lab B,2026-08-16T09:48:00,2026-08-16T10:52:00,64,Sunday,True
2526,u_163,Computer Lab B,2026-08-16T09:50:00,2026-08-16T11:11:00,81,Sunday,True
2411,u_078,Computer Lab B,2026-08-16T09:55:00,2026-08-16T11:00:00,65,Sunday,True
2410,u_076,Student Center,2026-08-16T10:00:00,2026-08-16T10:50:00,50,Sunday,True
2302,u_014,Student Center,2026-08-16T10:04:00,2026-08-16T11:22:00,78,Sunday,True
2291,u_005,Computer Lab A,2026-08-16T10:05:00,2026-08-16T10:58:00,53,Sunday,True
2422,u_085,Food Court,2026-08-16T10:05:00,2026-08-16T10:52:00,47,Sunday,False
2368,u_054,Gymnasium,2026-08-16T10:16:00,2026-08-16T10:35:00,19,Sunday,False
2304,u_016,Computer Lab B,2026-08-16T10:35:00,2026-08-16T11:38:00,63,Sunday,True
2364,u_051,Main Library,2026-08-16T10:35:00,2026-08-16T12:07:00,92,Sunday,False
2517,u_155,Computer Lab A,2026-08-16T10:42:00,2026-08-16T12:25:00,103,Sunday,True
2488,u_135,Student Center,2026-08-16T10:49:00,2026-08-16T12:35:00,106,Sunday,True
2294,u_006,Computer Lab B,2026-08-16T10:50:00,2026-08-16T11:37:00,47,Sunday,True
2299,u_012,Student Center,2026-08-16T10:50:00,2026-08-16T11:57:00,67,Sunday,True
2484,u_133,Student Center,2026-08-16T10:50:00,2026-08-16T12:19:00,89,Sunday,True
2516,u_154,Computer Lab A,2026-08-16T10:52:00,2026-08-16T11:50:00,58,Sunday,True
2326,u_029,Computer Lab A,2026-08-16T10:59:00,2026-08-16T12:04:00,65,Sunday,True
2563,u_183,Computer Lab B,2026-08-16T10:59:00,2026-08-16T12:47:00,108,Sunday,True
2370,u_054,Student Center,2026-08-16T11:00:00,2026-08-16T11:53:00,53,Sunday,True
2458,u_113,Student Center,2026-08-16T11:00:00,2026-08-16T12:13:00,73,Sunday,True
2546,u_173,Computer Lab A,2026-08-16T11:07:00,2026-08-16T12:06:00,59,Sunday,True
2339,u_038,Computer Lab A,2026-08-16T11:12:00,2026-08-16T12:16:00,64,Sunday,True
2519,u_157,Computer Lab B,2026-08-16T11:13:00,2026-08-16T12:55:00,102,Sunday,True
2529,u_164,Student Center,2026-08-16T11:15:00,2026-08-16T12:52:00,97,Sunday,True
2347,u_042,Student Center,2026-08-16T11:18:00,2026-08-16T12:58:00,100,Sunday,True
2560,u_181,Computer Lab B,2026-08-16T11:19:00,2026-08-16T12:17:00,58,Sunday,True
2566,u_185,Student Center,2026-08-16T11:47:00,2026-08-16T12:51:00,64,Sunday,True
2486,u_134,Computer Lab A,2026-08-16T11:48:00,2026-08-16T12:23:00,35,Sunday,True
2507,u_149,Student Center,2026-08-16T11:56:00,2026-08-16T13:45:00,109,Sunday,True
2533,u_166,Student Center,2026-08-16T11:56:00,2026-08-16T12:59:00,63,Sunday,True
2461,u_117,Student Center,2026-08-16T12:07:00,2026-08-16T13:48:00,101,Sunday,True
2416,u_082,Computer Lab B,2026-08-16T12:09:00,2026-08-16T12:52:00,43,Sunday,True
2474,u_124,Student Center,2026-08-16T12:09:00,2026-08-16T13:23:00,74,Sunday,True
2504,u_148,Student Center,2026-08-16T12:11:00,2026-08-16T13:58:00,107,Sunday,True
2584,u_197,Computer Lab B,2026-08-16T12:13:00,2026-08-16T13:27:00,74,Sunday,True
2585,u_197,Central Cafeteria,2026-08-16T12:18:00,2026-08-16T13:09:00,51,Sunday,True
2558,u_180,Food Court,2026-08-16T12:22:00,2026-08-16T13:30:00,68,Sunday,True
2298,u_011,Food Court,2026-08-16T12:24:00,2026-08-16T13:13:00,49,Sunday,True
2537,u_169,Central Cafeteria,2026-08-16T12:26:00,2026-08-16T13:23:00,57,Sunday,True
2307,u_017,Food Court,2026-08-16T12:27:00,2026-08-16T13:07:00,40,Sunday,True
2380,u_061,WiFi Zone South,2026-08-16T12:27:00,2026-08-16T14:22:00,115,Sunday,False
2524,u_162,Central Cafeteria,2026-08-16T12:27:00,2026-08-16T13:18:00,51,Sunday,True
2464,u_119,Central Cafeteria,2026-08-16T12:30:00,2026-08-16T13:50:00,80,Sunday,True
2514,u_153,Food Court,2026-08-16T12:31:00,2026-08-16T13:04:00,33,Sunday,True
2444,u_105,Food Court,2026-08-16T12:32:00,2026-08-16T13:07:00,35,Sunday,True
2565,u_185,Food Court,2026-08-16T12:35:00,2026-08-16T13:49:00,74,Sunday,True
2419,u_084,Central Cafeteria,2026-08-16T12:38:00,2026-08-16T13:48:00,70,Sunday,True
2354,u_047,Central Cafeteria,2026-08-16T12:39:00,2026-08-16T13:35:00,56,Sunday,True
2321,u_025,Food Court,2026-08-16T12:41:00,2026-08-16T13:54:00,73,Sunday,True
2289,u_004,Food Court,2026-08-16T12:43:00,2026-08-16T13:22:00,39,Sunday,True
2452,u_109,Computer Lab B,2026-08-16T12:43:00,2026-08-16T13:31:00,48,Sunday,True
2510,u_150,Student Center,2026-08-16T12:45:00,2026-08-16T13:44:00,59,Sunday,True
2367,u_053,Central Cafeteria,2026-08-16T12:48:00,2026-08-16T13:43:00,55,Sunday,True
2544,u_171,Food Court,2026-08-16T12:48:00,2026-08-16T13:37:00,49,Sunday,True
2412,u_079,Computer Lab A,2026-08-16T12:51:00,2026-08-16T13:52:00,61,Sunday,True
2453,u_109,Computer Lab A,2026-08-16T12:51:00,2026-08-16T13:44:00,53,Sunday,True
2404,u_072,Computer Lab B,2026-08-16T12:52:00,2026-08-16T14:13:00,81,Sunday,True
2553,u_176,Computer Lab B,2026-08-16T12:53:00,2026-08-16T14:32:00,99,Sunday,True
2525,u_162,Student Center,2026-08-16T12:56:00,2026-08-16T14:46:00,110,Sunday,True
2513,u_152,Computer Lab A,2026-08-16T12:59:00,2026-08-16T13:37:00,38,Sunday,True
2578,u_194,Student Center,2026-08-16T13:02:00,2026-08-16T13:59:00,57,Sunday,True
2459,u_114,Computer Lab A,2026-08-16T13:03:00,2026-08-16T14:08:00,65,Sunday,True
2414,u_081,Computer Lab A,2026-08-16T13:04:00,2026-08-16T14:30:00,86,Sunday,True
2446,u_106,Student Center,2026-08-16T13:04:00,2026-08-16T14:25:00,81,Sunday,True
2427,u_088,Student Center,2026-08-16T13:08:00,2026-08-16T14:37:00,89,Sunday,True
2512,u_151,Computer Lab B,2026-08-16T13:08:00,2026-08-16T14:05:00,57,Sunday,True
2423,u_086,Computer Lab B,2026-08-16T13:09:00,2026-08-16T14:16:00,67,Sunday,True
2550,u_175,Student Center,2026-08-16T13:12:00,2026-08-16T14:04:00,52,Sunday,True
2520,u_160,Computer Lab A,2026-08-16T13:15:00,2026-08-16T14:35:00,80,Sunday,True
2381,u_061,Computer Lab A,2026-08-16T13:48:00,2026-08-16T14:50:00,62,Sunday,True
2311,u_019,Computer Lab B,2026-08-16T13:51:00,2026-08-16T14:28:00,37,Sunday,True
2300,u_013,Computer Lab B,2026-08-16T13:52:00,2026-08-16T15:12:00,80,Sunday,True
2471,u_123,Student Center,2026-08-16T13:52:00,2026-08-16T15:24:00,92,Sunday,True
2482,u_131,Student Center,2026-08-16T13:53:00,2026-08-16T14:50:00,57,Sunday,True
2336,u_036,Student Center,2026-08-16T13:55:00,2026-08-16T14:30:00,35,Sunday,True
2434,u_097,Student Center,2026-08-16T13:57:00,2026-08-16T14:53:00,56,Sunday,True
2390,u_064,Student Center,2026-08-16T13:59:00,2026-08-16T15:10:00,71,Sunday,True
2589,u_200,Computer Lab B,2026-08-16T13:59:00,2026-08-16T15:01:00,62,Sunday,True
2396,u_067,Student Center,2026-08-16T14:00:00,2026-08-16T14:46:00,46,Sunday,True
2478,u_128,Computer Lab A,2026-08-16T14:05:00,2026-08-16T15:01:00,56,Sunday,True
2342,u_040,Computer Lab A,2026-08-16T14:08:00,2026-08-16T15:41:00,93,Sunday,True
2393,u_065,Student Center,2026-08-16T14:10:00,2026-08-16T15:09:00,59,Sunday,True
2497,u_141,Computer Lab A,2026-08-16T14:14:00,2026-08-16T14:57:00,43,Sunday,True
2303,u_016,Computer Lab A,2026-08-16T14:17:00,2026-08-16T14:56:00,39,Sunday,True
2371,u_055,Computer Lab A,2026-08-16T14:42:00,2026-08-16T15:36:00,54,Sunday,False
2400,u_070,Computer Lab A,2026-08-16T14:53:00,2026-08-16T15:43:00,50,Sunday,True
2579,u_194,Computer Lab B,2026-08-16T14:53:00,2026-08-16T15:49:00,56,Sunday,True
2355,u_047,Computer Lab A,2026-08-16T14:55:00,2026-08-16T15:54:00,59,Sunday,True
2389,u_063,Computer Lab A,2026-08-16T14:56:00,2026-08-16T16:36:00,100,Sunday,True
2309,u_019,Science Library,2026-08-16T14:59:00,2026-08-16T15:21:00,22,Sunday,False
2308,u_018,Computer Lab A,2026-08-16T15:00:00,2026-08-16T16:00:00,60,Sunday,True
2283,u_001,Computer Lab B,2026-08-16T15:03:00,2026-08-16T16:50:00,107,Sunday,True
2345,u_041,Computer Lab A,2026-08-16T15:03:00,2026-08-16T16:07:00,64,Sunday,True
2481,u_131,Computer Lab B,2026-08-16T15:03:00,2026-08-16T16:15:00,72,Sunday,True
2545,u_172,Computer Lab B,2026-08-16T15:04:00,2026-08-16T15:55:00,51,Sunday,True
2432,u_095,Computer Lab B,2026-08-16T15:07:00,2026-08-16T15:42:00,35,Sunday,True
2433,u_095,Computer Lab A,2026-08-16T15:16:00,2026-08-16T17:02:00,106,Sunday,True
2413,u_080,Food Court,2026-08-16T15:23:00,2026-08-16T16:18:00,55,Sunday,False
2502,u_146,WiFi Zone South,2026-08-16T15:25:00,2026-08-16T17:06:00,101,Sunday,False
2469,u_122,Main Library,2026-08-16T15:42:00,2026-08-16T17:33:00,111,Sunday,True
2554,u_177,Student Center,2026-08-16T15:44:00,2026-08-16T16:45:00,61,Sunday,True
2527,u_163,Main Library,2026-08-16T15:46:00,2026-08-16T16:54:00,68,Sunday,True
2357,u_048,Student Center,2026-08-16T15:48:00,2026-08-16T17:06:00,78,Sunday,True
2386,u_063,Student Center,2026-08-16T15:48:00,2026-08-16T17:19:00,91,Sunday,True
2588,u_199,Science Library,2026-08-16T15:53:00,2026-08-16T17:00:00,67,Sunday,True
2534,u_167,Student Center,2026-08-16T15:55:00,2026-08-16T16:40:00,45,Sunday,True
2539,u_170,Computer Lab A,2026-08-16T15:56:00,2026-08-16T16:47:00,51,Sunday,True
2305,u_017,Main Library,2026-08-16T15:58:00,2026-08-16T18:52:00,174,Sunday,True
2508,u_150,Main Library,2026-08-16T15:58:00,2026-08-16T17:23:00,85,Sunday,True
2431,u_093,Student Center,2026-08-16T15:59:00,2026-08-16T17:06:00,67,Sunday,True
2456,u_112,Computer Lab A,2026-08-16T15:59:00,2026-08-16T17:39:00,100,Sunday,True
2501,u_145,Main Library,2026-08-16T15:59:00,2026-08-16T16:51:00,52,Sunday,True
2428,u_091,Computer Lab B,2026-08-16T16:00:00,2026-08-16T16:51:00,51,Sunday,True
2551,u_175,Main Library,2026-08-16T16:03:00,2026-08-16T18:09:00,126,Sunday,True
2417,u_083,Main Library,2026-08-16T16:06:00,2026-08-16T17:51:00,105,Sunday,True
2490,u_137,Computer Lab A,2026-08-16T16:08:00,2026-08-16T16:58:00,50,Sunday,False
2498,u_142,Main Library,2026-08-16T16:11:00,2026-08-16T17:23:00,72,Sunday,True
2549,u_175,Computer Lab B,2026-08-16T16:19:00,2026-08-16T17:10:00,51,Sunday,True
2376,u_058,Science Library,2026-08-16T16:39:00,2026-08-16T17:51:00,72,Sunday,True
2460,u_115,Main Library,2026-08-16T16:50:00,2026-08-16T20:00:00,190,Sunday,True
2503,u_146,Gymnasium,2026-08-16T16:50:00,2026-08-16T17:40:00,50,Sunday,True
2449,u_107,Main Library,2026-08-16T16:51:00,2026-08-16T18:13:00,82,Sunday,True
2350,u_044,Indoor Sports Complex,2026-08-16T16:53:00,2026-08-16T17:51:00,58,Sunday,True
2496,u_140,Gymnasium,2026-08-16T16:53:00,2026-08-16T17:59:00,66,Sunday,True
2436,u_098,Gymnasium,2026-08-16T16:58:00,2026-08-16T17:42:00,44,Sunday,True
2331,u_033,Indoor Sports Complex,2026-08-16T17:00:00,2026-08-16T18:47:00,107,Sunday,True
2487,u_135,Main Library,2026-08-16T17:00:00,2026-08-16T18:44:00,104,Sunday,True
2493,u_137,Main Library,2026-08-16T17:00:00,2026-08-16T19:09:00,129,Sunday,True
2543,u_170,Gymnasium,2026-08-16T17:00:00,2026-08-16T18:03:00,63,Sunday,True
2296,u_008,Main Library,2026-08-16T17:01:00,2026-08-16T19:01:00,120,Sunday,True
2316,u_022,Indoor Sports Complex,2026-08-16T17:01:00,2026-08-16T17:56:00,55,Sunday,True
2365,u_051,Science Library,2026-08-16T17:01:00,2026-08-16T20:18:00,197,Sunday,True
2324,u_027,Indoor Sports Complex,2026-08-16T17:04:00,2026-08-16T18:03:00,59,Sunday,True
2509,u_150,Science Library,2026-08-16T17:06:00,2026-08-16T18:28:00,82,Sunday,True
2531,u_164,Indoor Sports Complex,2026-08-16T17:07:00,2026-08-16T18:49:00,102,Sunday,True
2577,u_194,Main Library,2026-08-16T17:12:00,2026-08-16T18:09:00,57,Sunday,True
2442,u_104,Gymnasium,2026-08-16T17:17:00,2026-08-16T18:20:00,63,Sunday,True
2532,u_165,Gymnasium,2026-08-16T17:19:00,2026-08-16T17:50:00,31,Sunday,False
2542,u_170,Main Library,2026-08-16T17:44:00,2026-08-16T18:40:00,56,Sunday,True
2348,u_042,Science Library,2026-08-16T17:47:00,2026-08-16T19:17:00,90,Sunday,True
2440,u_101,Science Library,2026-08-16T17:47:00,2026-08-16T19:49:00,122,Sunday,True
2536,u_167,Main Library,2026-08-16T17:54:00,2026-08-16T19:44:00,110,Sunday,True
2387,u_063,Science Library,2026-08-16T17:55:00,2026-08-16T19:59:00,124,Sunday,True
2467,u_121,Science Library,2026-08-16T17:56:00,2026-08-16T19:36:00,100,Sunday,True
2323,u_027,Science Library,2026-08-16T17:59:00,2026-08-16T19:44:00,105,Sunday,True
2505,u_148,Main Library,2026-08-16T17:59:00,2026-08-16T20:59:00,180,Sunday,True
2315,u_021,Main Library,2026-08-16T18:02:00,2026-08-16T19:04:00,62,Sunday,True
2341,u_040,Indoor Sports Complex,2026-08-16T18:02:00,2026-08-16T19:17:00,75,Sunday,True
2454,u_109,Science Library,2026-08-16T18:02:00,2026-08-16T21:21:00,199,Sunday,True
2398,u_069,Central Cafeteria,2026-08-16T18:03:00,2026-08-16T19:06:00,63,Sunday,False
2439,u_100,Science Library,2026-08-16T18:03:00,2026-08-16T19:30:00,87,Sunday,True
2330,u_032,Indoor Sports Complex,2026-08-16T18:05:00,2026-08-16T19:23:00,78,Sunday,True
2462,u_118,Indoor Sports Complex,2026-08-16T18:07:00,2026-08-16T19:10:00,63,Sunday,True
2290,u_004,Gymnasium,2026-08-16T18:09:00,2026-08-16T19:55:00,106,Sunday,True
2408,u_073,Main Library,2026-08-16T18:09:00,2026-08-16T21:20:00,191,Sunday,True
2476,u_126,Indoor Sports Complex,2026-08-16T18:12:00,2026-08-16T19:02:00,50,Sunday,True
2500,u_145,Indoor Sports Complex,2026-08-16T18:12:00,2026-08-16T19:18:00,66,Sunday,True
2297,u_010,Main Library,2026-08-16T18:14:00,2026-08-16T20:04:00,110,Sunday,True
2479,u_129,Gymnasium,2026-08-16T18:16:00,2026-08-16T19:18:00,62,Sunday,True
2329,u_031,Science Library,2026-08-16T18:18:00,2026-08-16T21:26:00,188,Sunday,True
2374,u_057,Indoor Sports Complex,2026-08-16T18:26:00,2026-08-16T20:06:00,100,Sunday,False
2335,u_036,Science Library,2026-08-16T18:32:00,2026-08-16T19:42:00,70,Sunday,False
2491,u_137,Central Cafeteria,2026-08-16T18:34:00,2026-08-16T19:29:00,55,Sunday,True
2312,u_019,Central Cafeteria,2026-08-16T18:46:00,2026-08-16T19:23:00,37,Sunday,True
2360,u_049,Science Library,2026-08-16T18:46:00,2026-08-16T20:37:00,111,Sunday,True
2492,u_137,Science Library,2026-08-16T18:47:00,2026-08-16T20:22:00,95,Sunday,True
2568,u_188,Indoor Sports Complex,2026-08-16T18:52:00,2026-08-16T19:30:00,38,Sunday,True
2328,u_030,Science Library,2026-08-16T18:53:00,2026-08-16T20:17:00,84,Sunday,True
2334,u_035,Science Library,2026-08-16T18:54:00,2026-08-16T21:53:00,179,Sunday,True
2340,u_038,Food Court,2026-08-16T18:54:00,2026-08-16T19:49:00,55,Sunday,True
2435,u_098,Central Cafeteria,2026-08-16T18:55:00,2026-08-16T19:43:00,48,Sunday,True
2437,u_098,Science Library,2026-08-16T18:55:00,2026-08-16T20:15:00,80,Sunday,True
2372,u_055,Food Court,2026-08-16T18:56:00,2026-08-16T19:31:00,35,Sunday,True
2538,u_169,Main Library,2026-08-16T18:56:00,2026-08-16T21:01:00,125,Sunday,True
2338,u_037,Gymnasium,2026-08-16T18:57:00,2026-08-16T20:25:00,88,Sunday,True
2394,u_065,Main Library,2026-08-16T18:57:00,2026-08-16T20:15:00,78,Sunday,True
2333,u_034,Science Library,2026-08-16T18:58:00,2026-08-16T20:37:00,99,Sunday,True
2288,u_004,Science Library,2026-08-16T18:59:00,2026-08-16T21:50:00,171,Sunday,True
2317,u_022,Central Cafeteria,2026-08-16T18:59:00,2026-08-16T20:16:00,77,Sunday,True
2375,u_057,Gymnasium,2026-08-16T18:59:00,2026-08-16T19:58:00,59,Sunday,True
2535,u_167,Food Court,2026-08-16T18:59:00,2026-08-16T19:42:00,43,Sunday,True
2313,u_019,Science Library,2026-08-16T19:00:00,2026-08-16T22:19:00,199,Sunday,True
2392,u_064,Central Cafeteria,2026-08-16T19:00:00,2026-08-16T20:11:00,71,Sunday,True
2506,u_149,Gymnasium,2026-08-16T19:00:00,2026-08-16T19:46:00,46,Sunday,True
2322,u_026,Science Library,2026-08-16T19:01:00,2026-08-16T20:35:00,94,Sunday,True
2473,u_124,Central Cafeteria,2026-08-16T19:01:00,2026-08-16T19:57:00,56,Sunday,True
2361,u_049,Main Library,2026-08-16T19:02:00,2026-08-16T20:58:00,116,Sunday,True
2369,u_054,Food Court,2026-08-16T19:02:00,2026-08-16T20:03:00,61,Sunday,True
2441,u_102,Central Cafeteria,2026-08-16T19:03:00,2026-08-16T19:35:00,32,Sunday,True
2571,u_190,Science Library,2026-08-16T19:03:00,2026-08-16T22:03:00,180,Sunday,True
2306,u_017,Indoor Sports Complex,2026-08-16T19:04:00,2026-08-16T19:57:00,53,Sunday,True
2363,u_050,Central Cafeteria,2026-08-16T19:04:00,2026-08-16T20:03:00,59,Sunday,True
2391,u_064,Main Library,2026-08-16T19:04:00,2026-08-16T19:54:00,50,Sunday,True
2587,u_199,Gymnasium,2026-08-16T19:04:00,2026-08-16T20:44:00,100,Sunday,True
2285,u_001,Indoor Sports Complex,2026-08-16T19:05:00,2026-08-16T19:56:00,51,Sunday,True
2286,u_002,Gymnasium,2026-08-16T19:05:00,2026-08-16T20:37:00,92,Sunday,True
2540,u_170,Central Cafeteria,2026-08-16T19:05:00,2026-08-16T20:14:00,69,Sunday,True
2346,u_042,Indoor Sports Complex,2026-08-16T19:06:00,2026-08-16T19:45:00,39,Sunday,True
2358,u_048,Science Library,2026-08-16T19:06:00,2026-08-16T21:09:00,123,Sunday,True
2409,u_073,Central Cafeteria,2026-08-16T19:07:00,2026-08-16T20:10:00,63,Sunday,True
2483,u_131,Main Library,2026-08-16T19:07:00,2026-08-16T22:02:00,175,Sunday,True
2377,u_058,Gymnasium,2026-08-16T19:08:00,2026-08-16T20:15:00,67,Sunday,True
2395,u_067,Central Cafeteria,2026-08-16T19:08:00,2026-08-16T20:06:00,58,Sunday,False
2528,u_164,WiFi Zone North,2026-08-16T19:09:00,2026-08-16T21:04:00,115,Sunday,False
2555,u_177,Science Library,2026-08-16T19:09:00,2026-08-16T20:06:00,57,Sunday,True
2574,u_192,Food Court,2026-08-16T19:10:00,2026-08-16T20:27:00,77,Sunday,True
2314,u_020,Central Cafeteria,2026-08-16T19:11:00,2026-08-16T19:59:00,48,Sunday,True
2457,u_112,Central Cafeteria,2026-08-16T19:11:00,2026-08-16T20:01:00,50,Sunday,True
2320,u_025,Gymnasium,2026-08-16T19:12:00,2026-08-16T20:49:00,97,Sunday,True
2319,u_023,Central Cafeteria,2026-08-16T19:14:00,2026-08-16T20:18:00,64,Sunday,True
2556,u_178,Food Court,2026-08-16T19:14:00,2026-08-16T19:50:00,36,Sunday,True
2477,u_128,Food Court,2026-08-16T19:16:00,2026-08-16T20:17:00,61,Sunday,True
2451,u_108,Central Cafeteria,2026-08-16T19:21:00,2026-08-16T20:15:00,54,Sunday,True
2332,u_034,Gymnasium,2026-08-16T19:30:00,2026-08-16T20:57:00,87,Sunday,False
2344,u_041,Main Library,2026-08-16T19:35:00,2026-08-16T20:57:00,82,Sunday,True
2564,u_185,Food Court,2026-08-16T19:50:00,2026-08-16T20:47:00,57,Sunday,False
2522,u_161,Main Library,2026-08-16T19:55:00,2026-08-16T21:08:00,73,Sunday,True
2494,u_138,Indoor Sports Complex,2026-08-16T19:57:00,2026-08-16T20:59:00,62,Sunday,True
2518,u_157,Science Library,2026-08-16T19:57:00,2026-08-16T21:29:00,92,Sunday,True
2468,u_122,Gymnasium,2026-08-16T20:00:00,2026-08-16T21:21:00,81,Sunday,True
2581,u_196,Gymnasium,2026-08-16T20:00:00,2026-08-16T20:35:00,35,Sunday,True
2430,u_092,Gymnasium,2026-08-16T20:05:00,2026-08-16T21:24:00,79,Sunday,True
2572,u_191,Gymnasium,2026-08-16T20:05:00,2026-08-16T21:06:00,61,Sunday,True
2466,u_121,Main Library,2026-08-16T20:06:00,2026-08-16T23:16:00,190,Sunday,True
2450,u_107,Indoor Sports Complex,2026-08-16T20:07:00,2026-08-16T21:00:00,53,Sunday,True
2318,u_023,Indoor Sports Complex,2026-08-16T20:08:00,2026-08-16T21:24:00,76,Sunday,True
2557,u_179,Indoor Sports Complex,2026-08-16T20:12:00,2026-08-16T21:00:00,48,Sunday,True
2445,u_105,Science Library,2026-08-16T20:41:00,2026-08-16T21:32:00,51,Sunday,True
2429,u_092,Main Library,2026-08-16T20:54:00,2026-08-16T21:50:00,56,Sunday,True
2547,u_174,Science Library,2026-08-16T20:54:00,2026-08-16T21:55:00,61,Sunday,True
2426,u_087,Science Library,2026-08-16T20:56:00,2026-08-16T22:59:00,123,Sunday,True
2292,u_005,Main Library,2026-08-16T21:01:00,2026-08-16T23:03:00,122,Sunday,True
2573,u_191,Science Library,2026-08-16T21:03:00,2026-08-16T23:05:00,122,Sunday,True
2530,u_164,Main Library,2026-08-16T21:06:00,2026-08-17T00:17:00,191,Sunday,True
2569,u_188,Main Library,2026-08-16T21:06:00,2026-08-16T23:57:00,171,Sunday,True
2353,u_046,Main Library,2026-08-16T21:08:00,2026-08-16T22:08:00,60,Sunday,True
2644,u_046,Gymnasium,2026-08-17T05:50:00,2026-08-17T06:59:00,69,Monday,True
2667,u_063,Gymnasium,2026-08-17T05:52:00,2026-08-17T06:48:00,56,Monday,True
2710,u_096,Gymnasium,2026-08-17T05:52:00,2026-08-17T07:28:00,96,Monday,True
2813,u_166,Gymnasium,2026-08-17T05:58:00,2026-08-17T07:11:00,73,Monday,True
2775,u_143,Gymnasium,2026-08-17T05:59:00,2026-08-17T07:41:00,102,Monday,True
2714,u_102,Indoor Sports Complex,2026-08-17T06:00:00,2026-08-17T07:32:00,92,Monday,True
2756,u_130,Indoor Sports Complex,2026-08-17T06:02:00,2026-08-17T07:45:00,103,Monday,True
2762,u_134,Gymnasium,2026-08-17T06:09:00,2026-08-17T07:18:00,69,Monday,True
2701,u_089,Indoor Sports Complex,2026-08-17T06:14:00,2026-08-17T07:49:00,95,Monday,True
2820,u_171,Indoor Sports Complex,2026-08-17T06:46:00,2026-08-17T07:52:00,66,Monday,True
2720,u_106,Indoor Sports Complex,2026-08-17T06:54:00,2026-08-17T08:10:00,76,Monday,True
2724,u_109,Gymnasium,2026-08-17T06:54:00,2026-08-17T07:49:00,55,Monday,True
2789,u_152,Indoor Sports Complex,2026-08-17T06:54:00,2026-08-17T08:34:00,100,Monday,True
2648,u_048,Indoor Sports Complex,2026-08-17T07:00:00,2026-08-17T08:19:00,79,Monday,True
2610,u_014,Gymnasium,2026-08-17T07:01:00,2026-08-17T08:21:00,80,Monday,True
2688,u_080,Gymnasium,2026-08-17T07:04:00,2026-08-17T07:40:00,36,Monday,True
2852,u_194,Gymnasium,2026-08-17T07:05:00,2026-08-17T08:02:00,57,Monday,True
2702,u_089,Gymnasium,2026-08-17T07:06:00,2026-08-17T08:00:00,54,Monday,True
2854,u_195,Indoor Sports Complex,2026-08-17T07:07:00,2026-08-17T08:28:00,81,Monday,True
2677,u_071,Indoor Sports Complex,2026-08-17T07:10:00,2026-08-17T08:01:00,51,Monday,True
2737,u_119,Indoor Sports Complex,2026-08-17T07:52:00,2026-08-17T09:18:00,86,Monday,True
2629,u_030,Indoor Sports Complex,2026-08-17T07:56:00,2026-08-17T09:16:00,80,Monday,True
2613,u_017,Gymnasium,2026-08-17T08:00:00,2026-08-17T09:07:00,67,Monday,True
2803,u_160,Gymnasium,2026-08-17T08:01:00,2026-08-17T09:29:00,88,Monday,True
2834,u_184,Gymnasium,2026-08-17T08:02:00,2026-08-17T09:39:00,97,Monday,True
2769,u_138,Gymnasium,2026-08-17T08:03:00,2026-08-17T09:41:00,98,Monday,True
2753,u_126,Gymnasium,2026-08-17T08:06:00,2026-08-17T09:04:00,58,Monday,True
2835,u_185,Central Cafeteria,2026-08-17T08:07:00,2026-08-17T08:34:00,27,Monday,True
2665,u_060,Gymnasium,2026-08-17T08:08:00,2026-08-17T08:56:00,48,Monday,True
2675,u_070,Indoor Sports Complex,2026-08-17T08:08:00,2026-08-17T09:29:00,81,Monday,True
2638,u_039,Food Court,2026-08-17T08:14:00,2026-08-17T08:40:00,26,Monday,True
2771,u_138,Central Cafeteria,2026-08-17T08:16:00,2026-08-17T08:40:00,24,Monday,True
2754,u_127,Food Court,2026-08-17T08:21:00,2026-08-17T08:44:00,23,Monday,True
2659,u_056,Central Cafeteria,2026-08-17T08:23:00,2026-08-17T09:08:00,45,Monday,True
2856,u_196,Central Cafeteria,2026-08-17T08:24:00,2026-08-17T09:17:00,53,Monday,True
2607,u_013,Central Cafeteria,2026-08-17T08:25:00,2026-08-17T09:12:00,47,Monday,True
2608,u_014,Central Cafeteria,2026-08-17T08:28:00,2026-08-17T09:04:00,36,Monday,True
2627,u_028,Food Court,2026-08-17T08:31:00,2026-08-17T09:49:00,78,Monday,True
2616,u_020,Food Court,2026-08-17T08:32:00,2026-08-17T09:39:00,67,Monday,True
2645,u_046,Central Cafeteria,2026-08-17T08:32:00,2026-08-17T09:48:00,76,Monday,True
2695,u_084,Food Court,2026-08-17T08:32:00,2026-08-17T09:04:00,32,Monday,True
2700,u_088,Central Cafeteria,2026-08-17T08:32:00,2026-08-17T09:08:00,36,Monday,True
2833,u_182,Central Cafeteria,2026-08-17T08:36:00,2026-08-17T09:37:00,61,Monday,True
2735,u_118,Indoor Sports Complex,2026-08-17T08:37:00,2026-08-17T09:45:00,68,Monday,False
2857,u_198,Central Cafeteria,2026-08-17T08:40:00,2026-08-17T09:57:00,77,Monday,True
2764,u_135,Computer Lab A,2026-08-17T08:47:00,2026-08-17T09:42:00,55,Monday,True
2716,u_104,Food Court,2026-08-17T08:48:00,2026-08-17T09:30:00,42,Monday,True
2692,u_084,Computer Lab A,2026-08-17T08:49:00,2026-08-17T09:35:00,46,Monday,True
2689,u_080,Central Cafeteria,2026-08-17T08:55:00,2026-08-17T09:19:00,24,Monday,True
2670,u_065,Computer Lab B,2026-08-17T08:56:00,2026-08-17T09:40:00,44,Monday,True
2750,u_125,Computer Lab B,2026-08-17T08:56:00,2026-08-17T09:51:00,55,Monday,True
2694,u_084,Computer Lab B,2026-08-17T09:00:00,2026-08-17T10:36:00,96,Monday,True
2795,u_155,Computer Lab B,2026-08-17T09:01:00,2026-08-17T10:00:00,59,Monday,True
2679,u_073,Computer Lab A,2026-08-17T09:02:00,2026-08-17T10:19:00,77,Monday,True
2682,u_074,Computer Lab B,2026-08-17T09:06:00,2026-08-17T10:35:00,89,Monday,True
2741,u_120,Computer Lab A,2026-08-17T09:06:00,2026-08-17T10:10:00,64,Monday,True
2604,u_012,Computer Lab B,2026-08-17T09:10:00,2026-08-17T10:15:00,65,Monday,True
2709,u_096,Science Library,2026-08-17T09:40:00,2026-08-17T10:34:00,54,Monday,False
2609,u_014,Student Center,2026-08-17T09:42:00,2026-08-17T11:01:00,79,Monday,True
2593,u_002,Computer Lab B,2026-08-17T09:47:00,2026-08-17T11:24:00,97,Monday,True
2765,u_136,Computer Lab A,2026-08-17T09:53:00,2026-08-17T10:54:00,61,Monday,True
2842,u_188,Computer Lab B,2026-08-17T09:56:00,2026-08-17T11:33:00,97,Monday,True
2603,u_011,Computer Lab A,2026-08-17T10:01:00,2026-08-17T11:50:00,109,Monday,True
2849,u_193,Student Center,2026-08-17T10:06:00,2026-08-17T11:11:00,65,Monday,True
2839,u_187,Computer Lab A,2026-08-17T10:08:00,2026-08-17T10:44:00,36,Monday,True
2637,u_035,Student Center,2026-08-17T10:14:00,2026-08-17T11:19:00,65,Monday,True
2843,u_189,Gymnasium,2026-08-17T10:16:00,2026-08-17T11:29:00,73,Monday,False
2788,u_151,Computer Lab A,2026-08-17T10:17:00,2026-08-17T11:12:00,55,Monday,True
2760,u_134,Computer Lab A,2026-08-17T10:21:00,2026-08-17T12:09:00,108,Monday,False
2683,u_076,Student Center,2026-08-17T10:22:00,2026-08-17T11:11:00,49,Monday,True
2828,u_176,Computer Lab A,2026-08-17T10:48:00,2026-08-17T12:26:00,98,Monday,True
2595,u_006,Computer Lab B,2026-08-17T10:51:00,2026-08-17T11:40:00,49,Monday,True
2605,u_012,Student Center,2026-08-17T10:52:00,2026-08-17T12:11:00,79,Monday,True
2811,u_164,Student Center,2026-08-17T10:54:00,2026-08-17T12:34:00,100,Monday,True
2606,u_013,Student Center,2026-08-17T10:56:00,2026-08-17T11:55:00,59,Monday,True
2830,u_177,Computer Lab B,2026-08-17T11:00:00,2026-08-17T11:36:00,36,Monday,True
2676,u_071,Student Center,2026-08-17T11:03:00,2026-08-17T12:10:00,67,Monday,False
2829,u_177,Science Library,2026-08-17T11:03:00,2026-08-17T12:26:00,83,Monday,False
2743,u_122,Student Center,2026-08-17T11:04:00,2026-08-17T12:17:00,73,Monday,True
2656,u_054,Student Center,2026-08-17T11:05:00,2026-08-17T12:06:00,61,Monday,True
2822,u_173,Computer Lab A,2026-08-17T11:05:00,2026-08-17T11:50:00,45,Monday,True
2761,u_134,Student Center,2026-08-17T11:08:00,2026-08-17T11:55:00,47,Monday,True
2766,u_136,Computer Lab B,2026-08-17T11:12:00,2026-08-17T12:56:00,104,Monday,True
2796,u_155,Computer Lab A,2026-08-17T11:21:00,2026-08-17T12:55:00,94,Monday,True
2732,u_117,Computer Lab A,2026-08-17T11:22:00,2026-08-17T12:48:00,86,Monday,False
2707,u_094,Computer Lab B,2026-08-17T11:51:00,2026-08-17T12:58:00,67,Monday,True
2749,u_124,Computer Lab B,2026-08-17T11:51:00,2026-08-17T12:38:00,47,Monday,True
2612,u_017,Student Center,2026-08-17T11:54:00,2026-08-17T13:35:00,101,Monday,True
2628,u_028,Computer Lab A,2026-08-17T11:54:00,2026-08-17T13:10:00,76,Monday,True
2748,u_124,Student Center,2026-08-17T11:59:00,2026-08-17T13:02:00,63,Monday,True
2734,u_117,Student Center,2026-08-17T12:02:00,2026-08-17T13:47:00,105,Monday,True
2845,u_190,Student Center,2026-08-17T12:03:00,2026-08-17T13:30:00,87,Monday,True
2673,u_068,Computer Lab B,2026-08-17T12:06:00,2026-08-17T13:35:00,89,Monday,True
2780,u_148,Student Center,2026-08-17T12:06:00,2026-08-17T13:45:00,99,Monday,True
2738,u_119,Central Cafeteria,2026-08-17T12:07:00,2026-08-17T13:18:00,71,Monday,True
2631,u_032,Computer Lab B,2026-08-17T12:11:00,2026-08-17T12:56:00,45,Monday,True
2657,u_055,Central Cafeteria,2026-08-17T12:18:00,2026-08-17T13:34:00,76,Monday,True
2703,u_090,Central Cafeteria,2026-08-17T12:18:00,2026-08-17T12:42:00,24,Monday,True
2850,u_193,Food Court,2026-08-17T12:18:00,2026-08-17T13:05:00,47,Monday,True
2711,u_097,Computer Lab A,2026-08-17T12:21:00,2026-08-17T14:06:00,105,Monday,True
2800,u_158,Central Cafeteria,2026-08-17T12:22:00,2026-08-17T12:42:00,20,Monday,True
2815,u_168,Central Cafeteria,2026-08-17T12:23:00,2026-08-17T13:17:00,54,Monday,True
2713,u_101,Central Cafeteria,2026-08-17T12:26:00,2026-08-17T13:39:00,73,Monday,True
2838,u_187,Central Cafeteria,2026-08-17T12:26:00,2026-08-17T13:39:00,73,Monday,True
2806,u_162,Central Cafeteria,2026-08-17T12:27:00,2026-08-17T13:27:00,60,Monday,True
2821,u_171,Food Court,2026-08-17T12:28:00,2026-08-17T13:20:00,52,Monday,True
2772,u_142,Central Cafeteria,2026-08-17T12:29:00,2026-08-17T13:17:00,48,Monday,True
2717,u_105,Food Court,2026-08-17T12:30:00,2026-08-17T13:01:00,31,Monday,True
2723,u_108,Food Court,2026-08-17T12:30:00,2026-08-17T13:16:00,46,Monday,True
2681,u_074,Food Court,2026-08-17T12:33:00,2026-08-17T12:59:00,26,Monday,True
2832,u_180,Food Court,2026-08-17T12:33:00,2026-08-17T13:49:00,76,Monday,True
2818,u_169,Central Cafeteria,2026-08-17T12:34:00,2026-08-17T13:40:00,66,Monday,True
2787,u_151,Central Cafeteria,2026-08-17T12:35:00,2026-08-17T13:32:00,57,Monday,True
2844,u_190,Central Cafeteria,2026-08-17T12:38:00,2026-08-17T13:20:00,42,Monday,True
2792,u_152,Food Court,2026-08-17T12:39:00,2026-08-17T13:32:00,53,Monday,True
2785,u_151,Food Court,2026-08-17T12:40:00,2026-08-17T13:23:00,43,Monday,True
2622,u_025,Food Court,2026-08-17T12:41:00,2026-08-17T13:48:00,67,Monday,True
2728,u_113,Computer Lab A,2026-08-17T12:41:00,2026-08-17T14:20:00,99,Monday,True
2646,u_047,Central Cafeteria,2026-08-17T12:46:00,2026-08-17T13:48:00,62,Monday,True
2719,u_106,Computer Lab B,2026-08-17T12:55:00,2026-08-17T13:51:00,56,Monday,True
2858,u_198,Student Center,2026-08-17T12:55:00,2026-08-17T13:47:00,52,Monday,True
2791,u_152,Computer Lab A,2026-08-17T12:59:00,2026-08-17T13:57:00,58,Monday,True
2687,u_079,Computer Lab A,2026-08-17T13:02:00,2026-08-17T13:44:00,42,Monday,True
2807,u_162,Student Center,2026-08-17T13:02:00,2026-08-17T14:35:00,93,Monday,True
2633,u_033,Computer Lab B,2026-08-17T13:06:00,2026-08-17T14:31:00,85,Monday,True
2802,u_160,Student Center,2026-08-17T13:06:00,2026-08-17T14:39:00,93,Monday,True
2827,u_176,Computer Lab B,2026-08-17T13:07:00,2026-08-17T14:42:00,95,Monday,True
2691,u_081,Computer Lab A,2026-08-17T13:08:00,2026-08-17T14:56:00,108,Monday,True
2678,u_072,Computer Lab B,2026-08-17T13:11:00,2026-08-17T14:44:00,93,Monday,True
2647,u_048,Computer Lab A,2026-08-17T13:13:00,2026-08-17T14:11:00,58,Monday,False
2817,u_169,Computer Lab A,2026-08-17T13:14:00,2026-08-17T14:24:00,70,Monday,True
2851,u_193,Computer Lab B,2026-08-17T13:17:00,2026-08-17T14:21:00,64,Monday,True
2601,u_011,Computer Lab B,2026-08-17T13:27:00,2026-08-17T14:14:00,47,Monday,False
2729,u_114,Computer Lab A,2026-08-17T13:30:00,2026-08-17T14:25:00,55,Monday,True
2840,u_187,Computer Lab B,2026-08-17T13:40:00,2026-08-17T14:43:00,63,Monday,True
2669,u_065,Student Center,2026-08-17T13:53:00,2026-08-17T14:28:00,35,Monday,True
2686,u_079,WiFi Zone South,2026-08-17T13:54:00,2026-08-17T14:11:00,17,Monday,False
2726,u_110,Computer Lab A,2026-08-17T13:54:00,2026-08-17T15:11:00,77,Monday,True
2599,u_009,Student Center,2026-08-17T13:59:00,2026-08-17T15:25:00,86,Monday,True
2592,u_001,Student Center,2026-08-17T14:00:00,2026-08-17T15:29:00,89,Monday,True
2774,u_143,Computer Lab B,2026-08-17T14:03:00,2026-08-17T14:43:00,40,Monday,True
2666,u_061,Computer Lab A,2026-08-17T14:05:00,2026-08-17T14:49:00,44,Monday,True
2672,u_067,Student Center,2026-08-17T14:08:00,2026-08-17T14:45:00,37,Monday,True
2755,u_128,Computer Lab A,2026-08-17T14:08:00,2026-08-17T15:17:00,69,Monday,True
2848,u_192,Computer Lab A,2026-08-17T14:08:00,2026-08-17T15:11:00,63,Monday,True
2684,u_076,Computer Lab A,2026-08-17T14:09:00,2026-08-17T14:44:00,35,Monday,True
2853,u_195,Student Center,2026-08-17T14:54:00,2026-08-17T16:23:00,89,Monday,True
2810,u_163,Student Center,2026-08-17T14:55:00,2026-08-17T15:53:00,58,Monday,True
2698,u_087,Student Center,2026-08-17T14:56:00,2026-08-17T15:48:00,52,Monday,True
2598,u_008,Computer Lab A,2026-08-17T14:57:00,2026-08-17T15:51:00,54,Monday,True
2668,u_063,Computer Lab A,2026-08-17T15:03:00,2026-08-17T16:47:00,104,Monday,True
2591,u_001,Computer Lab B,2026-08-17T15:11:00,2026-08-17T16:41:00,90,Monday,True
2704,u_091,Computer Lab B,2026-08-17T15:42:00,2026-08-17T16:26:00,44,Monday,True
2859,u_200,Science Library,2026-08-17T15:45:00,2026-08-17T17:16:00,91,Monday,True
2614,u_017,Main Library,2026-08-17T15:48:00,2026-08-17T18:53:00,185,Monday,True
2653,u_052,Main Library,2026-08-17T15:48:00,2026-08-17T16:44:00,56,Monday,True
2779,u_147,Student Center,2026-08-17T15:49:00,2026-08-17T17:12:00,83,Monday,True
2671,u_066,Main Library,2026-08-17T15:52:00,2026-08-17T17:05:00,73,Monday,True
2693,u_084,Science Library,2026-08-17T15:53:00,2026-08-17T16:55:00,62,Monday,True
2746,u_122,Main Library,2026-08-17T15:53:00,2026-08-17T18:06:00,133,Monday,True
2799,u_157,Student Center,2026-08-17T15:53:00,2026-08-17T17:21:00,88,Monday,True
2625,u_026,Computer Lab B,2026-08-17T15:54:00,2026-08-17T17:33:00,99,Monday,True
2674,u_070,Main Library,2026-08-17T15:55:00,2026-08-17T17:02:00,67,Monday,True
2855,u_196,Science Library,2026-08-17T15:55:00,2026-08-17T18:15:00,140,Monday,True
2740,u_120,Student Center,2026-08-17T15:56:00,2026-08-17T17:23:00,87,Monday,True
2819,u_170,Computer Lab A,2026-08-17T15:57:00,2026-08-17T16:55:00,58,Monday,True
2768,u_137,Student Center,2026-08-17T15:58:00,2026-08-17T16:53:00,55,Monday,True
2596,u_007,Computer Lab A,2026-08-17T16:05:00,2026-08-17T17:53:00,108,Monday,True
2809,u_163,Main Library,2026-08-17T16:05:00,2026-08-17T17:24:00,79,Monday,True
2699,u_087,Computer Lab A,2026-08-17T16:06:00,2026-08-17T17:19:00,73,Monday,True
2733,u_117,Computer Lab B,2026-08-17T16:07:00,2026-08-17T17:44:00,97,Monday,True
2615,u_018,Main Library,2026-08-17T16:08:00,2026-08-17T18:26:00,138,Monday,True
2621,u_025,Computer Lab A,2026-08-17T16:08:00,2026-08-17T17:36:00,88,Monday,True
2777,u_145,Main Library,2026-08-17T16:08:00,2026-08-17T17:16:00,68,Monday,True
2778,u_147,Main Library,2026-08-17T16:13:00,2026-08-17T18:31:00,138,Monday,True
2718,u_106,WiFi Zone North,2026-08-17T16:22:00,2026-08-17T17:44:00,82,Monday,False
2812,u_164,Indoor Sports Complex,2026-08-17T16:44:00,2026-08-17T18:26:00,102,Monday,True
2597,u_008,Main Library,2026-08-17T16:51:00,2026-08-17T18:45:00,114,Monday,True
2655,u_054,Main Library,2026-08-17T16:51:00,2026-08-17T17:50:00,59,Monday,True
2805,u_162,Indoor Sports Complex,2026-08-17T16:51:00,2026-08-17T17:56:00,65,Monday,True
2781,u_148,Indoor Sports Complex,2026-08-17T16:53:00,2026-08-17T18:16:00,83,Monday,True
2823,u_173,Gymnasium,2026-08-17T16:53:00,2026-08-17T18:15:00,82,Monday,True
2731,u_115,Gymnasium,2026-08-17T16:57:00,2026-08-17T18:08:00,71,Monday,True
2825,u_174,Gymnasium,2026-08-17T17:00:00,2026-08-17T17:59:00,59,Monday,True
2757,u_131,Science Library,2026-08-17T17:02:00,2026-08-17T18:15:00,73,Monday,True
2767,u_137,Main Library,2026-08-17T17:02:00,2026-08-17T19:00:00,118,Monday,True
2784,u_150,Science Library,2026-08-17T17:05:00,2026-08-17T18:53:00,108,Monday,True
2763,u_135,Main Library,2026-08-17T17:07:00,2026-08-17T18:55:00,108,Monday,True
2786,u_151,Main Library,2026-08-17T17:12:00,2026-08-17T18:25:00,73,Monday,True
2836,u_186,Computer Lab B,2026-08-17T17:26:00,2026-08-17T19:05:00,99,Monday,False
2793,u_153,Gymnasium,2026-08-17T17:29:00,2026-08-17T19:14:00,105,Monday,True
2630,u_031,Science Library,2026-08-17T17:42:00,2026-08-17T21:00:00,198,Monday,True
2632,u_032,Indoor Sports Complex,2026-08-17T17:44:00,2026-08-17T18:55:00,71,Monday,True
2797,u_156,Science Library,2026-08-17T17:48:00,2026-08-17T19:24:00,96,Monday,True
2600,u_010,Main Library,2026-08-17T17:57:00,2026-08-17T20:04:00,127,Monday,True
2685,u_078,Science Library,2026-08-17T17:57:00,2026-08-17T19:27:00,90,Monday,True
2725,u_109,Science Library,2026-08-17T17:57:00,2026-08-17T20:58:00,181,Monday,True
2752,u_126,Food Court,2026-08-17T17:58:00,2026-08-17T19:45:00,107,Monday,False
2626,u_027,Science Library,2026-08-17T18:01:00,2026-08-17T19:45:00,104,Monday,True
2652,u_051,Indoor Sports Complex,2026-08-17T18:02:00,2026-08-17T18:56:00,54,Monday,True
2808,u_163,Indoor Sports Complex,2026-08-17T18:03:00,2026-08-17T19:33:00,90,Monday,True
2712,u_100,Science Library,2026-08-17T18:06:00,2026-08-17T19:44:00,98,Monday,True
2618,u_021,Main Library,2026-08-17T18:08:00,2026-08-17T19:22:00,74,Monday,True
2739,u_120,Indoor Sports Complex,2026-08-17T18:08:00,2026-08-17T19:20:00,72,Monday,True
2782,u_148,Main Library,2026-08-17T18:11:00,2026-08-17T21:25:00,194,Monday,True
2680,u_073,Main Library,2026-08-17T18:12:00,2026-08-17T21:14:00,182,Monday,True
2751,u_125,Indoor Sports Complex,2026-08-17T18:18:00,2026-08-17T19:01:00,43,Monday,True
2706,u_094,Science Library,2026-08-17T18:29:00,2026-08-17T21:37:00,188,Monday,True
2758,u_131,Main Library,2026-08-17T18:33:00,2026-08-17T21:45:00,192,Monday,True
2651,u_050,Central Cafeteria,2026-08-17T18:40:00,2026-08-17T19:49:00,69,Monday,True
2662,u_059,WiFi Zone South,2026-08-17T18:41:00,2026-08-17T20:33:00,112,Monday,False
2816,u_169,Main Library,2026-08-17T18:42:00,2026-08-17T20:11:00,89,Monday,False
2826,u_175,WiFi Zone South,2026-08-17T18:42:00,2026-08-17T20:15:00,93,Monday,False
2660,u_057,Gymnasium,2026-08-17T18:44:00,2026-08-17T20:03:00,79,Monday,True
2697,u_087,Central Cafeteria,2026-08-17T18:49:00,2026-08-17T19:28:00,39,Monday,True
2636,u_035,Science Library,2026-08-17T18:51:00,2026-08-17T22:08:00,197,Monday,True
2649,u_049,Central Cafeteria,2026-08-17T18:51:00,2026-08-17T19:29:00,38,Monday,True
2744,u_122,Central Cafeteria,2026-08-17T18:51:00,2026-08-17T19:54:00,63,Monday,True
2617,u_020,Central Cafeteria,2026-08-17T18:52:00,2026-08-17T19:32:00,40,Monday,True
2619,u_022,Main Library,2026-08-17T18:52:00,2026-08-17T21:49:00,177,Monday,True
2620,u_025,Indoor Sports Complex,2026-08-17T18:52:00,2026-08-17T20:18:00,86,Monday,False
2594,u_004,Central Cafeteria,2026-08-17T18:55:00,2026-08-17T19:50:00,55,Monday,True
2814,u_167,Food Court,2026-08-17T18:55:00,2026-08-17T19:56:00,61,Monday,True
2642,u_044,Central Cafeteria,2026-08-17T19:00:00,2026-08-17T19:34:00,34,Monday,False
2663,u_059,Food Court,2026-08-17T19:00:00,2026-08-17T19:39:00,39,Monday,True
2664,u_059,Main Library,2026-08-17T19:00:00,2026-08-17T20:03:00,63,Monday,True
2721,u_108,Central Cafeteria,2026-08-17T19:00:00,2026-08-17T19:59:00,59,Monday,True
2634,u_034,Science Library,2026-08-17T19:01:00,2026-08-17T20:24:00,83,Monday,True
2661,u_058,Food Court,2026-08-17T19:01:00,2026-08-17T19:58:00,57,Monday,True
2824,u_174,Indoor Sports Complex,2026-08-17T19:01:00,2026-08-17T20:50:00,109,Monday,True
2624,u_026,Central Cafeteria,2026-08-17T19:02:00,2026-08-17T19:29:00,27,Monday,True
2640,u_042,Indoor Sports Complex,2026-08-17T19:02:00,2026-08-17T19:54:00,52,Monday,True
2715,u_102,Central Cafeteria,2026-08-17T19:02:00,2026-08-17T19:34:00,32,Monday,True
2831,u_177,Science Library,2026-08-17T19:02:00,2026-08-17T20:05:00,63,Monday,True
2623,u_026,Science Library,2026-08-17T19:07:00,2026-08-17T20:52:00,105,Monday,True
2658,u_055,Gymnasium,2026-08-17T19:07:00,2026-08-17T20:18:00,71,Monday,True
2727,u_112,Main Library,2026-08-17T19:08:00,2026-08-17T20:48:00,100,Monday,True
2794,u_154,Food Court,2026-08-17T19:10:00,2026-08-17T20:09:00,59,Monday,True
2602,u_011,Gymnasium,2026-08-17T19:11:00,2026-08-17T20:50:00,99,Monday,True
2690,u_081,Main Library,2026-08-17T19:11:00,2026-08-17T20:52:00,101,Monday,True
2759,u_133,Central Cafeteria,2026-08-17T19:11:00,2026-08-17T20:08:00,57,Monday,True
2650,u_049,Science Library,2026-08-17T19:15:00,2026-08-17T21:28:00,133,Monday,True
2798,u_156,Gymnasium,2026-08-17T19:22:00,2026-08-17T20:02:00,40,Monday,True
2770,u_138,Indoor Sports Complex,2026-08-17T19:43:00,2026-08-17T20:21:00,38,Monday,True
2846,u_191,Gymnasium,2026-08-17T19:43:00,2026-08-17T20:33:00,50,Monday,True
2639,u_040,Main Library,2026-08-17T19:54:00,2026-08-17T21:57:00,123,Monday,True
2722,u_108,Gymnasium,2026-08-17T19:55:00,2026-08-17T20:36:00,41,Monday,True
2776,u_144,Main Library,2026-08-17T19:55:00,2026-08-17T21:18:00,83,Monday,True
2654,u_052,Gymnasium,2026-08-17T19:57:00,2026-08-17T21:05:00,68,Monday,True
2736,u_118,Science Library,2026-08-17T19:59:00,2026-08-17T21:02:00,63,Monday,True
2837,u_187,Science Library,2026-08-17T20:00:00,2026-08-17T21:32:00,92,Monday,True
2635,u_034,Main Library,2026-08-17T20:03:00,2026-08-17T23:13:00,190,Monday,True
2708,u_095,Indoor Sports Complex,2026-08-17T20:03:00,2026-08-17T20:54:00,51,Monday,True
2745,u_122,Gymnasium,2026-08-17T20:03:00,2026-08-17T21:50:00,107,Monday,True
2742,u_121,Main Library,2026-08-17T20:10:00,2026-08-17T23:07:00,177,Monday,True
2804,u_161,Main Library,2026-08-17T20:14:00,2026-08-17T21:34:00,80,Monday,True
2696,u_086,Main Library,2026-08-17T20:16:00,2026-08-17T22:33:00,137,Monday,True
2801,u_159,Science Library,2026-08-17T20:16:00,2026-08-17T22:24:00,128,Monday,True
2705,u_092,WiFi Zone South,2026-08-17T20:33:00,2026-08-17T22:13:00,100,Monday,False
2847,u_191,Science Library,2026-08-17T20:43:00,2026-08-17T22:37:00,114,Monday,True
2773,u_142,Science Library,2026-08-17T20:44:00,2026-08-17T22:26:00,102,Monday,True
2611,u_015,Science Library,2026-08-17T20:45:00,2026-08-17T22:51:00,126,Monday,True
2730,u_114,Science Library,2026-08-17T20:50:00,2026-08-17T22:05:00,75,Monday,True
2841,u_188,Main Library,2026-08-17T20:54:00,2026-08-17T23:58:00,184,Monday,True
2641,u_043,Main Library,2026-08-17T21:00:00,2026-08-17T23:01:00,121,Monday,True
2783,u_149,Science Library,2026-08-17T21:06:00,2026-08-17T23:11:00,125,Monday,True
2790,u_152,Science Library,2026-08-17T21:09:00,2026-08-17T22:43:00,94,Monday,True
2643,u_046,Main Library,2026-08-17T21:11:00,2026-08-17T22:20:00,69,Monday,True
2747,u_124,Science Library,2026-08-17T21:16:00,2026-08-17T23:25:00,129,Monday,True
2864,u_003,Indoor Sports Complex,2026-08-18T05:43:00,2026-08-18T06:47:00,64,Tuesday,True
2926,u_046,Gymnasium,2026-08-18T05:44:00,2026-08-18T06:44:00,60,Tuesday,True
3123,u_186,Indoor Sports Complex,2026-08-18T05:44:00,2026-08-18T06:47:00,63,Tuesday,True
2960,u_072,Gymnasium,2026-08-18T06:02:00,2026-08-18T07:41:00,99,Tuesday,True
2895,u_029,Gymnasium,2026-08-18T06:06:00,2026-08-18T07:09:00,63,Tuesday,True
3135,u_194,Indoor Sports Complex,2026-08-18T06:06:00,2026-08-18T07:54:00,108,Tuesday,True
3055,u_139,Gymnasium,2026-08-18T06:08:00,2026-08-18T07:36:00,88,Tuesday,True
3083,u_155,Indoor Sports Complex,2026-08-18T06:11:00,2026-08-18T07:01:00,50,Tuesday,True
3025,u_119,Gymnasium,2026-08-18T06:13:00,2026-08-18T06:51:00,38,Tuesday,True
2978,u_087,Gymnasium,2026-08-18T06:55:00,2026-08-18T07:44:00,49,Tuesday,True
3014,u_109,Gymnasium,2026-08-18T06:55:00,2026-08-18T08:08:00,73,Tuesday,True
3085,u_156,Indoor Sports Complex,2026-08-18T06:57:00,2026-08-18T08:32:00,95,Tuesday,True
2924,u_045,Indoor Sports Complex,2026-08-18T06:58:00,2026-08-18T08:12:00,74,Tuesday,True
2946,u_060,Indoor Sports Complex,2026-08-18T06:58:00,2026-08-18T07:52:00,54,Tuesday,True
3003,u_102,Gymnasium,2026-08-18T06:58:00,2026-08-18T07:48:00,50,Tuesday,True
3145,u_200,Gymnasium,2026-08-18T06:58:00,2026-08-18T08:03:00,65,Tuesday,True
2878,u_014,Gymnasium,2026-08-18T07:02:00,2026-08-18T08:15:00,73,Tuesday,True
2933,u_049,Indoor Sports Complex,2026-08-18T07:05:00,2026-08-18T08:51:00,106,Tuesday,True
3006,u_104,Indoor Sports Complex,2026-08-18T07:06:00,2026-08-18T08:05:00,59,Tuesday,True
3066,u_147,Indoor Sports Complex,2026-08-18T07:16:00,2026-08-18T08:09:00,53,Tuesday,True
2988,u_093,Gymnasium,2026-08-18T07:51:00,2026-08-18T09:26:00,95,Tuesday,True
3129,u_190,Indoor Sports Complex,2026-08-18T07:53:00,2026-08-18T08:48:00,55,Tuesday,True
3007,u_105,Gymnasium,2026-08-18T07:55:00,2026-08-18T08:48:00,53,Tuesday,True
3024,u_119,Indoor Sports Complex,2026-08-18T08:01:00,2026-08-18T09:43:00,102,Tuesday,True
2868,u_006,Gymnasium,2026-08-18T08:04:00,2026-08-18T09:17:00,73,Tuesday,True
2911,u_038,Gymnasium,2026-08-18T08:04:00,2026-08-18T09:26:00,82,Tuesday,False
3095,u_161,Indoor Sports Complex,2026-08-18T08:05:00,2026-08-18T09:10:00,65,Tuesday,True
2961,u_073,Gymnasium,2026-08-18T08:07:00,2026-08-18T09:23:00,76,Tuesday,True
2963,u_075,Central Cafeteria,2026-08-18T08:07:00,2026-08-18T08:45:00,38,Tuesday,True
3015,u_111,Gymnasium,2026-08-18T08:07:00,2026-08-18T08:57:00,50,Tuesday,True
3091,u_160,Gymnasium,2026-08-18T08:07:00,2026-08-18T09:30:00,83,Tuesday,True
2897,u_031,Indoor Sports Complex,2026-08-18T08:09:00,2026-08-18T09:57:00,108,Tuesday,True
2973,u_083,Indoor Sports Complex,2026-08-18T08:09:00,2026-08-18T08:52:00,43,Tuesday,True
3108,u_170,Indoor Sports Complex,2026-08-18T08:10:00,2026-08-18T09:06:00,56,Tuesday,True
3141,u_198,Indoor Sports Complex,2026-08-18T08:11:00,2026-08-18T08:47:00,36,Tuesday,True
3038,u_127,Food Court,2026-08-18T08:12:00,2026-08-18T08:41:00,29,Tuesday,True
2969,u_081,Central Cafeteria,2026-08-18T08:16:00,2026-08-18T09:30:00,74,Tuesday,True
2947,u_060,Gymnasium,2026-08-18T08:17:00,2026-08-18T09:01:00,44,Tuesday,True
2987,u_093,Central Cafeteria,2026-08-18T08:27:00,2026-08-18T09:32:00,65,Tuesday,True
3084,u_155,Central Cafeteria,2026-08-18T08:27:00,2026-08-18T09:06:00,39,Tuesday,True
2971,u_082,Food Court,2026-08-18T08:28:00,2026-08-18T09:42:00,74,Tuesday,True
2999,u_100,Central Cafeteria,2026-08-18T08:28:00,2026-08-18T09:47:00,79,Tuesday,True
2997,u_098,Food Court,2026-08-18T08:29:00,2026-08-18T09:24:00,55,Tuesday,True
2956,u_067,Central Cafeteria,2026-08-18T08:30:00,2026-08-18T09:38:00,68,Tuesday,True
2998,u_099,Food Court,2026-08-18T08:30:00,2026-08-18T09:18:00,48,Tuesday,True
2916,u_039,Food Court,2026-08-18T08:33:00,2026-08-18T09:20:00,47,Tuesday,True
2981,u_088,Central Cafeteria,2026-08-18T08:34:00,2026-08-18T08:55:00,21,Tuesday,True
3140,u_198,Central Cafeteria,2026-08-18T08:35:00,2026-08-18T09:33:00,58,Tuesday,True
2894,u_028,Food Court,2026-08-18T08:37:00,2026-08-18T09:53:00,76,Tuesday,True
3054,u_138,Central Cafeteria,2026-08-18T08:37:00,2026-08-18T08:59:00,22,Tuesday,True
2905,u_034,Central Cafeteria,2026-08-18T08:38:00,2026-08-18T09:17:00,39,Tuesday,True
3081,u_154,Central Cafeteria,2026-08-18T08:41:00,2026-08-18T09:56:00,75,Tuesday,True
3137,u_196,Central Cafeteria,2026-08-18T08:43:00,2026-08-18T09:20:00,37,Tuesday,True
3041,u_130,Food Court,2026-08-18T08:45:00,2026-08-18T09:57:00,72,Tuesday,True
2957,u_069,Computer Lab A,2026-08-18T08:47:00,2026-08-18T09:42:00,55,Tuesday,True
3092,u_161,Computer Lab B,2026-08-18T08:48:00,2026-08-18T10:10:00,82,Tuesday,True
3082,u_155,Student Center,2026-08-18T08:58:00,2026-08-18T10:34:00,96,Tuesday,True
3048,u_133,Computer Lab A,2026-08-18T09:01:00,2026-08-18T09:53:00,52,Tuesday,True
2863,u_003,Science Library,2026-08-18T09:02:00,2026-08-18T10:09:00,67,Tuesday,False
3028,u_120,Computer Lab A,2026-08-18T09:03:00,2026-08-18T09:52:00,49,Tuesday,True
3143,u_199,WiFi Zone South,2026-08-18T09:04:00,2026-08-18T10:20:00,76,Tuesday,False
3002,u_101,Computer Lab A,2026-08-18T09:07:00,2026-08-18T09:42:00,35,Tuesday,True
2900,u_033,Computer Lab A,2026-08-18T09:14:00,2026-08-18T10:12:00,58,Tuesday,False
3127,u_189,Student Center,2026-08-18T09:20:00,2026-08-18T10:12:00,52,Tuesday,False
2967,u_078,Computer Lab B,2026-08-18T09:43:00,2026-08-18T10:56:00,73,Tuesday,True
2964,u_076,Student Center,2026-08-18T09:50:00,2026-08-18T10:29:00,39,Tuesday,True
3078,u_151,Computer Lab A,2026-08-18T09:57:00,2026-08-18T10:51:00,54,Tuesday,True
3126,u_187,Computer Lab A,2026-08-18T09:57:00,2026-08-18T10:57:00,60,Tuesday,True
2925,u_046,Computer Lab B,2026-08-18T09:58:00,2026-08-18T11:47:00,109,Tuesday,True
2954,u_066,Computer Lab B,2026-08-18T09:59:00,2026-08-18T11:46:00,107,Tuesday,True
3099,u_163,Computer Lab B,2026-08-18T09:59:00,2026-08-18T11:24:00,85,Tuesday,True
3050,u_136,Computer Lab A,2026-08-18T10:00:00,2026-08-18T10:52:00,52,Tuesday,True
2892,u_027,Computer Lab A,2026-08-18T10:03:00,2026-08-18T11:32:00,89,Tuesday,True
3026,u_120,Main Library,2026-08-18T10:36:00,2026-08-18T12:34:00,118,Tuesday,False
3010,u_107,WiFi Zone South,2026-08-18T10:41:00,2026-08-18T11:05:00,24,Tuesday,False
3047,u_133,Student Center,2026-08-18T10:45:00,2026-08-18T12:19:00,94,Tuesday,True
3037,u_127,Computer Lab B,2026-08-18T10:52:00,2026-08-18T11:59:00,67,Tuesday,True
2899,u_032,Student Center,2026-08-18T10:53:00,2026-08-18T12:49:00,116,Tuesday,False
2876,u_012,Student Center,2026-08-18T10:54:00,2026-08-18T12:05:00,71,Tuesday,True
2939,u_054,Student Center,2026-08-18T10:54:00,2026-08-18T11:55:00,61,Tuesday,True
3036,u_127,Central Cafeteria,2026-08-18T10:56:00,2026-08-18T12:10:00,74,Tuesday,False
2862,u_002,Student Center,2026-08-18T11:00:00,2026-08-18T11:51:00,51,Tuesday,True
3039,u_127,Student Center,2026-08-18T11:01:00,2026-08-18T12:28:00,87,Tuesday,True
2896,u_029,Computer Lab A,2026-08-18T11:02:00,2026-08-18T12:06:00,64,Tuesday,True
3098,u_162,Computer Lab B,2026-08-18T11:02:00,2026-08-18T11:45:00,43,Tuesday,True
3113,u_173,Computer Lab A,2026-08-18T11:03:00,2026-08-18T11:47:00,44,Tuesday,True
3101,u_164,Student Center,2026-08-18T11:05:00,2026-08-18T12:50:00,105,Tuesday,True
3052,u_136,Computer Lab B,2026-08-18T11:06:00,2026-08-18T12:39:00,93,Tuesday,True
3116,u_176,Computer Lab A,2026-08-18T11:07:00,2026-08-18T12:51:00,104,Tuesday,True
2928,u_047,Student Center,2026-08-18T11:13:00,2026-08-18T12:18:00,65,Tuesday,True
3004,u_103,Student Center,2026-08-18T11:43:00,2026-08-18T13:04:00,81,Tuesday,True
3110,u_171,Computer Lab B,2026-08-18T11:49:00,2026-08-18T12:49:00,60,Tuesday,True
3096,u_162,Computer Lab A,2026-08-18T11:58:00,2026-08-18T12:58:00,60,Tuesday,True
2889,u_023,Computer Lab A,2026-08-18T12:00:00,2026-08-18T12:52:00,52,Tuesday,True
3021,u_117,Student Center,2026-08-18T12:00:00,2026-08-18T13:25:00,85,Tuesday,True
3069,u_148,Student Center,2026-08-18T12:01:00,2026-08-18T13:40:00,99,Tuesday,True
2989,u_094,Computer Lab B,2026-08-18T12:05:00,2026-08-18T13:24:00,79,Tuesday,True
3032,u_124,Student Center,2026-08-18T12:06:00,2026-08-18T13:01:00,55,Tuesday,True
3130,u_190,Student Center,2026-08-18T12:07:00,2026-08-18T13:47:00,100,Tuesday,True
3063,u_145,Student Center,2026-08-18T12:09:00,2026-08-18T12:54:00,45,Tuesday,True
3072,u_149,Student Center,2026-08-18T12:09:00,2026-08-18T13:37:00,88,Tuesday,True
3138,u_197,Central Cafeteria,2026-08-18T12:15:00,2026-08-18T13:05:00,50,Tuesday,True
2974,u_084,Science Library,2026-08-18T12:16:00,2026-08-18T13:18:00,62,Tuesday,False
3097,u_162,Central Cafeteria,2026-08-18T12:27:00,2026-08-18T13:11:00,44,Tuesday,True
3118,u_178,Central Cafeteria,2026-08-18T12:28:00,2026-08-18T13:29:00,61,Tuesday,True
3104,u_168,Central Cafeteria,2026-08-18T12:29:00,2026-08-18T13:42:00,73,Tuesday,True
3080,u_152,Food Court,2026-08-18T12:30:00,2026-08-18T13:27:00,57,Tuesday,True
3086,u_157,Central Cafeteria,2026-08-18T12:30:00,2026-08-18T13:15:00,45,Tuesday,True
3125,u_187,Central Cafeteria,2026-08-18T12:32:00,2026-08-18T13:25:00,53,Tuesday,True
2927,u_047,Central Cafeteria,2026-08-18T12:33:00,2026-08-18T13:38:00,65,Tuesday,True
2941,u_055,Central Cafeteria,2026-08-18T12:33:00,2026-08-18T13:45:00,72,Tuesday,True
3077,u_151,Central Cafeteria,2026-08-18T12:33:00,2026-08-18T13:33:00,60,Tuesday,True
3133,u_193,Food Court,2026-08-18T12:34:00,2026-08-18T13:21:00,47,Tuesday,True
3049,u_134,Food Court,2026-08-18T12:37:00,2026-08-18T13:50:00,73,Tuesday,True
3062,u_144,Computer Lab B,2026-08-18T12:41:00,2026-08-18T13:44:00,63,Tuesday,True
3112,u_173,Student Center,2026-08-18T12:57:00,2026-08-18T14:39:00,102,Tuesday,True
3009,u_106,Computer Lab B,2026-08-18T13:00:00,2026-08-18T13:58:00,58,Tuesday,True
3142,u_198,Student Center,2026-08-18T13:00:00,2026-08-18T14:15:00,75,Tuesday,True
2959,u_072,Computer Lab B,2026-08-18T13:03:00,2026-08-18T14:41:00,98,Tuesday,True
2898,u_031,Student Center,2026-08-18T13:05:00,2026-08-18T14:36:00,91,Tuesday,True
2902,u_033,Computer Lab B,2026-08-18T13:05:00,2026-08-18T14:25:00,80,Tuesday,True
3013,u_109,Computer Lab A,2026-08-18T13:05:00,2026-08-18T14:08:00,63,Tuesday,True
3139,u_198,Computer Lab A,2026-08-18T13:13:00,2026-08-18T14:29:00,76,Tuesday,True
3076,u_150,Student Center,2026-08-18T13:15:00,2026-08-18T13:59:00,44,Tuesday,True
3111,u_171,Student Center,2026-08-18T13:18:00,2026-08-18T14:10:00,52,Tuesday,True
2877,u_013,Computer Lab B,2026-08-18T13:38:00,2026-08-18T14:32:00,54,Tuesday,True
3020,u_116,Student Center,2026-08-18T13:56:00,2026-08-18T14:46:00,50,Tuesday,True
2860,u_001,Student Center,2026-08-18T14:00:00,2026-08-18T15:40:00,100,Tuesday,True
2880,u_019,Computer Lab B,2026-08-18T14:00:00,2026-08-18T14:52:00,52,Tuesday,True
2951,u_064,Student Center,2026-08-18T14:00:00,2026-08-18T14:55:00,55,Tuesday,True
2992,u_097,Student Center,2026-08-18T14:01:00,2026-08-18T15:02:00,61,Tuesday,True
2965,u_076,Computer Lab A,2026-08-18T14:04:00,2026-08-18T14:44:00,40,Tuesday,True
2986,u_093,Computer Lab B,2026-08-18T14:05:00,2026-08-18T15:06:00,61,Tuesday,True
3031,u_123,Student Center,2026-08-18T14:17:00,2026-08-18T16:07:00,110,Tuesday,True
2871,u_008,Computer Lab A,2026-08-18T14:43:00,2026-08-18T15:20:00,37,Tuesday,True
3144,u_199,Student Center,2026-08-18T14:46:00,2026-08-18T15:50:00,64,Tuesday,True
2950,u_063,Computer Lab A,2026-08-18T14:50:00,2026-08-18T16:40:00,110,Tuesday,True
2991,u_096,Student Center,2026-08-18T14:54:00,2026-08-18T16:27:00,93,Tuesday,True
3000,u_100,Student Center,2026-08-18T14:55:00,2026-08-18T15:53:00,58,Tuesday,True
2975,u_085,Computer Lab B,2026-08-18T15:00:00,2026-08-18T16:25:00,85,Tuesday,True
3136,u_194,Computer Lab B,2026-08-18T15:00:00,2026-08-18T16:14:00,74,Tuesday,True
3042,u_131,Computer Lab B,2026-08-18T15:03:00,2026-08-18T16:09:00,66,Tuesday,True
3134,u_193,Computer Lab A,2026-08-18T15:04:00,2026-08-18T16:02:00,58,Tuesday,True
3016,u_112,Student Center,2026-08-18T15:09:00,2026-08-18T16:08:00,59,Tuesday,True
3115,u_175,Main Library,2026-08-18T15:30:00,2026-08-18T17:23:00,113,Tuesday,True
2908,u_036,Main Library,2026-08-18T15:50:00,2026-08-18T19:08:00,198,Tuesday,True
3074,u_150,Main Library,2026-08-18T15:51:00,2026-08-18T17:13:00,82,Tuesday,True
3087,u_157,Student Center,2026-08-18T15:51:00,2026-08-18T17:30:00,99,Tuesday,True
2873,u_009,Computer Lab A,2026-08-18T15:53:00,2026-08-18T17:16:00,83,Tuesday,True
3027,u_120,Student Center,2026-08-18T15:54:00,2026-08-18T17:40:00,106,Tuesday,True
3121,u_184,Main Library,2026-08-18T15:56:00,2026-08-18T18:55:00,179,Tuesday,True
2912,u_038,Science Library,2026-08-18T15:59:00,2026-08-18T19:14:00,195,Tuesday,True
2903,u_033,Student Center,2026-08-18T16:00:00,2026-08-18T17:42:00,102,Tuesday,True
2955,u_066,Main Library,2026-08-18T16:00:00,2026-08-18T17:10:00,70,Tuesday,True
3106,u_170,Computer Lab A,2026-08-18T16:00:00,2026-08-18T16:53:00,53,Tuesday,True
2976,u_085,Science Library,2026-08-18T16:01:00,2026-08-18T17:44:00,103,Tuesday,True
3068,u_147,Main Library,2026-08-18T16:03:00,2026-08-18T18:17:00,134,Tuesday,True
2914,u_039,Main Library,2026-08-18T16:04:00,2026-08-18T17:47:00,103,Tuesday,True
2972,u_083,Main Library,2026-08-18T16:04:00,2026-08-18T17:45:00,101,Tuesday,True
2929,u_048,Student Center,2026-08-18T16:05:00,2026-08-18T17:15:00,70,Tuesday,True
2980,u_087,Computer Lab A,2026-08-18T16:09:00,2026-08-18T17:17:00,68,Tuesday,True
3051,u_136,Student Center,2026-08-18T16:09:00,2026-08-18T16:50:00,41,Tuesday,True
3059,u_142,Main Library,2026-08-18T16:09:00,2026-08-18T17:29:00,80,Tuesday,True
3117,u_177,Student Center,2026-08-18T16:09:00,2026-08-18T17:22:00,73,Tuesday,True
2949,u_063,Student Center,2026-08-18T16:12:00,2026-08-18T18:02:00,110,Tuesday,True
3030,u_122,Main Library,2026-08-18T16:13:00,2026-08-18T18:22:00,129,Tuesday,True
2872,u_009,Computer Lab B,2026-08-18T16:35:00,2026-08-18T18:34:00,119,Tuesday,False
3089,u_159,Student Center,2026-08-18T16:49:00,2026-08-18T18:00:00,71,Tuesday,False
2970,u_082,Gymnasium,2026-08-18T16:50:00,2026-08-18T18:27:00,97,Tuesday,True
3109,u_170,Gymnasium,2026-08-18T16:52:00,2026-08-18T17:49:00,57,Tuesday,True
2909,u_037,Main Library,2026-08-18T16:53:00,2026-08-18T17:49:00,56,Tuesday,True
3057,u_140,Science Library,2026-08-18T16:53:00,2026-08-18T18:44:00,111,Tuesday,True
2938,u_051,Science Library,2026-08-18T16:54:00,2026-08-18T20:11:00,197,Tuesday,True
3019,u_115,Main Library,2026-08-18T16:55:00,2026-08-18T20:01:00,186,Tuesday,True
2885,u_021,Gymnasium,2026-08-18T16:59:00,2026-08-18T18:49:00,110,Tuesday,True
2893,u_027,Indoor Sports Complex,2026-08-18T16:59:00,2026-08-18T17:59:00,60,Tuesday,True
3056,u_140,Gymnasium,2026-08-18T17:00:00,2026-08-18T18:09:00,69,Tuesday,True
2870,u_008,Main Library,2026-08-18T17:02:00,2026-08-18T18:54:00,112,Tuesday,True
3043,u_131,Science Library,2026-08-18T17:02:00,2026-08-18T17:53:00,51,Tuesday,True
3058,u_141,Main Library,2026-08-18T17:02:00,2026-08-18T20:21:00,199,Tuesday,True
3064,u_146,Gymnasium,2026-08-18T17:02:00,2026-08-18T18:00:00,58,Tuesday,True
2984,u_092,Indoor Sports Complex,2026-08-18T17:05:00,2026-08-18T18:41:00,96,Tuesday,True
2915,u_039,Science Library,2026-08-18T17:06:00,2026-08-18T19:57:00,171,Tuesday,True
2995,u_098,Gymnasium,2026-08-18T17:06:00,2026-08-18T17:53:00,47,Tuesday,True
3005,u_104,Gymnasium,2026-08-18T17:07:00,2026-08-18T18:08:00,61,Tuesday,True
2983,u_091,Science Library,2026-08-18T17:10:00,2026-08-18T18:39:00,89,Tuesday,True
2968,u_080,Main Library,2026-08-18T17:13:00,2026-08-18T19:04:00,111,Tuesday,False
3075,u_150,Science Library,2026-08-18T17:19:00,2026-08-18T19:04:00,105,Tuesday,True
3100,u_163,Indoor Sports Complex,2026-08-18T17:37:00,2026-08-18T19:21:00,104,Tuesday,True
2994,u_098,Indoor Sports Complex,2026-08-18T17:46:00,2026-08-18T19:15:00,89,Tuesday,True
3060,u_143,Main Library,2026-08-18T17:48:00,2026-08-18T18:43:00,55,Tuesday,True
3061,u_144,Indoor Sports Complex,2026-08-18T17:49:00,2026-08-18T18:47:00,58,Tuesday,True
3034,u_126,Indoor Sports Complex,2026-08-18T17:54:00,2026-08-18T18:30:00,36,Tuesday,True
2891,u_024,Indoor Sports Complex,2026-08-18T17:55:00,2026-08-18T19:24:00,89,Tuesday,True
3070,u_148,Main Library,2026-08-18T17:55:00,2026-08-18T21:02:00,187,Tuesday,True
3102,u_167,Main Library,2026-08-18T17:58:00,2026-08-18T20:12:00,134,Tuesday,True
2906,u_034,Indoor Sports Complex,2026-08-18T17:59:00,2026-08-18T19:22:00,83,Tuesday,True
2917,u_040,Gymnasium,2026-08-18T17:59:00,2026-08-18T18:53:00,54,Tuesday,True
2901,u_033,Gymnasium,2026-08-18T18:00:00,2026-08-18T19:07:00,67,Tuesday,True
2918,u_040,Indoor Sports Complex,2026-08-18T18:00:00,2026-08-18T18:57:00,57,Tuesday,True
2866,u_004,Gymnasium,2026-08-18T18:01:00,2026-08-18T19:23:00,82,Tuesday,True
2962,u_075,Science Library,2026-08-18T18:02:00,2026-08-18T21:06:00,184,Tuesday,True
3045,u_133,Indoor Sports Complex,2026-08-18T18:05:00,2026-08-18T18:44:00,39,Tuesday,True
3022,u_118,Indoor Sports Complex,2026-08-18T18:06:00,2026-08-18T19:07:00,61,Tuesday,True
2875,u_010,Main Library,2026-08-18T18:19:00,2026-08-18T20:10:00,111,Tuesday,True
2943,u_055,Gymnasium,2026-08-18T18:31:00,2026-08-18T19:35:00,64,Tuesday,True
3088,u_158,WiFi Zone North,2026-08-18T18:31:00,2026-08-18T20:24:00,113,Tuesday,False
3046,u_133,Main Library,2026-08-18T18:41:00,2026-08-18T20:12:00,91,Tuesday,True
2934,u_049,Science Library,2026-08-18T18:45:00,2026-08-18T20:41:00,116,Tuesday,True
2921,u_042,Indoor Sports Complex,2026-08-18T18:49:00,2026-08-18T19:36:00,47,Tuesday,True
2920,u_041,Food Court,2026-08-18T18:50:00,2026-08-18T20:06:00,76,Tuesday,True
2865,u_004,Central Cafeteria,2026-08-18T18:51:00,2026-08-18T19:27:00,36,Tuesday,True
2942,u_055,Food Court,2026-08-18T18:51:00,2026-08-18T19:17:00,26,Tuesday,True
2904,u_034,Science Library,2026-08-18T18:52:00,2026-08-18T20:34:00,102,Tuesday,True
2884,u_020,Central Cafeteria,2026-08-18T18:53:00,2026-08-18T19:20:00,27,Tuesday,True
2890,u_023,Central Cafeteria,2026-08-18T18:53:00,2026-08-18T19:37:00,44,Tuesday,True
3107,u_170,Central Cafeteria,2026-08-18T18:53:00,2026-08-18T20:04:00,71,Tuesday,True
2931,u_048,Science Library,2026-08-18T18:54:00,2026-08-18T20:51:00,117,Tuesday,True
2869,u_007,Gymnasium,2026-08-18T18:56:00,2026-08-18T19:36:00,40,Tuesday,True
3011,u_108,Central Cafeteria,2026-08-18T18:56:00,2026-08-18T19:39:00,43,Tuesday,True
3035,u_126,Science Library,2026-08-18T18:56:00,2026-08-18T22:08:00,192,Tuesday,True
3093,u_161,Gymnasium,2026-08-18T18:56:00,2026-08-18T19:55:00,59,Tuesday,True
3094,u_161,Food Court,2026-08-18T18:56:00,2026-08-18T20:02:00,66,Tuesday,True
2886,u_022,Central Cafeteria,2026-08-18T18:57:00,2026-08-18T20:11:00,74,Tuesday,True
2945,u_059,Food Court,2026-08-18T18:57:00,2026-08-18T19:40:00,43,Tuesday,True
2953,u_064,Central Cafeteria,2026-08-18T18:57:00,2026-08-18T20:05:00,68,Tuesday,True
2966,u_078,Indoor Sports Complex,2026-08-18T18:57:00,2026-08-18T20:32:00,95,Tuesday,True
3103,u_168,Central Cafeteria,2026-08-18T18:57:00,2026-08-18T19:47:00,50,Tuesday,False
2881,u_019,Central Cafeteria,2026-08-18T18:58:00,2026-08-18T19:59:00,61,Tuesday,True
2922,u_042,Food Court,2026-08-18T18:58:00,2026-08-18T19:49:00,51,Tuesday,True
2940,u_054,Central Cafeteria,2026-08-18T18:58:00,2026-08-18T19:48:00,50,Tuesday,True
2944,u_058,Food Court,2026-08-18T18:59:00,2026-08-18T19:37:00,38,Tuesday,True
2996,u_098,Science Library,2026-08-18T19:00:00,2026-08-18T19:58:00,58,Tuesday,True
3105,u_169,Main Library,2026-08-18T19:00:00,2026-08-18T21:18:00,138,Tuesday,True
2883,u_020,Indoor Sports Complex,2026-08-18T19:01:00,2026-08-18T20:21:00,80,Tuesday,True
2935,u_049,Main Library,2026-08-18T19:02:00,2026-08-18T21:16:00,134,Tuesday,True
3119,u_178,Food Court,2026-08-18T19:02:00,2026-08-18T19:39:00,37,Tuesday,True
3128,u_189,Science Library,2026-08-18T19:02:00,2026-08-18T20:46:00,104,Tuesday,True
2913,u_038,Gymnasium,2026-08-18T19:03:00,2026-08-18T20:15:00,72,Tuesday,True
3071,u_149,Gymnasium,2026-08-18T19:04:00,2026-08-18T19:46:00,42,Tuesday,True
2882,u_019,Science Library,2026-08-18T19:05:00,2026-08-18T22:02:00,177,Tuesday,True
2932,u_049,Central Cafeteria,2026-08-18T19:05:00,2026-08-18T20:10:00,65,Tuesday,True
2990,u_095,Science Library,2026-08-18T19:05:00,2026-08-18T20:40:00,95,Tuesday,True
2993,u_098,Central Cafeteria,2026-08-18T19:05:00,2026-08-18T19:49:00,44,Tuesday,True
3067,u_147,Gymnasium,2026-08-18T19:05:00,2026-08-18T20:19:00,74,Tuesday,True
2910,u_037,Gymnasium,2026-08-18T19:07:00,2026-08-18T20:48:00,101,Tuesday,True
3029,u_122,Central Cafeteria,2026-08-18T19:09:00,2026-08-18T20:24:00,75,Tuesday,True
2936,u_050,Central Cafeteria,2026-08-18T19:10:00,2026-08-18T20:20:00,70,Tuesday,True
2923,u_045,Main Library,2026-08-18T19:11:00,2026-08-18T21:05:00,114,Tuesday,True
2887,u_022,Main Library,2026-08-18T19:13:00,2026-08-18T22:15:00,182,Tuesday,True
3044,u_131,Main Library,2026-08-18T19:13:00,2026-08-18T22:30:00,197,Tuesday,True
3053,u_137,Science Library,2026-08-18T19:15:00,2026-08-18T20:51:00,96,Tuesday,True
3114,u_174,Indoor Sports Complex,2026-08-18T19:15:00,2026-08-18T20:38:00,83,Tuesday,True
2952,u_064,Main Library,2026-08-18T19:16:00,2026-08-18T20:24:00,68,Tuesday,True
3120,u_183,Central Cafeteria,2026-08-18T19:16:00,2026-08-18T20:05:00,49,Tuesday,True
2861,u_002,Gymnasium,2026-08-18T19:17:00,2026-08-18T20:44:00,87,Tuesday,True
2958,u_069,Main Library,2026-08-18T19:17:00,2026-08-18T21:11:00,114,Tuesday,True
3122,u_186,Main Library,2026-08-18T19:23:00,2026-08-18T20:30:00,67,Tuesday,True
3131,u_191,Computer Lab A,2026-08-18T19:42:00,2026-08-18T21:12:00,90,Tuesday,False
3017,u_113,Science Library,2026-08-18T19:45:00,2026-08-18T20:56:00,71,Tuesday,False
2907,u_034,Main Library,2026-08-18T19:48:00,2026-08-18T22:47:00,179,Tuesday,True
2888,u_023,WiFi Zone North,2026-08-18T19:49:00,2026-08-18T20:23:00,34,Tuesday,False
3008,u_106,Gymnasium,2026-08-18T19:52:00,2026-08-18T20:52:00,60,Tuesday,True
3040,u_129,Main Library,2026-08-18T19:57:00,2026-08-18T21:01:00,64,Tuesday,True
2930,u_048,Gymnasium,2026-08-18T19:58:00,2026-08-18T20:40:00,42,Tuesday,True
3023,u_118,Science Library,2026-08-18T19:59:00,2026-08-18T21:00:00,61,Tuesday,True
2919,u_041,Main Library,2026-08-18T20:00:00,2026-08-18T21:38:00,98,Tuesday,True
3001,u_101,Main Library,2026-08-18T20:00:00,2026-08-18T22:15:00,135,Tuesday,True
3090,u_159,Science Library,2026-08-18T20:00:00,2026-08-18T21:57:00,117,Tuesday,True
3132,u_191,Gymnasium,2026-08-18T20:00:00,2026-08-18T21:03:00,63,Tuesday,True
3012,u_108,Gymnasium,2026-08-18T20:08:00,2026-08-18T20:56:00,48,Tuesday,True
3124,u_187,Indoor Sports Complex,2026-08-18T20:08:00,2026-08-18T21:02:00,54,Tuesday,True
2977,u_086,Main Library,2026-08-18T20:10:00,2026-08-18T22:08:00,118,Tuesday,True
2948,u_062,Science Library,2026-08-18T20:14:00,2026-08-18T22:05:00,111,Tuesday,True
3065,u_147,Computer Lab B,2026-08-18T20:27:00,2026-08-18T21:20:00,53,Tuesday,False
2982,u_089,Science Library,2026-08-18T20:40:00,2026-08-18T22:14:00,94,Tuesday,True
2879,u_015,Science Library,2026-08-18T20:48:00,2026-08-18T22:46:00,118,Tuesday,True
3073,u_149,Science Library,2026-08-18T20:50:00,2026-08-18T23:07:00,137,Tuesday,True
3033,u_126,Main Library,2026-08-18T20:54:00,2026-08-18T23:09:00,135,Tuesday,True
2985,u_092,Main Library,2026-08-18T20:59:00,2026-08-18T21:52:00,53,Tuesday,True
3018,u_114,Science Library,2026-08-18T21:00:00,2026-08-18T21:50:00,50,Tuesday,True
2867,u_005,Main Library,2026-08-18T21:02:00,2026-08-18T22:59:00,117,Tuesday,True
2937,u_051,Main Library,2026-08-18T21:02:00,2026-08-19T00:02:00,180,Tuesday,True
2979,u_087,Science Library,2026-08-18T21:09:00,2026-08-18T23:14:00,125,Tuesday,True
3079,u_152,Science Library,2026-08-18T21:14:00,2026-08-18T23:01:00,107,Tuesday,True
2874,u_009,Main Library,2026-08-18T21:18:00,2026-08-18T22:26:00,68,Tuesday,True
3249,u_063,Gymnasium,2026-08-19T05:48:00,2026-08-19T06:41:00,53,Wednesday,True
3147,u_001,Gymnasium,2026-08-19T05:51:00,2026-08-19T06:34:00,43,Wednesday,True
3197,u_032,Gymnasium,2026-08-19T05:51:00,2026-08-19T07:25:00,94,Wednesday,True
3296,u_102,Indoor Sports Complex,2026-08-19T05:51:00,2026-08-19T07:38:00,107,Wednesday,True
3289,u_096,Gymnasium,2026-08-19T05:57:00,2026-08-19T07:43:00,106,Wednesday,True
3376,u_158,Gymnasium,2026-08-19T05:58:00,2026-08-19T07:07:00,69,Wednesday,True
3169,u_018,Gymnasium,2026-08-19T05:59:00,2026-08-19T06:55:00,56,Wednesday,True
3430,u_196,Indoor Sports Complex,2026-08-19T05:59:00,2026-08-19T07:45:00,106,Wednesday,True
3187,u_029,Gymnasium,2026-08-19T06:05:00,2026-08-19T07:07:00,62,Wednesday,True
3222,u_046,Gymnasium,2026-08-19T06:06:00,2026-08-19T07:13:00,67,Wednesday,True
3351,u_139,Gymnasium,2026-08-19T06:08:00,2026-08-19T07:44:00,96,Wednesday,True
3432,u_197,Indoor Sports Complex,2026-08-19T06:08:00,2026-08-19T06:58:00,50,Wednesday,True
3211,u_041,Indoor Sports Complex,2026-08-19T06:13:00,2026-08-19T07:27:00,74,Wednesday,True
3257,u_071,Indoor Sports Complex,2026-08-19T06:48:00,2026-08-19T07:27:00,39,Wednesday,True
3300,u_104,Indoor Sports Complex,2026-08-19T06:55:00,2026-08-19T07:51:00,56,Wednesday,True
3362,u_147,Indoor Sports Complex,2026-08-19T06:55:00,2026-08-19T07:50:00,55,Wednesday,True
3247,u_061,Indoor Sports Complex,2026-08-19T07:09:00,2026-08-19T08:01:00,52,Wednesday,True
3280,u_087,Gymnasium,2026-08-19T07:12:00,2026-08-19T08:06:00,54,Wednesday,True
3428,u_195,Indoor Sports Complex,2026-08-19T07:29:00,2026-08-19T08:49:00,80,Wednesday,True
3381,u_161,Indoor Sports Complex,2026-08-19T07:43:00,2026-08-19T08:40:00,57,Wednesday,True
3229,u_050,Indoor Sports Complex,2026-08-19T07:45:00,2026-08-19T09:00:00,75,Wednesday,True
3341,u_132,Indoor Sports Complex,2026-08-19T07:51:00,2026-08-19T08:48:00,57,Wednesday,True
3193,u_030,Indoor Sports Complex,2026-08-19T07:54:00,2026-08-19T08:44:00,50,Wednesday,True
3271,u_083,Indoor Sports Complex,2026-08-19T07:55:00,2026-08-19T08:30:00,35,Wednesday,True
3255,u_068,Indoor Sports Complex,2026-08-19T07:56:00,2026-08-19T09:17:00,81,Wednesday,True
3285,u_093,Gymnasium,2026-08-19T07:56:00,2026-08-19T09:40:00,104,Wednesday,True
3403,u_180,Gymnasium,2026-08-19T07:56:00,2026-08-19T08:57:00,61,Wednesday,True
3165,u_017,Gymnasium,2026-08-19T07:58:00,2026-08-19T09:15:00,77,Wednesday,True
3375,u_157,Gymnasium,2026-08-19T07:58:00,2026-08-19T09:44:00,106,Wednesday,True
3332,u_126,Gymnasium,2026-08-19T08:00:00,2026-08-19T08:35:00,35,Wednesday,True
3392,u_170,Indoor Sports Complex,2026-08-19T08:00:00,2026-08-19T08:52:00,52,Wednesday,True
3189,u_029,Indoor Sports Complex,2026-08-19T08:05:00,2026-08-19T09:46:00,101,Wednesday,True
3312,u_111,Gymnasium,2026-08-19T08:09:00,2026-08-19T09:03:00,54,Wednesday,True
3301,u_105,Gymnasium,2026-08-19T08:13:00,2026-08-19T09:14:00,61,Wednesday,True
3268,u_080,Central Cafeteria,2026-08-19T08:17:00,2026-08-19T08:37:00,20,Wednesday,True
3256,u_069,Food Court,2026-08-19T08:19:00,2026-08-19T09:02:00,43,Wednesday,True
3185,u_028,Food Court,2026-08-19T08:23:00,2026-08-19T09:18:00,55,Wednesday,True
3291,u_098,Food Court,2026-08-19T08:23:00,2026-08-19T09:20:00,57,Wednesday,True
3336,u_130,Food Court,2026-08-19T08:24:00,2026-08-19T09:21:00,57,Wednesday,True
3333,u_127,Food Court,2026-08-19T08:26:00,2026-08-19T09:01:00,35,Wednesday,True
3260,u_075,Central Cafeteria,2026-08-19T08:28:00,2026-08-19T09:28:00,60,Wednesday,True
3374,u_155,Central Cafeteria,2026-08-19T08:28:00,2026-08-19T08:53:00,25,Wednesday,True
3322,u_119,Food Court,2026-08-19T08:29:00,2026-08-19T09:01:00,32,Wednesday,True
3202,u_034,Central Cafeteria,2026-08-19T08:30:00,2026-08-19T09:17:00,47,Wednesday,True
3411,u_185,Central Cafeteria,2026-08-19T08:32:00,2026-08-19T09:15:00,43,Wednesday,True
3150,u_003,Food Court,2026-08-19T08:33:00,2026-08-19T09:13:00,40,Wednesday,True
3223,u_046,Central Cafeteria,2026-08-19T08:33:00,2026-08-19T09:39:00,66,Wednesday,True
3171,u_020,Food Court,2026-08-19T08:35:00,2026-08-19T09:52:00,77,Wednesday,True
3242,u_056,Central Cafeteria,2026-08-19T08:39:00,2026-08-19T09:04:00,25,Wednesday,True
3172,u_021,Food Court,2026-08-19T08:43:00,2026-08-19T09:45:00,62,Wednesday,True
3343,u_133,Computer Lab A,2026-08-19T08:49:00,2026-08-19T09:31:00,42,Wednesday,True
3212,u_041,Computer Lab B,2026-08-19T08:57:00,2026-08-19T09:36:00,39,Wednesday,True
3161,u_011,Computer Lab B,2026-08-19T08:58:00,2026-08-19T10:40:00,102,Wednesday,True
3304,u_106,Computer Lab A,2026-08-19T08:59:00,2026-08-19T09:38:00,39,Wednesday,True
3373,u_155,Student Center,2026-08-19T08:59:00,2026-08-19T10:22:00,83,Wednesday,True
3408,u_183,Computer Lab A,2026-08-19T08:59:00,2026-08-19T10:29:00,90,Wednesday,True
3407,u_182,Student Center,2026-08-19T09:01:00,2026-08-19T10:44:00,103,Wednesday,True
3272,u_084,Computer Lab A,2026-08-19T09:02:00,2026-08-19T09:58:00,56,Wednesday,True
3254,u_065,Computer Lab B,2026-08-19T09:14:00,2026-08-19T09:50:00,36,Wednesday,True
3315,u_113,Computer Lab B,2026-08-19T09:48:00,2026-08-19T11:08:00,80,Wednesday,True
3421,u_193,Student Center,2026-08-19T09:49:00,2026-08-19T10:27:00,38,Wednesday,True
3262,u_077,Gymnasium,2026-08-19T09:51:00,2026-08-19T10:46:00,55,Wednesday,False
3217,u_043,Computer Lab B,2026-08-19T09:58:00,2026-08-19T10:43:00,45,Wednesday,True
3184,u_027,Computer Lab A,2026-08-19T10:00:00,2026-08-19T11:24:00,84,Wednesday,True
3384,u_165,Computer Lab B,2026-08-19T10:01:00,2026-08-19T11:27:00,86,Wednesday,False
3417,u_188,Computer Lab B,2026-08-19T10:05:00,2026-08-19T11:34:00,89,Wednesday,True
3370,u_151,Computer Lab A,2026-08-19T10:06:00,2026-08-19T10:54:00,48,Wednesday,True
3372,u_153,Student Center,2026-08-19T10:08:00,2026-08-19T11:13:00,65,Wednesday,True
3221,u_046,Computer Lab B,2026-08-19T10:19:00,2026-08-19T11:56:00,97,Wednesday,True
3224,u_047,Central Cafeteria,2026-08-19T10:20:00,2026-08-19T12:20:00,120,Wednesday,False
3433,u_199,Gymnasium,2026-08-19T10:21:00,2026-08-19T12:15:00,114,Wednesday,False
3405,u_181,Computer Lab B,2026-08-19T10:44:00,2026-08-19T11:59:00,75,Wednesday,True
3342,u_133,Student Center,2026-08-19T10:55:00,2026-08-19T12:15:00,80,Wednesday,True
3190,u_029,Computer Lab A,2026-08-19T10:56:00,2026-08-19T11:33:00,37,Wednesday,True
3319,u_117,Computer Lab A,2026-08-19T11:00:00,2026-08-19T12:06:00,66,Wednesday,True
3326,u_122,Student Center,2026-08-19T11:00:00,2026-08-19T11:53:00,53,Wednesday,True
3274,u_085,Computer Lab B,2026-08-19T11:03:00,2026-08-19T12:52:00,109,Wednesday,False
3314,u_113,Student Center,2026-08-19T11:04:00,2026-08-19T11:56:00,52,Wednesday,True
3344,u_135,Student Center,2026-08-19T11:09:00,2026-08-19T12:38:00,89,Wednesday,True
3154,u_006,Computer Lab B,2026-08-19T11:10:00,2026-08-19T11:45:00,35,Wednesday,True
3401,u_177,Computer Lab B,2026-08-19T11:12:00,2026-08-19T11:57:00,45,Wednesday,True
3307,u_108,Student Center,2026-08-19T11:17:00,2026-08-19T12:23:00,66,Wednesday,True
3418,u_190,Computer Lab B,2026-08-19T11:49:00,2026-08-19T13:21:00,92,Wednesday,True
3366,u_149,Student Center,2026-08-19T11:55:00,2026-08-19T13:32:00,97,Wednesday,True
3394,u_171,Computer Lab B,2026-08-19T11:56:00,2026-08-19T12:52:00,56,Wednesday,True
3195,u_032,Computer Lab B,2026-08-19T11:59:00,2026-08-19T12:38:00,39,Wednesday,True
3164,u_017,Student Center,2026-08-19T12:00:00,2026-08-19T13:23:00,83,Wednesday,True
3323,u_119,Computer Lab B,2026-08-19T12:04:00,2026-08-19T12:40:00,36,Wednesday,True
3386,u_166,Student Center,2026-08-19T12:08:00,2026-08-19T13:04:00,56,Wednesday,True
3330,u_124,Computer Lab B,2026-08-19T12:13:00,2026-08-19T12:53:00,40,Wednesday,True
3236,u_053,Central Cafeteria,2026-08-19T12:16:00,2026-08-19T13:07:00,51,Wednesday,True
3196,u_032,Central Cafeteria,2026-08-19T12:19:00,2026-08-19T13:35:00,76,Wednesday,True
3389,u_168,Central Cafeteria,2026-08-19T12:21:00,2026-08-19T13:30:00,69,Wednesday,True
3385,u_165,Central Cafeteria,2026-08-19T12:22:00,2026-08-19T13:28:00,66,Wednesday,True
3287,u_093,Food Court,2026-08-19T12:25:00,2026-08-19T13:27:00,62,Wednesday,True
3400,u_177,Food Court,2026-08-19T12:30:00,2026-08-19T12:57:00,27,Wednesday,True
3422,u_193,Food Court,2026-08-19T12:31:00,2026-08-19T13:14:00,43,Wednesday,True
3431,u_197,Central Cafeteria,2026-08-19T12:38:00,2026-08-19T13:55:00,77,Wednesday,True
3377,u_158,Central Cafeteria,2026-08-19T12:39:00,2026-08-19T13:05:00,26,Wednesday,True
3225,u_047,Central Cafeteria,2026-08-19T12:41:00,2026-08-19T13:33:00,52,Wednesday,True
3199,u_033,Computer Lab B,2026-08-19T12:45:00,2026-08-19T14:19:00,94,Wednesday,True
3266,u_079,Computer Lab A,2026-08-19T12:48:00,2026-08-19T13:27:00,39,Wednesday,True
3316,u_113,Computer Lab A,2026-08-19T12:53:00,2026-08-19T14:30:00,97,Wednesday,True
3382,u_162,Student Center,2026-08-19T12:53:00,2026-08-19T14:34:00,101,Wednesday,True
3273,u_084,Central Cafeteria,2026-08-19T12:54:00,2026-08-19T14:07:00,73,Wednesday,True
3160,u_010,Student Center,2026-08-19T12:55:00,2026-08-19T14:22:00,87,Wednesday,True
3378,u_160,Computer Lab A,2026-08-19T12:58:00,2026-08-19T13:59:00,61,Wednesday,True
3303,u_106,Computer Lab B,2026-08-19T13:00:00,2026-08-19T13:40:00,40,Wednesday,True
3371,u_152,Computer Lab A,2026-08-19T13:03:00,2026-08-19T13:53:00,50,Wednesday,True
3390,u_169,Computer Lab A,2026-08-19T13:03:00,2026-08-19T14:14:00,71,Wednesday,True
3308,u_109,Computer Lab A,2026-08-19T13:04:00,2026-08-19T14:24:00,80,Wednesday,True
3270,u_081,Computer Lab A,2026-08-19T13:07:00,2026-08-19T14:33:00,86,Wednesday,True
3302,u_106,Student Center,2026-08-19T13:09:00,2026-08-19T14:51:00,102,Wednesday,True
3258,u_072,Computer Lab B,2026-08-19T13:11:00,2026-08-19T14:42:00,91,Wednesday,True
3368,u_150,Student Center,2026-08-19T13:14:00,2026-08-19T14:02:00,48,Wednesday,True
3361,u_146,Computer Lab A,2026-08-19T13:23:00,2026-08-19T14:28:00,65,Wednesday,True
3210,u_040,Computer Lab A,2026-08-19T13:35:00,2026-08-19T15:02:00,87,Wednesday,True
3311,u_110,Computer Lab A,2026-08-19T13:49:00,2026-08-19T15:09:00,80,Wednesday,True
3420,u_191,Computer Lab B,2026-08-19T13:50:00,2026-08-19T14:45:00,55,Wednesday,True
3253,u_065,Student Center,2026-08-19T13:51:00,2026-08-19T14:52:00,61,Wednesday,True
3163,u_016,Computer Lab A,2026-08-19T13:55:00,2026-08-19T15:00:00,65,Wednesday,True
3284,u_093,Computer Lab B,2026-08-19T13:57:00,2026-08-19T15:03:00,66,Wednesday,True
3220,u_044,Student Center,2026-08-19T14:01:00,2026-08-19T14:51:00,50,Wednesday,True
3261,u_076,Computer Lab A,2026-08-19T14:06:00,2026-08-19T15:05:00,59,Wednesday,True
3435,u_199,Computer Lab A,2026-08-19T14:07:00,2026-08-19T15:47:00,100,Wednesday,True
3318,u_116,Student Center,2026-08-19T14:09:00,2026-08-19T15:20:00,71,Wednesday,True
3339,u_131,Student Center,2026-08-19T14:09:00,2026-08-19T14:59:00,50,Wednesday,True
3162,u_013,Computer Lab B,2026-08-19T14:10:00,2026-08-19T15:08:00,58,Wednesday,True
3158,u_009,Student Center,2026-08-19T14:13:00,2026-08-19T15:59:00,106,Wednesday,True
3436,u_200,Computer Lab B,2026-08-19T14:13:00,2026-08-19T14:54:00,41,Wednesday,True
3349,u_138,WiFi Zone South,2026-08-19T14:22:00,2026-08-19T14:52:00,30,Wednesday,False
3426,u_195,Computer Lab A,2026-08-19T14:29:00,2026-08-19T16:12:00,103,Wednesday,False
3425,u_194,Computer Lab B,2026-08-19T14:55:00,2026-08-19T16:14:00,79,Wednesday,True
3168,u_018,Computer Lab A,2026-08-19T14:57:00,2026-08-19T15:43:00,46,Wednesday,True
3215,u_041,Computer Lab A,2026-08-19T14:57:00,2026-08-19T15:55:00,58,Wednesday,True
3279,u_087,Student Center,2026-08-19T14:57:00,2026-08-19T16:02:00,65,Wednesday,True
3294,u_100,Student Center,2026-08-19T14:57:00,2026-08-19T15:56:00,59,Wednesday,True
3427,u_195,Student Center,2026-08-19T14:59:00,2026-08-19T16:30:00,91,Wednesday,True
3434,u_199,Student Center,2026-08-19T14:59:00,2026-08-19T16:04:00,65,Wednesday,True
3364,u_148,Computer Lab A,2026-08-19T15:00:00,2026-08-19T16:00:00,60,Wednesday,True
3288,u_095,Computer Lab B,2026-08-19T15:02:00,2026-08-19T16:07:00,65,Wednesday,True
3337,u_131,Computer Lab B,2026-08-19T15:04:00,2026-08-19T16:15:00,71,Wednesday,True
3146,u_001,Computer Lab B,2026-08-19T15:05:00,2026-08-19T16:47:00,102,Wednesday,True
3251,u_063,Computer Lab A,2026-08-19T15:05:00,2026-08-19T16:25:00,80,Wednesday,True
3245,u_058,Computer Lab B,2026-08-19T15:06:00,2026-08-19T16:08:00,62,Wednesday,True
3310,u_110,Student Center,2026-08-19T15:11:00,2026-08-19T16:16:00,65,Wednesday,True
3423,u_193,Computer Lab A,2026-08-19T15:11:00,2026-08-19T16:13:00,62,Wednesday,True
3360,u_146,Computer Lab B,2026-08-19T15:13:00,2026-08-19T15:30:00,17,Wednesday,False
3276,u_085,Computer Lab B,2026-08-19T15:17:00,2026-08-19T16:51:00,94,Wednesday,True
3200,u_034,WiFi Zone North,2026-08-19T15:18:00,2026-08-19T15:58:00,40,Wednesday,False
3235,u_053,Student Center,2026-08-19T15:36:00,2026-08-19T16:54:00,78,Wednesday,False
3176,u_024,Computer Lab A,2026-08-19T15:38:00,2026-08-19T16:10:00,32,Wednesday,False
3227,u_049,Computer Lab A,2026-08-19T15:41:00,2026-08-19T16:38:00,57,Wednesday,True
3286,u_093,Student Center,2026-08-19T15:51:00,2026-08-19T17:05:00,74,Wednesday,True
3209,u_039,Main Library,2026-08-19T15:52:00,2026-08-19T17:28:00,96,Wednesday,True
3180,u_025,Computer Lab B,2026-08-19T15:53:00,2026-08-19T16:54:00,61,Wednesday,True
3398,u_175,Main Library,2026-08-19T15:54:00,2026-08-19T18:11:00,137,Wednesday,True
3250,u_063,Student Center,2026-08-19T15:55:00,2026-08-19T17:36:00,101,Wednesday,True
3233,u_052,Main Library,2026-08-19T15:56:00,2026-08-19T17:02:00,66,Wednesday,True
3182,u_026,Computer Lab B,2026-08-19T15:59:00,2026-08-19T17:49:00,110,Wednesday,True
3167,u_018,Main Library,2026-08-19T16:01:00,2026-08-19T17:57:00,116,Wednesday,True
3192,u_030,Computer Lab B,2026-08-19T16:01:00,2026-08-19T17:51:00,110,Wednesday,True
3275,u_085,Student Center,2026-08-19T16:01:00,2026-08-19T17:10:00,69,Wednesday,True
3155,u_007,Computer Lab A,2026-08-19T16:02:00,2026-08-19T17:49:00,107,Wednesday,True
3278,u_085,Science Library,2026-08-19T16:02:00,2026-08-19T17:36:00,94,Wednesday,True
3297,u_102,Science Library,2026-08-19T16:03:00,2026-08-19T18:18:00,135,Wednesday,True
3387,u_167,Student Center,2026-08-19T16:05:00,2026-08-19T17:03:00,58,Wednesday,True
3399,u_177,Student Center,2026-08-19T16:06:00,2026-08-19T17:08:00,62,Wednesday,True
3437,u_200,Science Library,2026-08-19T16:07:00,2026-08-19T17:46:00,99,Wednesday,True
3179,u_025,Computer Lab A,2026-08-19T16:10:00,2026-08-19T17:42:00,92,Wednesday,True
3348,u_137,Student Center,2026-08-19T16:13:00,2026-08-19T16:59:00,46,Wednesday,True
3355,u_142,Main Library,2026-08-19T16:18:00,2026-08-19T17:35:00,77,Wednesday,True
3241,u_056,Student Center,2026-08-19T16:19:00,2026-08-19T17:49:00,90,Wednesday,True
3186,u_029,Food Court,2026-08-19T16:21:00,2026-08-19T17:04:00,43,Wednesday,False
3191,u_029,Science Library,2026-08-19T16:21:00,2026-08-19T18:05:00,104,Wednesday,True
3204,u_036,WiFi Zone South,2026-08-19T16:25:00,2026-08-19T17:39:00,74,Wednesday,False
3354,u_142,Gymnasium,2026-08-19T16:25:00,2026-08-19T17:35:00,70,Wednesday,False
3157,u_008,Main Library,2026-08-19T16:30:00,2026-08-19T18:34:00,124,Wednesday,True
3243,u_057,WiFi Zone North,2026-08-19T16:39:00,2026-08-19T18:33:00,114,Wednesday,False
3352,u_140,Gymnasium,2026-08-19T16:39:00,2026-08-19T17:39:00,60,Wednesday,True
3282,u_091,Science Library,2026-08-19T16:43:00,2026-08-19T18:30:00,107,Wednesday,True
3393,u_170,Gymnasium,2026-08-19T16:47:00,2026-08-19T18:03:00,76,Wednesday,True
3237,u_054,Main Library,2026-08-19T16:50:00,2026-08-19T17:54:00,64,Wednesday,True
3293,u_099,Main Library,2026-08-19T16:53:00,2026-08-19T18:06:00,73,Wednesday,True
3205,u_037,Main Library,2026-08-19T16:55:00,2026-08-19T17:58:00,63,Wednesday,True
3424,u_194,Main Library,2026-08-19T16:55:00,2026-08-19T18:00:00,65,Wednesday,True
3345,u_136,Science Library,2026-08-19T16:56:00,2026-08-19T20:06:00,190,Wednesday,True
3369,u_151,Main Library,2026-08-19T16:56:00,2026-08-19T18:04:00,68,Wednesday,True
3230,u_051,Science Library,2026-08-19T16:57:00,2026-08-19T19:56:00,179,Wednesday,True
3299,u_104,Gymnasium,2026-08-19T16:57:00,2026-08-19T17:55:00,58,Wednesday,True
3353,u_140,Science Library,2026-08-19T16:59:00,2026-08-19T19:09:00,130,Wednesday,True
3340,u_132,Central Cafeteria,2026-08-19T17:02:00,2026-08-19T18:34:00,92,Wednesday,False
3305,u_107,Main Library,2026-08-19T17:05:00,2026-08-19T18:54:00,109,Wednesday,True
3363,u_148,Indoor Sports Complex,2026-08-19T17:06:00,2026-08-19T18:48:00,102,Wednesday,True
3410,u_183,Science Library,2026-08-19T17:06:00,2026-08-19T18:29:00,83,Wednesday,True
3290,u_098,Gymnasium,2026-08-19T17:11:00,2026-08-19T17:55:00,44,Wednesday,True
3338,u_131,Science Library,2026-08-19T17:11:00,2026-08-19T18:28:00,77,Wednesday,True
3397,u_174,Gymnasium,2026-08-19T17:18:00,2026-08-19T18:20:00,62,Wednesday,True
3331,u_126,Indoor Sports Complex,2026-08-19T17:47:00,2026-08-19T18:39:00,52,Wednesday,True
3324,u_120,Indoor Sports Complex,2026-08-19T17:48:00,2026-08-19T18:59:00,71,Wednesday,True
3198,u_033,Gymnasium,2026-08-19T17:49:00,2026-08-19T18:49:00,60,Wednesday,True
3216,u_042,Science Library,2026-08-19T17:51:00,2026-08-19T19:32:00,101,Wednesday,True
3325,u_121,Science Library,2026-08-19T17:51:00,2026-08-19T19:37:00,106,Wednesday,True
3357,u_143,Main Library,2026-08-19T17:51:00,2026-08-19T18:59:00,68,Wednesday,True
3231,u_051,Indoor Sports Complex,2026-08-19T17:53:00,2026-08-19T19:13:00,80,Wednesday,True
3365,u_148,Main Library,2026-08-19T17:53:00,2026-08-19T21:11:00,198,Wednesday,True
3320,u_118,Indoor Sports Complex,2026-08-19T17:57:00,2026-08-19T18:47:00,50,Wednesday,True
3295,u_101,Science Library,2026-08-19T17:58:00,2026-08-19T19:53:00,115,Wednesday,True
3203,u_034,Indoor Sports Complex,2026-08-19T17:59:00,2026-08-19T19:24:00,85,Wednesday,True
3359,u_144,Indoor Sports Complex,2026-08-19T17:59:00,2026-08-19T18:49:00,50,Wednesday,True
3183,u_027,Science Library,2026-08-19T18:01:00,2026-08-19T19:28:00,87,Wednesday,True
3259,u_075,Science Library,2026-08-19T18:01:00,2026-08-19T20:52:00,171,Wednesday,True
3313,u_111,Indoor Sports Complex,2026-08-19T18:01:00,2026-08-19T19:31:00,90,Wednesday,True
3265,u_078,Science Library,2026-08-19T18:04:00,2026-08-19T19:26:00,82,Wednesday,True
3218,u_043,Science Library,2026-08-19T18:05:00,2026-08-19T21:21:00,196,Wednesday,True
3388,u_167,Main Library,2026-08-19T18:06:00,2026-08-19T20:09:00,123,Wednesday,True
3383,u_163,Indoor Sports Complex,2026-08-19T18:09:00,2026-08-19T19:43:00,94,Wednesday,True
3177,u_024,Indoor Sports Complex,2026-08-19T18:13:00,2026-08-19T19:46:00,93,Wednesday,True
3327,u_123,Main Library,2026-08-19T18:13:00,2026-08-19T19:45:00,92,Wednesday,True
3406,u_182,Indoor Sports Complex,2026-08-19T18:14:00,2026-08-19T19:02:00,48,Wednesday,True
3151,u_005,Central Cafeteria,2026-08-19T18:28:00,2026-08-19T20:12:00,104,Wednesday,False
3201,u_034,Science Library,2026-08-19T18:47:00,2026-08-19T20:12:00,85,Wednesday,True
3178,u_025,Gymnasium,2026-08-19T18:48:00,2026-08-19T20:17:00,89,Wednesday,True
3298,u_102,Central Cafeteria,2026-08-19T18:49:00,2026-08-19T19:39:00,50,Wednesday,True
3415,u_188,Indoor Sports Complex,2026-08-19T18:50:00,2026-08-19T19:27:00,37,Wednesday,True
3166,u_017,Indoor Sports Complex,2026-08-19T18:51:00,2026-08-19T19:39:00,48,Wednesday,True
3264,u_078,Food Court,2026-08-19T18:53:00,2026-08-19T19:18:00,25,Wednesday,True
3367,u_150,Central Cafeteria,2026-08-19T18:53:00,2026-08-19T19:13:00,20,Wednesday,True
3234,u_052,Central Cafeteria,2026-08-19T18:54:00,2026-08-19T19:43:00,49,Wednesday,True
3240,u_055,Gymnasium,2026-08-19T18:54:00,2026-08-19T19:51:00,57,Wednesday,True
3252,u_064,Central Cafeteria,2026-08-19T18:55:00,2026-08-19T20:03:00,68,Wednesday,True
3269,u_081,Main Library,2026-08-19T18:56:00,2026-08-19T20:32:00,96,Wednesday,True
3379,u_161,Gymnasium,2026-08-19T18:56:00,2026-08-19T19:35:00,39,Wednesday,True
3329,u_124,Central Cafeteria,2026-08-19T18:57:00,2026-08-19T19:34:00,37,Wednesday,True
3347,u_137,Science Library,2026-08-19T18:59:00,2026-08-19T20:26:00,87,Wednesday,True
3149,u_002,Gymnasium,2026-08-19T19:00:00,2026-08-19T20:29:00,89,Wednesday,True
3194,u_030,Science Library,2026-08-19T19:00:00,2026-08-19T20:27:00,87,Wednesday,True
3208,u_038,Food Court,2026-08-19T19:00:00,2026-08-19T20:02:00,62,Wednesday,True
3335,u_128,Food Court,2026-08-19T19:00:00,2026-08-19T19:44:00,44,Wednesday,True
3174,u_022,Main Library,2026-08-19T19:02:00,2026-08-19T22:08:00,186,Wednesday,True
3409,u_183,Central Cafeteria,2026-08-19T19:02:00,2026-08-19T19:55:00,53,Wednesday,True
3170,u_019,Science Library,2026-08-19T19:03:00,2026-08-19T22:22:00,199,Wednesday,True
3181,u_026,Science Library,2026-08-19T19:03:00,2026-08-19T20:24:00,81,Wednesday,True
3206,u_037,Gymnasium,2026-08-19T19:03:00,2026-08-19T20:38:00,95,Wednesday,True
3391,u_170,Central Cafeteria,2026-08-19T19:03:00,2026-08-19T20:11:00,68,Wednesday,True
3148,u_001,Indoor Sports Complex,2026-08-19T19:04:00,2026-08-19T20:00:00,56,Wednesday,True
3239,u_055,Food Court,2026-08-19T19:05:00,2026-08-19T19:31:00,26,Wednesday,True
3246,u_059,Main Library,2026-08-19T19:05:00,2026-08-19T20:14:00,69,Wednesday,True
3412,u_186,Main Library,2026-08-19T19:05:00,2026-08-19T20:19:00,74,Wednesday,True
3156,u_007,Gymnasium,2026-08-19T19:06:00,2026-08-19T19:56:00,50,Wednesday,True
3173,u_022,Central Cafeteria,2026-08-19T19:07:00,2026-08-19T20:09:00,62,Wednesday,True
3404,u_181,Food Court,2026-08-19T19:08:00,2026-08-19T20:00:00,52,Wednesday,True
3346,u_137,Central Cafeteria,2026-08-19T19:09:00,2026-08-19T20:27:00,78,Wednesday,True
3228,u_049,Main Library,2026-08-19T19:10:00,2026-08-19T21:01:00,111,Wednesday,True
3244,u_057,Gymnasium,2026-08-19T19:10:00,2026-08-19T20:08:00,58,Wednesday,True
3358,u_144,Central Cafeteria,2026-08-19T19:11:00,2026-08-19T19:45:00,34,Wednesday,True
3207,u_038,Gymnasium,2026-08-19T19:12:00,2026-08-19T20:08:00,56,Wednesday,True
3248,u_062,Food Court,2026-08-19T19:14:00,2026-08-19T20:10:00,56,Wednesday,False
3395,u_172,Central Cafeteria,2026-08-19T19:14:00,2026-08-19T20:12:00,58,Wednesday,True
3402,u_177,Science Library,2026-08-19T19:14:00,2026-08-19T20:11:00,57,Wednesday,True
3214,u_041,Food Court,2026-08-19T19:15:00,2026-08-19T20:32:00,77,Wednesday,True
3419,u_191,Food Court,2026-08-19T19:15:00,2026-08-19T20:03:00,48,Wednesday,True
3414,u_188,Central Cafeteria,2026-08-19T19:16:00,2026-08-19T19:45:00,29,Wednesday,False
3283,u_092,Gymnasium,2026-08-19T19:44:00,2026-08-19T20:37:00,53,Wednesday,True
3267,u_079,Main Library,2026-08-19T19:50:00,2026-08-19T20:50:00,60,Wednesday,True
3232,u_052,Student Center,2026-08-19T19:51:00,2026-08-19T20:21:00,30,Wednesday,False
3238,u_055,WiFi Zone North,2026-08-19T19:57:00,2026-08-19T20:23:00,26,Wednesday,False
3277,u_085,Main Library,2026-08-19T19:57:00,2026-08-19T23:04:00,187,Wednesday,True
3188,u_029,Main Library,2026-08-19T19:58:00,2026-08-19T21:32:00,94,Wednesday,True
3213,u_041,Main Library,2026-08-19T19:58:00,2026-08-19T21:35:00,97,Wednesday,True
3429,u_196,Gymnasium,2026-08-19T19:58:00,2026-08-19T20:53:00,55,Wednesday,True
3380,u_161,Main Library,2026-08-19T20:01:00,2026-08-19T20:52:00,51,Wednesday,True
3350,u_138,Indoor Sports Complex,2026-08-19T20:05:00,2026-08-19T21:00:00,55,Wednesday,True
3306,u_107,Indoor Sports Complex,2026-08-19T20:06:00,2026-08-19T21:08:00,62,Wednesday,True
3175,u_023,Indoor Sports Complex,2026-08-19T20:09:00,2026-08-19T20:59:00,50,Wednesday,True
3413,u_187,Science Library,2026-08-19T20:13:00,2026-08-19T21:48:00,95,Wednesday,True
3153,u_006,Main Library,2026-08-19T20:15:00,2026-08-19T22:14:00,119,Wednesday,False
3317,u_114,Main Library,2026-08-19T20:16:00,2026-08-19T22:13:00,117,Wednesday,True
3321,u_118,Science Library,2026-08-19T20:22:00,2026-08-19T21:33:00,71,Wednesday,True
3292,u_099,Main Library,2026-08-19T20:48:00,2026-08-19T22:13:00,85,Wednesday,False
3219,u_043,Main Library,2026-08-19T20:51:00,2026-08-19T22:48:00,117,Wednesday,True
3328,u_124,Science Library,2026-08-19T20:51:00,2026-08-19T22:53:00,122,Wednesday,True
3334,u_128,Computer Lab B,2026-08-19T20:53:00,2026-08-19T21:16:00,23,Wednesday,False
3226,u_048,Main Library,2026-08-19T20:55:00,2026-08-19T22:26:00,91,Wednesday,True
3159,u_009,Main Library,2026-08-19T21:00:00,2026-08-19T21:52:00,52,Wednesday,True
3152,u_005,Main Library,2026-08-19T21:01:00,2026-08-19T22:57:00,116,Wednesday,True
3416,u_188,Main Library,2026-08-19T21:03:00,2026-08-20T00:14:00,191,Wednesday,True
3396,u_174,Science Library,2026-08-19T21:04:00,2026-08-19T22:21:00,77,Wednesday,True
3263,u_077,Main Library,2026-08-19T21:08:00,2026-08-20T00:01:00,173,Wednesday,True
3309,u_109,Main Library,2026-08-19T21:08:00,2026-08-19T22:41:00,93,Wednesday,True
3356,u_142,Science Library,2026-08-19T21:13:00,2026-08-19T22:38:00,85,Wednesday,True
3281,u_087,Science Library,2026-08-19T21:17:00,2026-08-19T23:31:00,134,Wednesday,True
3530,u_063,Gymnasium,2026-08-20T05:52:00,2026-08-20T06:53:00,61,Thursday,True
3750,u_194,Indoor Sports Complex,2026-08-20T05:52:00,2026-08-20T07:38:00,106,Thursday,True
3592,u_103,Gymnasium,2026-08-20T05:54:00,2026-08-20T06:57:00,63,Thursday,True
3623,u_120,Gymnasium,2026-08-20T05:55:00,2026-08-20T07:15:00,80,Thursday,True
3461,u_018,Gymnasium,2026-08-20T05:56:00,2026-08-20T07:00:00,64,Thursday,True
3671,u_143,Gymnasium,2026-08-20T06:00:00,2026-08-20T07:47:00,107,Thursday,True
3644,u_130,Indoor Sports Complex,2026-08-20T06:07:00,2026-08-20T07:50:00,103,Thursday,True
3756,u_196,Indoor Sports Complex,2026-08-20T06:07:00,2026-08-20T07:30:00,83,Thursday,True
3578,u_096,Gymnasium,2026-08-20T06:22:00,2026-08-20T07:58:00,96,Thursday,True
3761,u_200,Gymnasium,2026-08-20T06:33:00,2026-08-20T07:46:00,73,Thursday,True
3512,u_050,Gymnasium,2026-08-20T06:37:00,2026-08-20T07:50:00,73,Thursday,True
3753,u_195,Indoor Sports Complex,2026-08-20T06:44:00,2026-08-20T08:13:00,89,Thursday,True
3502,u_045,Indoor Sports Complex,2026-08-20T06:47:00,2026-08-20T07:40:00,53,Thursday,True
3594,u_104,Indoor Sports Complex,2026-08-20T06:47:00,2026-08-20T07:45:00,58,Thursday,True
3529,u_062,Indoor Sports Complex,2026-08-20T06:49:00,2026-08-20T08:14:00,85,Thursday,True
3564,u_087,Gymnasium,2026-08-20T06:52:00,2026-08-20T07:38:00,46,Thursday,True
3715,u_175,Gymnasium,2026-08-20T07:00:00,2026-08-20T07:44:00,44,Thursday,True
3748,u_194,Gymnasium,2026-08-20T07:02:00,2026-08-20T08:01:00,59,Thursday,True
3504,u_048,Indoor Sports Complex,2026-08-20T07:05:00,2026-08-20T08:19:00,74,Thursday,True
3603,u_109,Gymnasium,2026-08-20T07:05:00,2026-08-20T08:06:00,61,Thursday,True
3709,u_171,Indoor Sports Complex,2026-08-20T07:08:00,2026-08-20T08:08:00,60,Thursday,True
3508,u_049,Indoor Sports Complex,2026-08-20T07:14:00,2026-08-20T08:37:00,83,Thursday,True
3557,u_083,Indoor Sports Complex,2026-08-20T07:45:00,2026-08-20T08:31:00,46,Thursday,True
3479,u_031,Indoor Sports Complex,2026-08-20T07:51:00,2026-08-20T09:11:00,80,Thursday,True
3567,u_090,Gymnasium,2026-08-20T07:51:00,2026-08-20T08:54:00,63,Thursday,True
3463,u_019,Gymnasium,2026-08-20T07:55:00,2026-08-20T08:42:00,47,Thursday,True
3620,u_119,Indoor Sports Complex,2026-08-20T07:55:00,2026-08-20T09:27:00,92,Thursday,True
3725,u_180,Gymnasium,2026-08-20T07:57:00,2026-08-20T08:47:00,50,Thursday,True
3457,u_017,Gymnasium,2026-08-20T07:59:00,2026-08-20T09:10:00,71,Thursday,True
3478,u_030,Indoor Sports Complex,2026-08-20T07:59:00,2026-08-20T09:14:00,75,Thursday,True
3501,u_045,Gymnasium,2026-08-20T08:01:00,2026-08-20T08:52:00,51,Thursday,True
3513,u_050,Indoor Sports Complex,2026-08-20T08:01:00,2026-08-20T09:16:00,75,Thursday,True
3634,u_126,Gymnasium,2026-08-20T08:02:00,2026-08-20T08:52:00,50,Thursday,True
3474,u_029,Indoor Sports Complex,2026-08-20T08:04:00,2026-08-20T09:46:00,102,Thursday,True
3740,u_190,Indoor Sports Complex,2026-08-20T08:05:00,2026-08-20T09:02:00,57,Thursday,True
3649,u_132,Indoor Sports Complex,2026-08-20T08:06:00,2026-08-20T09:11:00,65,Thursday,True
3664,u_138,Gymnasium,2026-08-20T08:07:00,2026-08-20T09:55:00,108,Thursday,True
3585,u_098,Food Court,2026-08-20T08:13:00,2026-08-20T08:49:00,36,Thursday,True
3628,u_123,Gymnasium,2026-08-20T08:14:00,2026-08-20T09:30:00,76,Thursday,True
3757,u_196,Central Cafeteria,2026-08-20T08:14:00,2026-08-20T09:12:00,58,Thursday,True
3465,u_020,Food Court,2026-08-20T08:19:00,2026-08-20T09:14:00,55,Thursday,True
3555,u_082,Food Court,2026-08-20T08:22:00,2026-08-20T09:41:00,79,Thursday,True
3616,u_117,Food Court,2026-08-20T08:24:00,2026-08-20T09:03:00,39,Thursday,True
3621,u_119,Food Court,2026-08-20T08:25:00,2026-08-20T08:47:00,22,Thursday,True
3587,u_100,Central Cafeteria,2026-08-20T08:26:00,2026-08-20T09:28:00,62,Thursday,True
3538,u_069,Central Cafeteria,2026-08-20T08:30:00,2026-08-20T09:46:00,76,Thursday,True
3643,u_130,Food Court,2026-08-20T08:31:00,2026-08-20T09:41:00,70,Thursday,True
3454,u_014,Central Cafeteria,2026-08-20T08:33:00,2026-08-20T09:13:00,40,Thursday,True
3466,u_021,Food Court,2026-08-20T08:33:00,2026-08-20T09:48:00,75,Thursday,True
3730,u_182,Central Cafeteria,2026-08-20T08:33:00,2026-08-20T09:53:00,80,Thursday,True
3563,u_086,Student Center,2026-08-20T08:38:00,2026-08-20T09:38:00,60,Thursday,True
3572,u_093,Central Cafeteria,2026-08-20T08:40:00,2026-08-20T09:35:00,55,Thursday,True
3688,u_155,Central Cafeteria,2026-08-20T08:41:00,2026-08-20T09:25:00,44,Thursday,True
3624,u_120,Computer Lab A,2026-08-20T08:52:00,2026-08-20T09:52:00,60,Thursday,True
3496,u_041,Computer Lab B,2026-08-20T08:53:00,2026-08-20T09:47:00,54,Thursday,True
3597,u_106,Computer Lab A,2026-08-20T08:57:00,2026-08-20T09:43:00,46,Thursday,True
3558,u_084,Computer Lab A,2026-08-20T08:58:00,2026-08-20T09:42:00,44,Thursday,True
3729,u_182,Student Center,2026-08-20T08:58:00,2026-08-20T10:39:00,101,Thursday,True
3656,u_135,Computer Lab A,2026-08-20T09:00:00,2026-08-20T10:20:00,80,Thursday,True
3694,u_161,Computer Lab B,2026-08-20T09:01:00,2026-08-20T10:36:00,95,Thursday,True
3541,u_070,Student Center,2026-08-20T09:03:00,2026-08-20T10:03:00,60,Thursday,True
3543,u_073,Computer Lab A,2026-08-20T09:06:00,2026-08-20T10:04:00,58,Thursday,True
3452,u_011,Computer Lab B,2026-08-20T09:09:00,2026-08-20T10:48:00,99,Thursday,True
3537,u_069,Computer Lab A,2026-08-20T09:10:00,2026-08-20T10:05:00,55,Thursday,True
3589,u_101,Computer Lab A,2026-08-20T09:10:00,2026-08-20T09:45:00,35,Thursday,True
3655,u_135,Computer Lab B,2026-08-20T09:28:00,2026-08-20T10:58:00,90,Thursday,False
3471,u_026,Food Court,2026-08-20T09:45:00,2026-08-20T11:14:00,89,Thursday,False
3704,u_169,Student Center,2026-08-20T09:46:00,2026-08-20T11:12:00,86,Thursday,True
3611,u_113,Computer Lab B,2026-08-20T09:53:00,2026-08-20T10:47:00,54,Thursday,True
3485,u_035,Student Center,2026-08-20T09:55:00,2026-08-20T10:50:00,55,Thursday,True
3680,u_147,WiFi Zone South,2026-08-20T09:55:00,2026-08-20T10:13:00,18,Thursday,False
3738,u_188,Computer Lab B,2026-08-20T09:55:00,2026-08-20T11:17:00,82,Thursday,True
3498,u_043,Computer Lab B,2026-08-20T09:58:00,2026-08-20T10:49:00,51,Thursday,True
3545,u_074,Computer Lab B,2026-08-20T09:58:00,2026-08-20T11:26:00,88,Thursday,False
3658,u_136,Computer Lab A,2026-08-20T09:58:00,2026-08-20T10:51:00,53,Thursday,True
3442,u_002,Computer Lab B,2026-08-20T10:00:00,2026-08-20T11:20:00,80,Thursday,True
3493,u_040,Student Center,2026-08-20T10:00:00,2026-08-20T11:03:00,63,Thursday,True
3451,u_011,Computer Lab A,2026-08-20T10:07:00,2026-08-20T11:46:00,99,Thursday,True
3547,u_076,Student Center,2026-08-20T10:07:00,2026-08-20T11:00:00,53,Thursday,True
3687,u_154,Computer Lab A,2026-08-20T10:49:00,2026-08-20T12:08:00,79,Thursday,True
3639,u_127,Student Center,2026-08-20T10:51:00,2026-08-20T12:13:00,82,Thursday,True
3453,u_012,Student Center,2026-08-20T10:53:00,2026-08-20T11:51:00,58,Thursday,True
3615,u_117,Computer Lab A,2026-08-20T10:53:00,2026-08-20T11:49:00,56,Thursday,True
3610,u_113,Student Center,2026-08-20T10:54:00,2026-08-20T12:11:00,77,Thursday,True
3711,u_173,Computer Lab A,2026-08-20T10:56:00,2026-08-20T11:35:00,39,Thursday,True
3720,u_177,Computer Lab B,2026-08-20T10:57:00,2026-08-20T11:55:00,58,Thursday,True
3632,u_125,Computer Lab A,2026-08-20T10:59:00,2026-08-20T11:37:00,38,Thursday,False
3727,u_181,Computer Lab B,2026-08-20T10:59:00,2026-08-20T12:06:00,67,Thursday,True
3726,u_180,Student Center,2026-08-20T11:02:00,2026-08-20T11:48:00,46,Thursday,True
3444,u_002,Student Center,2026-08-20T11:05:00,2026-08-20T11:57:00,52,Thursday,True
3638,u_127,Computer Lab B,2026-08-20T11:11:00,2026-08-20T12:05:00,54,Thursday,True
3475,u_029,Computer Lab A,2026-08-20T11:12:00,2026-08-20T11:58:00,46,Thursday,True
3654,u_134,Student Center,2026-08-20T11:17:00,2026-08-20T12:09:00,52,Thursday,True
3754,u_196,Computer Lab A,2026-08-20T11:19:00,2026-08-20T12:02:00,43,Thursday,True
3652,u_134,Computer Lab A,2026-08-20T11:42:00,2026-08-20T12:24:00,42,Thursday,True
3456,u_017,Student Center,2026-08-20T11:47:00,2026-08-20T13:21:00,94,Thursday,True
3579,u_097,Computer Lab A,2026-08-20T11:52:00,2026-08-20T13:22:00,90,Thursday,True
3758,u_197,Computer Lab B,2026-08-20T11:52:00,2026-08-20T12:44:00,52,Thursday,True
3556,u_082,Computer Lab B,2026-08-20T11:54:00,2026-08-20T12:29:00,35,Thursday,True
3617,u_117,Student Center,2026-08-20T11:57:00,2026-08-20T13:31:00,94,Thursday,True
3702,u_166,Student Center,2026-08-20T11:58:00,2026-08-20T13:01:00,63,Thursday,True
3676,u_145,Student Center,2026-08-20T11:59:00,2026-08-20T12:49:00,50,Thursday,True
3575,u_094,Computer Lab B,2026-08-20T12:00:00,2026-08-20T13:11:00,71,Thursday,True
3536,u_068,Computer Lab B,2026-08-20T12:07:00,2026-08-20T13:57:00,110,Thursday,True
3708,u_171,Computer Lab B,2026-08-20T12:07:00,2026-08-20T12:43:00,36,Thursday,True
3631,u_124,Student Center,2026-08-20T12:09:00,2026-08-20T13:14:00,65,Thursday,True
3659,u_137,Food Court,2026-08-20T12:14:00,2026-08-20T12:40:00,26,Thursday,True
3686,u_153,Food Court,2026-08-20T12:18:00,2026-08-20T12:48:00,30,Thursday,True
3743,u_190,Student Center,2026-08-20T12:20:00,2026-08-20T14:05:00,105,Thursday,True
3690,u_157,Central Cafeteria,2026-08-20T12:22:00,2026-08-20T13:03:00,41,Thursday,True
3533,u_065,Central Cafeteria,2026-08-20T12:25:00,2026-08-20T13:37:00,72,Thursday,True
3719,u_177,Food Court,2026-08-20T12:25:00,2026-08-20T13:13:00,48,Thursday,True
3685,u_152,Food Court,2026-08-20T12:27:00,2026-08-20T13:32:00,65,Thursday,True
3724,u_180,Food Court,2026-08-20T12:29:00,2026-08-20T13:44:00,75,Thursday,True
3595,u_105,Food Court,2026-08-20T12:31:00,2026-08-20T13:16:00,45,Thursday,True
3682,u_151,Food Court,2026-08-20T12:31:00,2026-08-20T12:58:00,27,Thursday,True
3450,u_011,Food Court,2026-08-20T12:32:00,2026-08-20T12:59:00,27,Thursday,True
3653,u_134,Food Court,2026-08-20T12:32:00,2026-08-20T13:42:00,70,Thursday,True
3697,u_162,Central Cafeteria,2026-08-20T12:32:00,2026-08-20T13:22:00,50,Thursday,True
3700,u_165,Central Cafeteria,2026-08-20T12:32:00,2026-08-20T13:23:00,51,Thursday,True
3721,u_178,Central Cafeteria,2026-08-20T12:32:00,2026-08-20T13:27:00,55,Thursday,True
3480,u_032,Central Cafeteria,2026-08-20T12:34:00,2026-08-20T13:53:00,79,Thursday,True
3600,u_108,Food Court,2026-08-20T12:36:00,2026-08-20T13:23:00,47,Thursday,True
3525,u_060,Food Court,2026-08-20T12:37:00,2026-08-20T13:04:00,27,Thursday,True
3573,u_093,Food Court,2026-08-20T12:37:00,2026-08-20T13:28:00,51,Thursday,True
3732,u_185,Food Court,2026-08-20T12:38:00,2026-08-20T13:41:00,63,Thursday,True
3713,u_175,Student Center,2026-08-20T12:41:00,2026-08-20T13:39:00,58,Thursday,True
3741,u_190,Central Cafeteria,2026-08-20T12:44:00,2026-08-20T13:23:00,39,Thursday,True
3565,u_088,Student Center,2026-08-20T12:45:00,2026-08-20T14:14:00,89,Thursday,True
3735,u_187,Central Cafeteria,2026-08-20T12:46:00,2026-08-20T13:41:00,55,Thursday,True
3524,u_059,Central Cafeteria,2026-08-20T12:47:00,2026-08-20T13:12:00,25,Thursday,True
3542,u_072,Computer Lab B,2026-08-20T12:55:00,2026-08-20T14:37:00,102,Thursday,True
3554,u_081,Computer Lab A,2026-08-20T12:56:00,2026-08-20T14:43:00,107,Thursday,True
3602,u_109,Computer Lab A,2026-08-20T12:57:00,2026-08-20T13:47:00,50,Thursday,True
3651,u_134,Computer Lab A,2026-08-20T12:59:00,2026-08-20T13:54:00,55,Thursday,False
3683,u_151,Computer Lab B,2026-08-20T12:59:00,2026-08-20T13:56:00,57,Thursday,True
3679,u_146,Computer Lab A,2026-08-20T13:00:00,2026-08-20T14:05:00,65,Thursday,True
3703,u_169,Computer Lab A,2026-08-20T13:00:00,2026-08-20T14:07:00,67,Thursday,True
3552,u_079,Computer Lab A,2026-08-20T13:01:00,2026-08-20T13:38:00,37,Thursday,True
3562,u_086,Computer Lab B,2026-08-20T13:01:00,2026-08-20T13:57:00,56,Thursday,True
3596,u_106,Student Center,2026-08-20T13:03:00,2026-08-20T14:36:00,93,Thursday,True
3481,u_033,Computer Lab B,2026-08-20T13:05:00,2026-08-20T14:41:00,96,Thursday,True
3701,u_165,Computer Lab B,2026-08-20T13:05:00,2026-08-20T14:24:00,79,Thursday,True
3751,u_194,Student Center,2026-08-20T13:05:00,2026-08-20T13:55:00,50,Thursday,True
3684,u_152,Computer Lab A,2026-08-20T13:06:00,2026-08-20T13:55:00,49,Thursday,True
3601,u_109,Computer Lab B,2026-08-20T13:08:00,2026-08-20T13:47:00,39,Thursday,True
3698,u_162,Student Center,2026-08-20T13:09:00,2026-08-20T14:40:00,91,Thursday,True
3612,u_113,Computer Lab A,2026-08-20T13:10:00,2026-08-20T14:45:00,95,Thursday,True
3747,u_193,Computer Lab B,2026-08-20T13:11:00,2026-08-20T14:05:00,54,Thursday,True
3613,u_114,Computer Lab A,2026-08-20T13:16:00,2026-08-20T13:54:00,38,Thursday,True
3470,u_025,Central Cafeteria,2026-08-20T13:20:00,2026-08-20T14:32:00,72,Thursday,False
3477,u_030,Indoor Sports Complex,2026-08-20T13:40:00,2026-08-20T14:10:00,30,Thursday,False
3455,u_016,Computer Lab A,2026-08-20T13:50:00,2026-08-20T14:33:00,43,Thursday,True
3464,u_019,Computer Lab B,2026-08-20T13:54:00,2026-08-20T14:43:00,49,Thursday,True
3548,u_076,Computer Lab A,2026-08-20T13:58:00,2026-08-20T14:35:00,37,Thursday,True
3571,u_093,Computer Lab B,2026-08-20T14:00:00,2026-08-20T15:08:00,68,Thursday,True
3647,u_131,Student Center,2026-08-20T14:00:00,2026-08-20T15:14:00,74,Thursday,True
3527,u_061,Computer Lab A,2026-08-20T14:02:00,2026-08-20T15:02:00,60,Thursday,True
3640,u_128,Computer Lab A,2026-08-20T14:03:00,2026-08-20T14:54:00,51,Thursday,True
3744,u_191,Computer Lab B,2026-08-20T14:04:00,2026-08-20T14:44:00,40,Thursday,True
3535,u_067,Student Center,2026-08-20T14:07:00,2026-08-20T15:12:00,65,Thursday,True
3440,u_001,Student Center,2026-08-20T14:08:00,2026-08-20T15:56:00,108,Thursday,True
3606,u_110,Computer Lab A,2026-08-20T14:09:00,2026-08-20T15:06:00,57,Thursday,True
3608,u_112,Food Court,2026-08-20T14:09:00,2026-08-20T14:30:00,21,Thursday,False
3526,u_061,Science Library,2026-08-20T14:15:00,2026-08-20T16:00:00,105,Thursday,False
3448,u_008,Computer Lab A,2026-08-20T14:47:00,2026-08-20T15:46:00,59,Thursday,True
3605,u_110,WiFi Zone South,2026-08-20T14:48:00,2026-08-20T16:28:00,100,Thursday,False
3752,u_194,Computer Lab B,2026-08-20T14:48:00,2026-08-20T16:00:00,72,Thursday,True
3577,u_096,Student Center,2026-08-20T14:50:00,2026-08-20T16:31:00,101,Thursday,True
3503,u_047,Computer Lab A,2026-08-20T14:52:00,2026-08-20T15:57:00,65,Thursday,True
3438,u_001,Computer Lab B,2026-08-20T14:55:00,2026-08-20T16:45:00,110,Thursday,True
3497,u_041,Computer Lab A,2026-08-20T15:03:00,2026-08-20T16:19:00,76,Thursday,True
3646,u_131,Computer Lab B,2026-08-20T15:04:00,2026-08-20T16:06:00,62,Thursday,True
3460,u_018,Computer Lab A,2026-08-20T15:08:00,2026-08-20T15:52:00,44,Thursday,True
3710,u_172,Computer Lab B,2026-08-20T15:17:00,2026-08-20T16:22:00,65,Thursday,True
3598,u_107,WiFi Zone South,2026-08-20T15:20:00,2026-08-20T16:26:00,66,Thursday,False
3522,u_058,Computer Lab B,2026-08-20T15:21:00,2026-08-20T16:23:00,62,Thursday,True
3712,u_175,Computer Lab B,2026-08-20T15:30:00,2026-08-20T16:24:00,54,Thursday,True
3677,u_145,Main Library,2026-08-20T15:44:00,2026-08-20T16:55:00,71,Thursday,True
3488,u_038,WiFi Zone South,2026-08-20T15:47:00,2026-08-20T16:17:00,30,Thursday,False
3483,u_033,Student Center,2026-08-20T15:51:00,2026-08-20T17:11:00,80,Thursday,True
3490,u_039,Main Library,2026-08-20T15:51:00,2026-08-20T17:18:00,87,Thursday,True
3718,u_177,Student Center,2026-08-20T15:52:00,2026-08-20T16:55:00,63,Thursday,True
3534,u_066,Main Library,2026-08-20T15:55:00,2026-08-20T16:48:00,53,Thursday,True
3458,u_017,Main Library,2026-08-20T15:56:00,2026-08-20T18:49:00,173,Thursday,True
3487,u_036,Main Library,2026-08-20T16:00:00,2026-08-20T19:02:00,182,Thursday,True
3561,u_085,Science Library,2026-08-20T16:00:00,2026-08-20T17:34:00,94,Thursday,True
3731,u_184,Main Library,2026-08-20T16:00:00,2026-08-20T18:56:00,176,Thursday,True
3540,u_070,Main Library,2026-08-20T16:01:00,2026-08-20T16:51:00,50,Thursday,True
3449,u_010,Science Library,2026-08-20T16:02:00,2026-08-20T18:02:00,120,Thursday,True
3509,u_049,Computer Lab A,2026-08-20T16:02:00,2026-08-20T16:58:00,56,Thursday,True
3668,u_142,Main Library,2026-08-20T16:02:00,2026-08-20T16:53:00,51,Thursday,True
3714,u_175,Main Library,2026-08-20T16:02:00,2026-08-20T18:13:00,131,Thursday,True
3505,u_048,Student Center,2026-08-20T16:03:00,2026-08-20T17:04:00,61,Thursday,True
3560,u_085,Student Center,2026-08-20T16:03:00,2026-08-20T16:55:00,52,Thursday,True
3760,u_199,Science Library,2026-08-20T16:03:00,2026-08-20T16:59:00,56,Thursday,True
3447,u_007,Computer Lab A,2026-08-20T16:04:00,2026-08-20T17:36:00,92,Thursday,True
3636,u_126,Computer Lab B,2026-08-20T16:04:00,2026-08-20T16:51:00,47,Thursday,True
3705,u_170,Computer Lab A,2026-08-20T16:05:00,2026-08-20T16:45:00,40,Thursday,True
3559,u_084,Science Library,2026-08-20T16:06:00,2026-08-20T17:15:00,69,Thursday,True
3476,u_029,Science Library,2026-08-20T16:08:00,2026-08-20T17:35:00,87,Thursday,True
3637,u_127,Gymnasium,2026-08-20T16:09:00,2026-08-20T17:36:00,87,Thursday,False
3674,u_144,Student Center,2026-08-20T16:10:00,2026-08-20T17:11:00,61,Thursday,True
3622,u_120,Student Center,2026-08-20T16:15:00,2026-08-20T17:41:00,86,Thursday,True
3492,u_040,Central Cafeteria,2026-08-20T16:43:00,2026-08-20T17:36:00,53,Thursday,False
3749,u_194,Main Library,2026-08-20T16:47:00,2026-08-20T18:00:00,73,Thursday,True
3521,u_058,Science Library,2026-08-20T16:48:00,2026-08-20T17:39:00,51,Thursday,True
3491,u_039,Science Library,2026-08-20T16:55:00,2026-08-20T19:56:00,181,Thursday,True
3518,u_054,Main Library,2026-08-20T16:55:00,2026-08-20T18:13:00,78,Thursday,True
3569,u_091,Science Library,2026-08-20T16:57:00,2026-08-20T18:26:00,89,Thursday,True
3467,u_022,Indoor Sports Complex,2026-08-20T16:58:00,2026-08-20T17:44:00,46,Thursday,True
3586,u_099,Main Library,2026-08-20T16:59:00,2026-08-20T18:17:00,78,Thursday,True
3733,u_185,Science Library,2026-08-20T16:59:00,2026-08-20T19:55:00,176,Thursday,True
3482,u_033,Indoor Sports Complex,2026-08-20T17:00:00,2026-08-20T18:22:00,82,Thursday,True
3515,u_051,Science Library,2026-08-20T17:01:00,2026-08-20T20:08:00,187,Thursday,True
3593,u_104,Gymnasium,2026-08-20T17:01:00,2026-08-20T17:58:00,57,Thursday,True
3662,u_137,Main Library,2026-08-20T17:04:00,2026-08-20T19:11:00,127,Thursday,True
3657,u_136,Science Library,2026-08-20T17:05:00,2026-08-20T20:11:00,186,Thursday,True
3667,u_141,Main Library,2026-08-20T17:07:00,2026-08-20T20:25:00,198,Thursday,True
3570,u_092,Indoor Sports Complex,2026-08-20T17:10:00,2026-08-20T18:46:00,96,Thursday,True
3707,u_170,Gymnasium,2026-08-20T17:10:00,2026-08-20T18:19:00,69,Thursday,True
3500,u_044,Indoor Sports Complex,2026-08-20T17:17:00,2026-08-20T18:14:00,57,Thursday,True
3599,u_107,Main Library,2026-08-20T17:20:00,2026-08-20T18:58:00,98,Thursday,True
3546,u_075,Food Court,2026-08-20T17:34:00,2026-08-20T19:01:00,87,Thursday,False
3469,u_024,Indoor Sports Complex,2026-08-20T17:47:00,2026-08-20T19:09:00,82,Thursday,True
3574,u_094,Science Library,2026-08-20T17:50:00,2026-08-20T20:44:00,174,Thursday,True
3583,u_098,Indoor Sports Complex,2026-08-20T17:52:00,2026-08-20T19:24:00,92,Thursday,True
3633,u_126,Indoor Sports Complex,2026-08-20T17:56:00,2026-08-20T18:41:00,45,Thursday,True
3517,u_053,Gymnasium,2026-08-20T17:57:00,2026-08-20T19:47:00,110,Thursday,True
3588,u_100,Science Library,2026-08-20T17:57:00,2026-08-20T19:21:00,84,Thursday,True
3494,u_040,Gymnasium,2026-08-20T18:00:00,2026-08-20T19:16:00,76,Thursday,True
3499,u_043,Science Library,2026-08-20T18:00:00,2026-08-20T21:19:00,199,Thursday,True
3551,u_078,Science Library,2026-08-20T18:00:00,2026-08-20T19:47:00,107,Thursday,True
3618,u_118,Indoor Sports Complex,2026-08-20T18:00:00,2026-08-20T18:47:00,47,Thursday,True
3675,u_145,Indoor Sports Complex,2026-08-20T18:00:00,2026-08-20T19:19:00,79,Thursday,True
3678,u_145,Science Library,2026-08-20T18:00:00,2026-08-20T20:13:00,133,Thursday,True
3607,u_111,Indoor Sports Complex,2026-08-20T18:05:00,2026-08-20T19:35:00,90,Thursday,True
3642,u_129,Gymnasium,2026-08-20T18:05:00,2026-08-20T18:56:00,51,Thursday,True
3590,u_101,Science Library,2026-08-20T18:06:00,2026-08-20T20:20:00,134,Thursday,True
3728,u_182,Indoor Sports Complex,2026-08-20T18:07:00,2026-08-20T18:44:00,37,Thursday,True
3626,u_121,Science Library,2026-08-20T18:08:00,2026-08-20T19:42:00,94,Thursday,True
3645,u_131,Science Library,2026-08-20T18:09:00,2026-08-20T18:59:00,50,Thursday,False
3629,u_123,Main Library,2026-08-20T18:12:00,2026-08-20T19:56:00,104,Thursday,True
3692,u_158,Gymnasium,2026-08-20T18:15:00,2026-08-20T19:43:00,88,Thursday,False
3619,u_119,WiFi Zone South,2026-08-20T18:18:00,2026-08-20T19:20:00,62,Thursday,False
3446,u_004,Gymnasium,2026-08-20T18:19:00,2026-08-20T19:55:00,96,Thursday,True
3670,u_143,Main Library,2026-08-20T18:19:00,2026-08-20T19:13:00,54,Thursday,True
3441,u_002,Science Library,2026-08-20T18:35:00,2026-08-20T19:20:00,45,Thursday,False
3734,u_186,Main Library,2026-08-20T18:40:00,2026-08-20T19:39:00,59,Thursday,True
3582,u_098,Central Cafeteria,2026-08-20T18:43:00,2026-08-20T19:21:00,38,Thursday,True
3581,u_098,Indoor Sports Complex,2026-08-20T18:44:00,2026-08-20T20:12:00,88,Thursday,False
3627,u_122,Central Cafeteria,2026-08-20T18:44:00,2026-08-20T19:46:00,62,Thursday,True
3489,u_038,Food Court,2026-08-20T18:45:00,2026-08-20T19:48:00,63,Thursday,True
3591,u_102,Central Cafeteria,2026-08-20T18:46:00,2026-08-20T19:29:00,43,Thursday,True
3739,u_189,Gymnasium,2026-08-20T18:46:00,2026-08-20T20:25:00,99,Thursday,True
3635,u_126,Science Library,2026-08-20T18:49:00,2026-08-20T21:40:00,171,Thursday,True
3443,u_002,Gymnasium,2026-08-20T18:50:00,2026-08-20T20:16:00,86,Thursday,True
3544,u_073,Central Cafeteria,2026-08-20T18:50:00,2026-08-20T19:47:00,57,Thursday,True
3759,u_199,Gymnasium,2026-08-20T18:50:00,2026-08-20T20:13:00,83,Thursday,True
3550,u_078,Indoor Sports Complex,2026-08-20T18:52:00,2026-08-20T20:26:00,94,Thursday,True
3539,u_069,Main Library,2026-08-20T18:53:00,2026-08-20T21:09:00,136,Thursday,True
3510,u_049,Science Library,2026-08-20T18:54:00,2026-08-20T20:57:00,123,Thursday,True
3520,u_055,Food Court,2026-08-20T18:55:00,2026-08-20T19:15:00,20,Thursday,True
3439,u_001,Indoor Sports Complex,2026-08-20T18:56:00,2026-08-20T19:55:00,59,Thursday,True
3445,u_004,Central Cafeteria,2026-08-20T18:57:00,2026-08-20T19:42:00,45,Thursday,True
3486,u_036,Food Court,2026-08-20T18:57:00,2026-08-20T20:02:00,65,Thursday,True
3532,u_065,Main Library,2026-08-20T18:57:00,2026-08-20T19:52:00,55,Thursday,True
3695,u_161,Gymnasium,2026-08-20T18:57:00,2026-08-20T19:53:00,56,Thursday,True
3507,u_049,Central Cafeteria,2026-08-20T18:58:00,2026-08-20T19:33:00,35,Thursday,True
3511,u_049,Main Library,2026-08-20T18:58:00,2026-08-20T21:15:00,137,Thursday,True
3660,u_137,Central Cafeteria,2026-08-20T18:58:00,2026-08-20T19:55:00,57,Thursday,True
3681,u_150,Central Cafeteria,2026-08-20T18:59:00,2026-08-20T19:19:00,20,Thursday,True
3716,u_176,Gymnasium,2026-08-20T18:59:00,2026-08-20T20:15:00,76,Thursday,True
3516,u_052,Central Cafeteria,2026-08-20T19:00:00,2026-08-20T19:56:00,56,Thursday,True
3672,u_144,Central Cafeteria,2026-08-20T19:00:00,2026-08-20T19:48:00,48,Thursday,True
3689,u_156,Gymnasium,2026-08-20T19:00:00,2026-08-20T19:58:00,58,Thursday,True
3468,u_023,Central Cafeteria,2026-08-20T19:01:00,2026-08-20T20:06:00,65,Thursday,True
3568,u_090,Indoor Sports Complex,2026-08-20T19:02:00,2026-08-20T20:28:00,86,Thursday,True
3696,u_161,Food Court,2026-08-20T19:02:00,2026-08-20T20:22:00,80,Thursday,True
3737,u_188,Food Court,2026-08-20T19:02:00,2026-08-20T19:37:00,35,Thursday,True
3459,u_017,Indoor Sports Complex,2026-08-20T19:03:00,2026-08-20T19:44:00,41,Thursday,True
3584,u_098,Science Library,2026-08-20T19:03:00,2026-08-20T20:13:00,70,Thursday,True
3472,u_026,Central Cafeteria,2026-08-20T19:04:00,2026-08-20T19:54:00,50,Thursday,True
3717,u_176,Food Court,2026-08-20T19:04:00,2026-08-20T20:22:00,78,Thursday,True
3650,u_133,Main Library,2026-08-20T19:05:00,2026-08-20T20:54:00,109,Thursday,True
3519,u_054,Central Cafeteria,2026-08-20T19:06:00,2026-08-20T20:09:00,63,Thursday,True
3722,u_178,Food Court,2026-08-20T19:06:00,2026-08-20T19:47:00,41,Thursday,True
3523,u_058,Food Court,2026-08-20T19:08:00,2026-08-20T19:56:00,48,Thursday,True
3666,u_141,Indoor Sports Complex,2026-08-20T19:08:00,2026-08-20T19:48:00,40,Thursday,False
3553,u_081,Main Library,2026-08-20T19:09:00,2026-08-20T20:41:00,92,Thursday,True
3576,u_095,Science Library,2026-08-20T19:10:00,2026-08-20T20:46:00,96,Thursday,True
3609,u_112,Main Library,2026-08-20T19:10:00,2026-08-20T20:34:00,84,Thursday,True
3528,u_061,Food Court,2026-08-20T19:13:00,2026-08-20T20:05:00,52,Thursday,True
3531,u_064,Central Cafeteria,2026-08-20T19:13:00,2026-08-20T20:10:00,57,Thursday,True
3661,u_137,Science Library,2026-08-20T19:13:00,2026-08-20T20:37:00,84,Thursday,True
3663,u_138,Computer Lab B,2026-08-20T19:15:00,2026-08-20T20:52:00,97,Thursday,False
3742,u_190,Science Library,2026-08-20T19:16:00,2026-08-20T22:36:00,200,Thursday,True
3648,u_131,Main Library,2026-08-20T19:17:00,2026-08-20T22:23:00,186,Thursday,True
3625,u_121,Indoor Sports Complex,2026-08-20T19:18:00,2026-08-20T20:36:00,78,Thursday,True
3706,u_170,Central Cafeteria,2026-08-20T19:22:00,2026-08-20T20:41:00,79,Thursday,True
3641,u_129,Indoor Sports Complex,2026-08-20T19:44:00,2026-08-20T20:40:00,56,Thursday,True
3665,u_138,Indoor Sports Complex,2026-08-20T19:50:00,2026-08-20T20:51:00,61,Thursday,True
3614,u_114,Main Library,2026-08-20T19:56:00,2026-08-20T22:15:00,139,Thursday,True
3580,u_097,Main Library,2026-08-20T20:00:00,2026-08-20T22:04:00,124,Thursday,True
3755,u_196,Gymnasium,2026-08-20T20:00:00,2026-08-20T20:52:00,52,Thursday,True
3673,u_144,Main Library,2026-08-20T20:01:00,2026-08-20T21:38:00,97,Thursday,True
3484,u_034,Main Library,2026-08-20T20:02:00,2026-08-20T23:01:00,179,Thursday,True
3495,u_040,Main Library,2026-08-20T20:04:00,2026-08-20T21:59:00,115,Thursday,True
3723,u_179,Indoor Sports Complex,2026-08-20T20:04:00,2026-08-20T20:43:00,39,Thursday,True
3473,u_029,Main Library,2026-08-20T20:09:00,2026-08-20T21:39:00,90,Thursday,True
3691,u_157,Science Library,2026-08-20T20:09:00,2026-08-20T21:38:00,89,Thursday,True
3745,u_191,Gymnasium,2026-08-20T20:09:00,2026-08-20T20:59:00,50,Thursday,True
3506,u_048,Gymnasium,2026-08-20T20:11:00,2026-08-20T20:58:00,47,Thursday,True
3736,u_188,Main Library,2026-08-20T20:45:00,2026-08-20T23:47:00,182,Thursday,True
3549,u_077,Main Library,2026-08-20T20:48:00,2026-08-20T23:56:00,188,Thursday,True
3669,u_142,Science Library,2026-08-20T20:54:00,2026-08-20T22:38:00,104,Thursday,True
3514,u_051,Main Library,2026-08-20T20:57:00,2026-08-20T23:48:00,171,Thursday,True
3693,u_161,Food Court,2026-08-20T20:59:00,2026-08-20T22:03:00,64,Thursday,False
3604,u_109,Main Library,2026-08-20T21:00:00,2026-08-20T22:23:00,83,Thursday,True
3699,u_164,Main Library,2026-08-20T21:00:00,2026-08-21T00:07:00,187,Thursday,True
3566,u_089,Science Library,2026-08-20T21:08:00,2026-08-20T22:40:00,92,Thursday,True
3746,u_191,Science Library,2026-08-20T21:08:00,2026-08-20T23:02:00,114,Thursday,True
3462,u_018,Science Library,2026-08-20T21:13:00,2026-08-21T00:11:00,178,Thursday,True
3630,u_124,Science Library,2026-08-20T21:13:00,2026-08-20T23:17:00,124,Thursday,True
3939,u_136,Indoor Sports Complex,2026-08-21T05:51:00,2026-08-21T06:39:00,48,Friday,True
3968,u_158,Gymnasium,2026-08-21T05:52:00,2026-08-21T06:48:00,56,Friday,True
4004,u_186,Indoor Sports Complex,2026-08-21T05:52:00,2026-08-21T07:05:00,73,Friday,True
3805,u_032,Gymnasium,2026-08-21T05:53:00,2026-08-21T07:22:00,89,Friday,True
3942,u_139,Gymnasium,2026-08-21T05:54:00,2026-08-21T07:35:00,101,Friday,True
3788,u_018,Gymnasium,2026-08-21T06:00:00,2026-08-21T06:48:00,48,Friday,True
3936,u_134,Gymnasium,2026-08-21T06:03:00,2026-08-21T06:57:00,54,Friday,True
3763,u_003,Indoor Sports Complex,2026-08-21T06:12:00,2026-08-21T07:25:00,73,Friday,True
3919,u_119,Gymnasium,2026-08-21T06:12:00,2026-08-21T06:55:00,43,Friday,True
3891,u_102,Gymnasium,2026-08-21T06:43:00,2026-08-21T07:50:00,67,Friday,True
3842,u_060,Indoor Sports Complex,2026-08-21T06:50:00,2026-08-21T08:09:00,79,Friday,True
3849,u_065,Gymnasium,2026-08-21T06:50:00,2026-08-21T07:48:00,58,Friday,True
3877,u_089,Gymnasium,2026-08-21T06:54:00,2026-08-21T07:34:00,40,Friday,True
3986,u_171,Indoor Sports Complex,2026-08-21T06:57:00,2026-08-21T07:54:00,57,Friday,True
3899,u_106,Indoor Sports Complex,2026-08-21T07:01:00,2026-08-21T08:20:00,79,Friday,True
3965,u_156,Indoor Sports Complex,2026-08-21T07:02:00,2026-08-21T08:49:00,107,Friday,True
3941,u_138,Gymnasium,2026-08-21T07:52:00,2026-08-21T09:21:00,89,Friday,True
3772,u_008,Gymnasium,2026-08-21T07:54:00,2026-08-21T09:08:00,74,Friday,True
3855,u_068,Indoor Sports Complex,2026-08-21T07:54:00,2026-08-21T09:15:00,81,Friday,True
4012,u_190,Indoor Sports Complex,2026-08-21T07:59:00,2026-08-21T08:58:00,59,Friday,True
3857,u_070,Indoor Sports Complex,2026-08-21T08:00:00,2026-08-21T09:22:00,82,Friday,True
3983,u_170,Indoor Sports Complex,2026-08-21T08:02:00,2026-08-21T08:41:00,39,Friday,True
3769,u_006,Gymnasium,2026-08-21T08:06:00,2026-08-21T09:10:00,64,Friday,True
3844,u_060,Gymnasium,2026-08-21T08:09:00,2026-08-21T08:54:00,45,Friday,True
3995,u_180,Gymnasium,2026-08-21T08:09:00,2026-08-21T09:21:00,72,Friday,True
3784,u_017,Gymnasium,2026-08-21T08:10:00,2026-08-21T09:28:00,78,Friday,True
3868,u_083,Indoor Sports Complex,2026-08-21T08:10:00,2026-08-21T08:46:00,36,Friday,True
3887,u_099,Food Court,2026-08-21T08:11:00,2026-08-21T09:01:00,50,Friday,True
3926,u_126,Gymnasium,2026-08-21T08:12:00,2026-08-21T08:48:00,36,Friday,True
3847,u_063,Central Cafeteria,2026-08-21T08:14:00,2026-08-21T08:54:00,40,Friday,True
3832,u_050,Indoor Sports Complex,2026-08-21T08:16:00,2026-08-21T09:06:00,50,Friday,True
3879,u_093,Gymnasium,2026-08-21T08:16:00,2026-08-21T09:42:00,86,Friday,True
3922,u_123,Central Cafeteria,2026-08-21T08:18:00,2026-08-21T08:42:00,24,Friday,True
3764,u_004,Indoor Sports Complex,2026-08-21T08:19:00,2026-08-21T09:58:00,99,Friday,True
3808,u_034,Central Cafeteria,2026-08-21T08:21:00,2026-08-21T08:47:00,26,Friday,True
3963,u_154,Central Cafeteria,2026-08-21T08:22:00,2026-08-21T09:21:00,59,Friday,True
3782,u_014,Central Cafeteria,2026-08-21T08:23:00,2026-08-21T09:07:00,44,Friday,True
3791,u_020,Food Court,2026-08-21T08:23:00,2026-08-21T09:27:00,64,Friday,True
4026,u_198,Central Cafeteria,2026-08-21T08:27:00,2026-08-21T09:26:00,59,Friday,True
3907,u_113,Food Court,2026-08-21T08:29:00,2026-08-21T09:17:00,48,Friday,True
3768,u_006,Central Cafeteria,2026-08-21T08:30:00,2026-08-21T09:32:00,62,Friday,True
3817,u_039,Food Court,2026-08-21T08:33:00,2026-08-21T09:16:00,43,Friday,True
3871,u_084,Food Court,2026-08-21T08:33:00,2026-08-21T09:23:00,50,Friday,True
3811,u_036,Central Cafeteria,2026-08-21T08:35:00,2026-08-21T08:56:00,21,Friday,True
4025,u_196,Central Cafeteria,2026-08-21T08:35:00,2026-08-21T09:34:00,59,Friday,True
3951,u_145,Food Court,2026-08-21T08:37:00,2026-08-21T09:22:00,45,Friday,True
3997,u_182,Student Center,2026-08-21T08:41:00,2026-08-21T10:10:00,89,Friday,True
3914,u_117,Food Court,2026-08-21T08:42:00,2026-08-21T09:40:00,58,Friday,True
3998,u_182,Central Cafeteria,2026-08-21T08:42:00,2026-08-21T09:46:00,64,Friday,True
3851,u_065,Computer Lab B,2026-08-21T08:48:00,2026-08-21T09:46:00,58,Friday,True
3972,u_161,Computer Lab B,2026-08-21T08:48:00,2026-08-21T10:23:00,95,Friday,True
3870,u_084,Computer Lab B,2026-08-21T08:49:00,2026-08-21T10:28:00,99,Friday,True
3795,u_023,Computer Lab B,2026-08-21T08:50:00,2026-08-21T09:25:00,35,Friday,True
3937,u_135,Computer Lab A,2026-08-21T08:55:00,2026-08-21T10:01:00,66,Friday,True
3999,u_183,Computer Lab A,2026-08-21T09:00:00,2026-08-21T10:20:00,80,Friday,True
3863,u_074,Computer Lab B,2026-08-21T09:01:00,2026-08-21T10:44:00,103,Friday,True
3925,u_125,Computer Lab B,2026-08-21T09:01:00,2026-08-21T09:57:00,56,Friday,True
3779,u_011,Computer Lab A,2026-08-21T09:47:00,2026-08-21T11:20:00,93,Friday,True
3900,u_108,Science Library,2026-08-21T09:47:00,2026-08-21T10:07:00,20,Friday,False
3958,u_151,Computer Lab A,2026-08-21T09:54:00,2026-08-21T10:54:00,60,Friday,True
4010,u_188,Computer Lab B,2026-08-21T10:00:00,2026-08-21T11:25:00,85,Friday,True
4020,u_193,Student Center,2026-08-21T10:05:00,2026-08-21T10:51:00,46,Friday,True
3961,u_153,Student Center,2026-08-21T10:13:00,2026-08-21T11:14:00,61,Friday,True
3853,u_066,Computer Lab B,2026-08-21T10:24:00,2026-08-21T11:59:00,95,Friday,True
3927,u_127,Computer Lab B,2026-08-21T10:40:00,2026-08-21T11:53:00,73,Friday,True
3974,u_162,Computer Lab B,2026-08-21T10:41:00,2026-08-21T11:35:00,54,Friday,True
3929,u_127,Student Center,2026-08-21T10:53:00,2026-08-21T12:18:00,85,Friday,True
3906,u_113,Student Center,2026-08-21T10:56:00,2026-08-21T12:10:00,74,Friday,True
3865,u_079,Computer Lab B,2026-08-21T10:59:00,2026-08-21T11:55:00,56,Friday,False
3912,u_117,Computer Lab A,2026-08-21T11:06:00,2026-08-21T12:26:00,80,Friday,True
3889,u_101,Computer Lab B,2026-08-21T11:07:00,2026-08-21T12:40:00,93,Friday,True
3815,u_038,Computer Lab A,2026-08-21T11:10:00,2026-08-21T11:49:00,39,Friday,True
3993,u_177,Computer Lab B,2026-08-21T11:16:00,2026-08-21T12:04:00,48,Friday,True
3973,u_162,Computer Lab A,2026-08-21T11:51:00,2026-08-21T12:49:00,58,Friday,True
3915,u_117,Student Center,2026-08-21T11:52:00,2026-08-21T13:34:00,102,Friday,True
4002,u_185,Student Center,2026-08-21T11:57:00,2026-08-21T12:51:00,54,Friday,True
4013,u_190,Student Center,2026-08-21T11:57:00,2026-08-21T13:27:00,90,Friday,True
3924,u_124,Computer Lab B,2026-08-21T11:59:00,2026-08-21T12:53:00,54,Friday,True
3930,u_130,Student Center,2026-08-21T12:02:00,2026-08-21T13:03:00,61,Friday,True
3881,u_094,Computer Lab B,2026-08-21T12:05:00,2026-08-21T12:59:00,54,Friday,True
3978,u_166,Student Center,2026-08-21T12:05:00,2026-08-21T13:06:00,61,Friday,True
3893,u_103,Student Center,2026-08-21T12:07:00,2026-08-21T13:29:00,82,Friday,True
3934,u_134,Computer Lab A,2026-08-21T12:07:00,2026-08-21T12:55:00,48,Friday,True
3918,u_119,Computer Lab B,2026-08-21T12:08:00,2026-08-21T12:53:00,45,Friday,True
3959,u_152,Central Cafeteria,2026-08-21T12:11:00,2026-08-21T14:10:00,119,Friday,False
3825,u_047,Central Cafeteria,2026-08-21T12:13:00,2026-08-21T13:26:00,73,Friday,True
4021,u_193,Food Court,2026-08-21T12:17:00,2026-08-21T13:11:00,54,Friday,True
3981,u_169,Central Cafeteria,2026-08-21T12:27:00,2026-08-21T13:19:00,52,Friday,True
3994,u_180,Food Court,2026-08-21T12:27:00,2026-08-21T13:27:00,60,Friday,True
3786,u_017,Food Court,2026-08-21T12:29:00,2026-08-21T13:26:00,57,Friday,True
3945,u_142,Computer Lab B,2026-08-21T12:29:00,2026-08-21T12:49:00,20,Friday,False
3880,u_093,Food Court,2026-08-21T12:30:00,2026-08-21T13:32:00,62,Friday,True
3931,u_132,Food Court,2026-08-21T12:30:00,2026-08-21T13:13:00,43,Friday,True
3843,u_060,Food Court,2026-08-21T12:31:00,2026-08-21T12:55:00,24,Friday,True
3935,u_134,Food Court,2026-08-21T12:32:00,2026-08-21T13:45:00,73,Friday,True
3957,u_151,Central Cafeteria,2026-08-21T12:32:00,2026-08-21T13:27:00,55,Friday,True
3917,u_119,Central Cafeteria,2026-08-21T12:33:00,2026-08-21T13:29:00,56,Friday,True
3962,u_153,Food Court,2026-08-21T12:34:00,2026-08-21T13:07:00,33,Friday,True
3896,u_105,Food Court,2026-08-21T12:35:00,2026-08-21T13:19:00,44,Friday,True
3898,u_106,Computer Lab B,2026-08-21T12:37:00,2026-08-21T13:34:00,57,Friday,True
3862,u_074,Food Court,2026-08-21T12:38:00,2026-08-21T13:17:00,39,Friday,True
3970,u_160,Student Center,2026-08-21T12:38:00,2026-08-21T14:17:00,99,Friday,True
3976,u_165,Central Cafeteria,2026-08-21T12:38:00,2026-08-21T13:32:00,54,Friday,True
3908,u_114,Computer Lab A,2026-08-21T12:39:00,2026-08-21T13:21:00,42,Friday,True
3834,u_053,Central Cafeteria,2026-08-21T12:44:00,2026-08-21T13:22:00,38,Friday,True
3971,u_160,Computer Lab A,2026-08-21T12:50:00,2026-08-21T13:52:00,62,Friday,True
3985,u_171,Student Center,2026-08-21T12:50:00,2026-08-21T14:01:00,71,Friday,True
3861,u_073,Student Center,2026-08-21T12:52:00,2026-08-21T14:03:00,71,Friday,True
3802,u_031,Student Center,2026-08-21T12:53:00,2026-08-21T14:16:00,83,Friday,True
4007,u_187,Central Cafeteria,2026-08-21T12:56:00,2026-08-21T13:56:00,60,Friday,True
3977,u_165,Computer Lab B,2026-08-21T12:57:00,2026-08-21T13:47:00,50,Friday,True
3765,u_004,Food Court,2026-08-21T13:00:00,2026-08-21T13:50:00,50,Friday,True
3952,u_146,Computer Lab A,2026-08-21T13:00:00,2026-08-21T14:05:00,65,Friday,True
3989,u_175,Student Center,2026-08-21T13:00:00,2026-08-21T13:51:00,51,Friday,True
3980,u_169,Computer Lab A,2026-08-21T13:05:00,2026-08-21T14:25:00,80,Friday,True
3903,u_109,Computer Lab B,2026-08-21T13:07:00,2026-08-21T14:01:00,54,Friday,True
3806,u_033,Computer Lab B,2026-08-21T13:09:00,2026-08-21T14:31:00,82,Friday,True
3904,u_109,Computer Lab A,2026-08-21T13:30:00,2026-08-21T14:24:00,54,Friday,True
3783,u_016,Computer Lab A,2026-08-21T13:42:00,2026-08-21T14:36:00,54,Friday,True
3789,u_019,Computer Lab B,2026-08-21T13:47:00,2026-08-21T14:51:00,64,Friday,True
3878,u_093,Computer Lab B,2026-08-21T13:48:00,2026-08-21T14:51:00,63,Friday,True
3780,u_012,WiFi Zone South,2026-08-21T13:51:00,2026-08-21T15:22:00,91,Friday,False
4008,u_187,Computer Lab B,2026-08-21T13:53:00,2026-08-21T15:09:00,76,Friday,True
3850,u_065,Student Center,2026-08-21T13:55:00,2026-08-21T14:36:00,41,Friday,True
4028,u_199,Computer Lab A,2026-08-21T13:57:00,2026-08-21T15:42:00,105,Friday,True
3819,u_040,Computer Lab A,2026-08-21T13:58:00,2026-08-21T15:23:00,85,Friday,True
4015,u_191,Computer Lab B,2026-08-21T13:58:00,2026-08-21T14:46:00,48,Friday,True
3944,u_141,Computer Lab A,2026-08-21T14:00:00,2026-08-21T14:55:00,55,Friday,True
4019,u_192,Computer Lab A,2026-08-21T14:02:00,2026-08-21T15:06:00,64,Friday,True
3781,u_013,Computer Lab B,2026-08-21T14:04:00,2026-08-21T15:14:00,70,Friday,True
3949,u_143,Computer Lab B,2026-08-21T14:04:00,2026-08-21T15:01:00,57,Friday,True
3810,u_036,Student Center,2026-08-21T14:12:00,2026-08-21T15:15:00,63,Friday,True
4029,u_200,Computer Lab B,2026-08-21T14:12:00,2026-08-21T15:14:00,62,Friday,True
3787,u_018,Computer Lab B,2026-08-21T14:31:00,2026-08-21T15:30:00,59,Friday,True
3883,u_095,Computer Lab B,2026-08-21T14:38:00,2026-08-21T15:13:00,35,Friday,True
4023,u_195,Student Center,2026-08-21T14:41:00,2026-08-21T16:19:00,98,Friday,True
3774,u_009,Gymnasium,2026-08-21T14:46:00,2026-08-21T16:34:00,108,Friday,False
3762,u_001,Computer Lab B,2026-08-21T14:52:00,2026-08-21T16:18:00,86,Friday,True
3969,u_159,Student Center,2026-08-21T14:57:00,2026-08-21T15:58:00,61,Friday,True
4027,u_199,Student Center,2026-08-21T14:59:00,2026-08-21T15:48:00,49,Friday,True
3796,u_024,Computer Lab A,2026-08-21T15:02:00,2026-08-21T15:58:00,56,Friday,True
3964,u_156,Food Court,2026-08-21T15:02:00,2026-08-21T16:33:00,91,Friday,False
3820,u_041,Computer Lab A,2026-08-21T15:04:00,2026-08-21T16:12:00,68,Friday,True
4022,u_194,Computer Lab B,2026-08-21T15:05:00,2026-08-21T16:19:00,74,Friday,True
3848,u_063,Computer Lab A,2026-08-21T15:08:00,2026-08-21T16:44:00,96,Friday,True
3839,u_058,Computer Lab B,2026-08-21T15:12:00,2026-08-21T16:15:00,63,Friday,True
3873,u_085,Computer Lab B,2026-08-21T15:15:00,2026-08-21T16:55:00,100,Friday,True
3854,u_068,WiFi Zone South,2026-08-21T15:18:00,2026-08-21T16:51:00,93,Friday,False
3996,u_181,Science Library,2026-08-21T15:22:00,2026-08-21T16:39:00,77,Friday,False
3955,u_148,Computer Lab B,2026-08-21T15:36:00,2026-08-21T16:33:00,57,Friday,False
3869,u_084,Science Library,2026-08-21T15:47:00,2026-08-21T16:46:00,59,Friday,True
3845,u_063,Student Center,2026-08-21T15:48:00,2026-08-21T17:38:00,110,Friday,True
4030,u_200,Science Library,2026-08-21T15:48:00,2026-08-21T17:14:00,86,Friday,True
3913,u_117,Computer Lab B,2026-08-21T15:50:00,2026-08-21T17:34:00,104,Friday,True
3858,u_071,Computer Lab A,2026-08-21T15:52:00,2026-08-21T16:47:00,55,Friday,True
3872,u_085,Student Center,2026-08-21T15:53:00,2026-08-21T16:51:00,58,Friday,True
3992,u_177,Student Center,2026-08-21T15:54:00,2026-08-21T17:07:00,73,Friday,True
3770,u_007,Science Library,2026-08-21T15:56:00,2026-08-21T17:44:00,108,Friday,True
3920,u_120,Student Center,2026-08-21T15:56:00,2026-08-21T17:23:00,87,Friday,True
3785,u_017,Main Library,2026-08-21T15:57:00,2026-08-21T18:47:00,170,Friday,True
3979,u_167,Student Center,2026-08-21T15:58:00,2026-08-21T16:46:00,48,Friday,True
3798,u_026,Computer Lab B,2026-08-21T16:02:00,2026-08-21T17:24:00,82,Friday,True
4001,u_184,Main Library,2026-08-21T16:02:00,2026-08-21T19:01:00,179,Friday,True
3967,u_157,Student Center,2026-08-21T16:04:00,2026-08-21T17:47:00,103,Friday,True
3826,u_048,Student Center,2026-08-21T16:06:00,2026-08-21T17:20:00,74,Friday,True
3921,u_123,Computer Lab B,2026-08-21T16:07:00,2026-08-21T17:19:00,72,Friday,True
3890,u_102,Science Library,2026-08-21T16:08:00,2026-08-21T18:08:00,120,Friday,True
3954,u_147,Student Center,2026-08-21T16:08:00,2026-08-21T17:41:00,93,Friday,True
3775,u_009,Computer Lab A,2026-08-21T16:09:00,2026-08-21T17:50:00,101,Friday,True
3801,u_030,Computer Lab B,2026-08-21T16:09:00,2026-08-21T17:55:00,106,Friday,True
3829,u_049,Computer Lab A,2026-08-21T16:09:00,2026-08-21T17:13:00,64,Friday,True
3876,u_087,Computer Lab A,2026-08-21T16:09:00,2026-08-21T17:27:00,78,Friday,True
3797,u_025,Computer Lab B,2026-08-21T16:14:00,2026-08-21T17:12:00,58,Friday,True
3946,u_142,Main Library,2026-08-21T16:18:00,2026-08-21T17:24:00,66,Friday,True
3953,u_146,Gymnasium,2026-08-21T16:42:00,2026-08-21T17:46:00,64,Friday,True
3886,u_099,Main Library,2026-08-21T16:46:00,2026-08-21T18:04:00,78,Friday,True
3947,u_143,Gymnasium,2026-08-21T16:47:00,2026-08-21T18:30:00,103,Friday,False
3910,u_115,Main Library,2026-08-21T16:51:00,2026-08-21T19:56:00,185,Friday,True
4000,u_183,Science Library,2026-08-21T16:52:00,2026-08-21T18:25:00,93,Friday,True
3938,u_136,Science Library,2026-08-21T16:53:00,2026-08-21T20:07:00,194,Friday,True
3867,u_082,Gymnasium,2026-08-21T16:54:00,2026-08-21T18:19:00,85,Friday,True
3943,u_140,Gymnasium,2026-08-21T16:58:00,2026-08-21T18:15:00,77,Friday,True
3984,u_170,Gymnasium,2026-08-21T17:01:00,2026-08-21T18:02:00,61,Friday,True
3773,u_008,Main Library,2026-08-21T17:04:00,2026-08-21T19:10:00,126,Friday,True
4003,u_185,Science Library,2026-08-21T17:04:00,2026-08-21T20:06:00,182,Friday,True
3894,u_104,Gymnasium,2026-08-21T17:11:00,2026-08-21T18:22:00,71,Friday,True
3982,u_170,WiFi Zone South,2026-08-21T17:14:00,2026-08-21T18:21:00,67,Friday,False
3800,u_027,Indoor Sports Complex,2026-08-21T17:18:00,2026-08-21T18:12:00,54,Friday,True
3956,u_148,Indoor Sports Complex,2026-08-21T17:18:00,2026-08-21T18:38:00,80,Friday,True
3807,u_033,Indoor Sports Complex,2026-08-21T17:25:00,2026-08-21T19:11:00,106,Friday,True
3799,u_027,Science Library,2026-08-21T17:47:00,2026-08-21T19:30:00,103,Friday,True
3950,u_144,Indoor Sports Complex,2026-08-21T17:47:00,2026-08-21T18:34:00,47,Friday,True
3905,u_111,Indoor Sports Complex,2026-08-21T17:51:00,2026-08-21T19:20:00,89,Friday,True
3777,u_010,Main Library,2026-08-21T17:56:00,2026-08-21T19:52:00,116,Friday,True
3803,u_031,Science Library,2026-08-21T17:59:00,2026-08-21T20:54:00,175,Friday,True
3793,u_021,Main Library,2026-08-21T18:00:00,2026-08-21T19:08:00,68,Friday,True
3821,u_043,Science Library,2026-08-21T18:00:00,2026-08-21T21:04:00,184,Friday,True
3846,u_063,Science Library,2026-08-21T18:01:00,2026-08-21T19:53:00,112,Friday,True
3888,u_101,Science Library,2026-08-21T18:02:00,2026-08-21T19:54:00,112,Friday,True
3932,u_133,Indoor Sports Complex,2026-08-21T18:02:00,2026-08-21T18:37:00,35,Friday,True
3948,u_143,Main Library,2026-08-21T18:03:00,2026-08-21T18:53:00,50,Friday,True
3804,u_032,Indoor Sports Complex,2026-08-21T18:04:00,2026-08-21T19:22:00,78,Friday,True
3766,u_004,Gymnasium,2026-08-21T18:05:00,2026-08-21T19:38:00,93,Friday,True
3835,u_053,Gymnasium,2026-08-21T18:08:00,2026-08-21T19:38:00,90,Friday,True
3818,u_040,Gymnasium,2026-08-21T18:11:00,2026-08-21T19:01:00,50,Friday,True
3812,u_037,Computer Lab B,2026-08-21T18:15:00,2026-08-21T19:38:00,83,Friday,False
3895,u_104,Science Library,2026-08-21T18:23:00,2026-08-21T19:26:00,63,Friday,True
3859,u_072,Indoor Sports Complex,2026-08-21T18:26:00,2026-08-21T19:38:00,72,Friday,True
3836,u_055,Food Court,2026-08-21T18:29:00,2026-08-21T20:00:00,91,Friday,False
4011,u_189,Main Library,2026-08-21T18:34:00,2026-08-21T19:07:00,33,Friday,False
3813,u_037,Gymnasium,2026-08-21T18:36:00,2026-08-21T19:59:00,83,Friday,True
3911,u_116,Food Court,2026-08-21T18:45:00,2026-08-21T19:31:00,46,Friday,True
3991,u_176,Food Court,2026-08-21T18:46:00,2026-08-21T19:36:00,50,Friday,True
3852,u_065,Main Library,2026-08-21T18:48:00,2026-08-21T20:01:00,73,Friday,True
3901,u_108,Central Cafeteria,2026-08-21T18:48:00,2026-08-21T19:23:00,35,Friday,True
3966,u_156,Gymnasium,2026-08-21T18:51:00,2026-08-21T19:29:00,38,Friday,True
3987,u_172,Central Cafeteria,2026-08-21T18:51:00,2026-08-21T19:32:00,41,Friday,True
3778,u_011,Gymnasium,2026-08-21T18:52:00,2026-08-21T20:21:00,89,Friday,True
3771,u_007,Gymnasium,2026-08-21T18:53:00,2026-08-21T19:39:00,46,Friday,True
3792,u_020,Central Cafeteria,2026-08-21T18:53:00,2026-08-21T19:21:00,28,Friday,True
4018,u_192,Food Court,2026-08-21T18:54:00,2026-08-21T19:45:00,51,Friday,True
3790,u_019,Science Library,2026-08-21T18:55:00,2026-08-21T21:53:00,178,Friday,True
3830,u_049,Science Library,2026-08-21T18:55:00,2026-08-21T20:46:00,111,Friday,True
3988,u_174,Indoor Sports Complex,2026-08-21T18:56:00,2026-08-21T20:33:00,97,Friday,True
3990,u_176,Gymnasium,2026-08-21T18:59:00,2026-08-21T20:01:00,62,Friday,True
3828,u_048,Science Library,2026-08-21T19:00:00,2026-08-21T21:06:00,126,Friday,True
3885,u_098,Science Library,2026-08-21T19:00:00,2026-08-21T20:11:00,71,Friday,True
3837,u_055,Food Court,2026-08-21T19:01:00,2026-08-21T19:38:00,37,Friday,True
3940,u_137,Central Cafeteria,2026-08-21T19:01:00,2026-08-21T20:00:00,59,Friday,True
4014,u_191,Food Court,2026-08-21T19:06:00,2026-08-21T20:04:00,58,Friday,True
4016,u_191,Main Library,2026-08-21T19:06:00,2026-08-21T20:16:00,70,Friday,True
3933,u_133,Central Cafeteria,2026-08-21T19:07:00,2026-08-21T20:08:00,61,Friday,True
3856,u_069,Main Library,2026-08-21T19:08:00,2026-08-21T21:04:00,116,Friday,True
3864,u_078,Food Court,2026-08-21T19:09:00,2026-08-21T19:32:00,23,Friday,True
3866,u_081,Main Library,2026-08-21T19:11:00,2026-08-21T20:54:00,103,Friday,True
3840,u_058,Gymnasium,2026-08-21T19:12:00,2026-08-21T20:14:00,62,Friday,True
3822,u_045,Main Library,2026-08-21T19:14:00,2026-08-21T21:26:00,132,Friday,True
3841,u_059,Food Court,2026-08-21T19:14:00,2026-08-21T20:08:00,54,Friday,True
3831,u_049,Main Library,2026-08-21T19:15:00,2026-08-21T21:25:00,130,Friday,True
3816,u_038,Food Court,2026-08-21T19:17:00,2026-08-21T20:30:00,73,Friday,True
3860,u_073,Central Cafeteria,2026-08-21T19:21:00,2026-08-21T20:32:00,71,Friday,True
3824,u_047,Computer Lab A,2026-08-21T19:24:00,2026-08-21T20:49:00,85,Friday,False
3814,u_038,Gymnasium,2026-08-21T19:25:00,2026-08-21T20:16:00,51,Friday,True
3767,u_005,Computer Lab B,2026-08-21T19:32:00,2026-08-21T20:31:00,59,Friday,False
3882,u_095,Indoor Sports Complex,2026-08-21T19:43:00,2026-08-21T20:47:00,64,Friday,True
3902,u_108,Gymnasium,2026-08-21T19:51:00,2026-08-21T20:36:00,45,Friday,True
4006,u_187,Science Library,2026-08-21T19:51:00,2026-08-21T21:30:00,99,Friday,True
3916,u_118,Science Library,2026-08-21T19:52:00,2026-08-21T21:00:00,68,Friday,True
4017,u_192,Main Library,2026-08-21T19:53:00,2026-08-21T22:10:00,137,Friday,True
4005,u_187,Indoor Sports Complex,2026-08-21T20:00:00,2026-08-21T21:00:00,60,Friday,True
4024,u_196,Gymnasium,2026-08-21T20:00:00,2026-08-21T20:47:00,47,Friday,True
3827,u_048,Gymnasium,2026-08-21T20:01:00,2026-08-21T20:38:00,37,Friday,True
3928,u_127,Main Library,2026-08-21T20:01:00,2026-08-21T22:04:00,123,Friday,True
3897,u_105,Main Library,2026-08-21T20:04:00,2026-08-21T21:21:00,77,Friday,True
3884,u_097,Main Library,2026-08-21T20:05:00,2026-08-21T21:55:00,110,Friday,True
3833,u_052,Gymnasium,2026-08-21T20:06:00,2026-08-21T21:17:00,71,Friday,True
3809,u_034,Main Library,2026-08-21T20:07:00,2026-08-21T23:06:00,179,Friday,True
3874,u_085,Main Library,2026-08-21T20:14:00,2026-08-21T23:11:00,177,Friday,True
3838,u_058,Computer Lab B,2026-08-21T20:15:00,2026-08-21T21:19:00,64,Friday,False
3875,u_087,Science Library,2026-08-21T20:30:00,2026-08-21T22:41:00,131,Friday,True
3794,u_022,Student Center,2026-08-21T20:40:00,2026-08-21T21:07:00,27,Friday,False
3892,u_103,Main Library,2026-08-21T20:53:00,2026-08-21T23:46:00,173,Friday,True
3975,u_164,Main Library,2026-08-21T20:57:00,2026-08-22T00:01:00,184,Friday,True
3923,u_124,Science Library,2026-08-21T21:00:00,2026-08-21T22:55:00,115,Friday,True
3823,u_046,Main Library,2026-08-21T21:01:00,2026-08-21T21:53:00,52,Friday,True
3909,u_114,Science Library,2026-08-21T21:03:00,2026-08-21T22:16:00,73,Friday,True
3960,u_152,Science Library,2026-08-21T21:03:00,2026-08-21T22:39:00,96,Friday,True
3776,u_009,Main Library,2026-08-21T21:05:00,2026-08-21T22:21:00,76,Friday,True
4009,u_188,Main Library,2026-08-21T21:25:00,2026-08-22T00:25:00,180,Friday,True
4228,u_139,Gymnasium,2026-08-22T05:52:00,2026-08-22T07:40:00,108,Saturday,True
4251,u_150,Indoor Sports Complex,2026-08-22T05:54:00,2026-08-22T06:48:00,54,Saturday,True
4262,u_155,Indoor Sports Complex,2026-08-22T05:55:00,2026-08-22T06:59:00,64,Saturday,True
4070,u_032,Gymnasium,2026-08-22T06:00:00,2026-08-22T07:33:00,93,Saturday,True
4164,u_096,Gymnasium,2026-08-22T06:02:00,2026-08-22T07:43:00,101,Saturday,True
4031,u_001,Gymnasium,2026-08-22T06:03:00,2026-08-22T06:59:00,56,Saturday,True
4063,u_029,Gymnasium,2026-08-22T06:05:00,2026-08-22T06:55:00,50,Saturday,True
4283,u_171,Indoor Sports Complex,2026-08-22T06:47:00,2026-08-22T07:40:00,53,Saturday,True
4113,u_062,Indoor Sports Complex,2026-08-22T06:52:00,2026-08-22T08:28:00,96,Saturday,True
4127,u_071,Indoor Sports Complex,2026-08-22T06:53:00,2026-08-22T07:53:00,60,Saturday,True
4172,u_104,Indoor Sports Complex,2026-08-22T06:57:00,2026-08-22T07:40:00,43,Saturday,True
4241,u_147,Indoor Sports Complex,2026-08-22T06:57:00,2026-08-22T07:53:00,56,Saturday,True
4097,u_050,Gymnasium,2026-08-22T07:04:00,2026-08-22T08:00:00,56,Saturday,True
4140,u_080,Gymnasium,2026-08-22T07:04:00,2026-08-22T07:54:00,50,Saturday,True
4255,u_152,Indoor Sports Complex,2026-08-22T07:06:00,2026-08-22T08:27:00,81,Saturday,True
4092,u_045,Indoor Sports Complex,2026-08-22T07:09:00,2026-08-22T08:09:00,60,Saturday,True
4319,u_193,Indoor Sports Complex,2026-08-22T07:09:00,2026-08-22T08:12:00,63,Saturday,True
4064,u_029,Indoor Sports Complex,2026-08-22T07:43:00,2026-08-22T09:25:00,102,Saturday,True
4098,u_050,Indoor Sports Complex,2026-08-22T07:50:00,2026-08-22T08:40:00,50,Saturday,True
4190,u_119,Indoor Sports Complex,2026-08-22T07:53:00,2026-08-22T09:19:00,86,Saturday,True
4101,u_052,Indoor Sports Complex,2026-08-22T07:54:00,2026-08-22T08:52:00,58,Saturday,True
4091,u_045,Gymnasium,2026-08-22T07:58:00,2026-08-22T08:33:00,35,Saturday,True
4054,u_019,Gymnasium,2026-08-22T07:59:00,2026-08-22T09:04:00,65,Saturday,True
4039,u_006,Gymnasium,2026-08-22T08:00:00,2026-08-22T09:15:00,75,Saturday,True
4110,u_060,Gymnasium,2026-08-22T08:00:00,2026-08-22T08:35:00,35,Saturday,True
4269,u_161,Indoor Sports Complex,2026-08-22T08:03:00,2026-08-22T08:56:00,53,Saturday,True
4041,u_008,Gymnasium,2026-08-22T08:05:00,2026-08-22T09:14:00,69,Saturday,True
4048,u_014,Central Cafeteria,2026-08-22T08:06:00,2026-08-22T08:45:00,39,Saturday,True
4066,u_031,Indoor Sports Complex,2026-08-22T08:08:00,2026-08-22T09:29:00,81,Saturday,True
4303,u_184,Gymnasium,2026-08-22T08:09:00,2026-08-22T09:59:00,110,Saturday,True
4209,u_125,Gymnasium,2026-08-22T08:10:00,2026-08-22T09:49:00,99,Saturday,True
4051,u_017,Gymnasium,2026-08-22T08:14:00,2026-08-22T09:23:00,69,Saturday,True
4177,u_111,Gymnasium,2026-08-22T08:16:00,2026-08-22T09:16:00,60,Saturday,True
4312,u_190,Indoor Sports Complex,2026-08-22T08:19:00,2026-08-22T08:59:00,40,Saturday,True
4141,u_080,Central Cafeteria,2026-08-22T08:23:00,2026-08-22T08:43:00,20,Saturday,True
4057,u_021,Food Court,2026-08-22T08:30:00,2026-08-22T09:48:00,78,Saturday,True
4143,u_081,Central Cafeteria,2026-08-22T08:30:00,2026-08-22T09:43:00,73,Saturday,True
4197,u_123,Gymnasium,2026-08-22T08:30:00,2026-08-22T09:24:00,54,Saturday,True
4034,u_003,Food Court,2026-08-22T08:33:00,2026-08-22T09:17:00,44,Saturday,True
4214,u_127,Food Court,2026-08-22T08:34:00,2026-08-22T09:05:00,31,Saturday,True
4263,u_156,Central Cafeteria,2026-08-22T08:34:00,2026-08-22T09:02:00,28,Saturday,True
4074,u_036,Central Cafeteria,2026-08-22T08:37:00,2026-08-22T09:25:00,48,Saturday,True
4201,u_123,Central Cafeteria,2026-08-22T08:37:00,2026-08-22T09:16:00,39,Saturday,True
4121,u_067,Central Cafeteria,2026-08-22T08:39:00,2026-08-22T09:40:00,61,Saturday,True
4299,u_182,Central Cafeteria,2026-08-22T08:41:00,2026-08-22T09:42:00,61,Saturday,True
4131,u_074,Computer Lab B,2026-08-22T08:54:00,2026-08-22T10:40:00,106,Saturday,True
4207,u_125,Computer Lab B,2026-08-22T08:58:00,2026-08-22T09:59:00,61,Saturday,True
4175,u_106,Computer Lab A,2026-08-22T09:00:00,2026-08-22T10:01:00,61,Saturday,True
4225,u_135,Computer Lab A,2026-08-22T09:00:00,2026-08-22T10:05:00,65,Saturday,True
4125,u_070,Student Center,2026-08-22T09:01:00,2026-08-22T09:59:00,58,Saturday,True
4149,u_084,Computer Lab B,2026-08-22T09:01:00,2026-08-22T10:36:00,95,Saturday,True
4298,u_182,Student Center,2026-08-22T09:06:00,2026-08-22T10:27:00,81,Saturday,True
4147,u_084,Computer Lab A,2026-08-22T09:08:00,2026-08-22T09:59:00,51,Saturday,True
4046,u_011,Computer Lab B,2026-08-22T09:12:00,2026-08-22T09:29:00,17,Saturday,False
4082,u_041,Computer Lab B,2026-08-22T09:12:00,2026-08-22T10:13:00,61,Saturday,True
4192,u_120,Computer Lab A,2026-08-22T09:16:00,2026-08-22T09:54:00,38,Saturday,True
4168,u_101,Computer Lab A,2026-08-22T09:23:00,2026-08-22T10:07:00,44,Saturday,True
4256,u_153,Student Center,2026-08-22T09:43:00,2026-08-22T10:57:00,74,Saturday,True
4037,u_005,Computer Lab A,2026-08-22T09:46:00,2026-08-22T10:53:00,67,Saturday,True
4059,u_021,Student Center,2026-08-22T09:51:00,2026-08-22T10:54:00,63,Saturday,True
4182,u_113,Computer Lab B,2026-08-22T09:58:00,2026-08-22T10:55:00,57,Saturday,True
4093,u_046,Computer Lab B,2026-08-22T10:01:00,2026-08-22T11:45:00,104,Saturday,True
4119,u_066,Computer Lab B,2026-08-22T10:02:00,2026-08-22T11:46:00,104,Saturday,True
4086,u_043,Computer Lab B,2026-08-22T10:06:00,2026-08-22T10:48:00,42,Saturday,True
4272,u_163,Computer Lab B,2026-08-22T10:06:00,2026-08-22T11:46:00,100,Saturday,True
4137,u_078,Computer Lab B,2026-08-22T10:10:00,2026-08-22T11:07:00,57,Saturday,True
4229,u_140,Central Cafeteria,2026-08-22T10:21:00,2026-08-22T11:47:00,86,Saturday,False
4133,u_076,Student Center,2026-08-22T10:26:00,2026-08-22T11:13:00,47,Saturday,True
4187,u_117,Computer Lab A,2026-08-22T10:40:00,2026-08-22T11:36:00,56,Saturday,True
4033,u_002,Student Center,2026-08-22T10:48:00,2026-08-22T11:56:00,68,Saturday,True
4049,u_016,Computer Lab B,2026-08-22T10:51:00,2026-08-22T11:33:00,42,Saturday,True
4047,u_012,Student Center,2026-08-22T10:52:00,2026-08-22T11:53:00,61,Saturday,True
4273,u_164,Student Center,2026-08-22T10:52:00,2026-08-22T12:23:00,91,Saturday,True
4038,u_006,Computer Lab B,2026-08-22T10:53:00,2026-08-22T11:43:00,50,Saturday,True
4258,u_154,Computer Lab A,2026-08-22T10:54:00,2026-08-22T12:01:00,67,Saturday,True
4181,u_113,Student Center,2026-08-22T10:57:00,2026-08-22T11:57:00,60,Saturday,True
4261,u_155,Computer Lab A,2026-08-22T10:57:00,2026-08-22T12:46:00,109,Saturday,True
4223,u_134,Student Center,2026-08-22T10:58:00,2026-08-22T11:49:00,51,Saturday,True
4195,u_122,Student Center,2026-08-22T11:01:00,2026-08-22T12:09:00,68,Saturday,True
4065,u_029,Computer Lab A,2026-08-22T11:04:00,2026-08-22T12:04:00,60,Saturday,True
4265,u_157,Computer Lab B,2026-08-22T11:06:00,2026-08-22T12:50:00,104,Saturday,True
4301,u_183,Computer Lab B,2026-08-22T11:10:00,2026-08-22T12:40:00,90,Saturday,True
4295,u_180,Student Center,2026-08-22T11:11:00,2026-08-22T12:08:00,57,Saturday,True
4320,u_196,Computer Lab A,2026-08-22T11:11:00,2026-08-22T12:02:00,51,Saturday,True
4076,u_038,Computer Lab A,2026-08-22T11:15:00,2026-08-22T11:59:00,44,Saturday,True
4291,u_177,Computer Lab B,2026-08-22T11:18:00,2026-08-22T11:54:00,36,Saturday,True
4078,u_040,Science Library,2026-08-22T11:37:00,2026-08-22T12:22:00,45,Saturday,False
4315,u_190,Computer Lab B,2026-08-22T11:51:00,2026-08-22T13:15:00,84,Saturday,True
4205,u_124,Computer Lab B,2026-08-22T11:55:00,2026-08-22T12:32:00,37,Saturday,True
4204,u_124,Student Center,2026-08-22T11:58:00,2026-08-22T13:00:00,62,Saturday,True
4050,u_017,Student Center,2026-08-22T11:59:00,2026-08-22T13:31:00,92,Saturday,True
4221,u_134,Computer Lab A,2026-08-22T12:03:00,2026-08-22T12:54:00,51,Saturday,True
4247,u_149,Student Center,2026-08-22T12:03:00,2026-08-22T13:52:00,109,Saturday,True
4254,u_151,Central Cafeteria,2026-08-22T12:04:00,2026-08-22T12:49:00,45,Saturday,True
4278,u_168,Central Cafeteria,2026-08-22T12:08:00,2026-08-22T13:21:00,73,Saturday,True
4222,u_134,Food Court,2026-08-22T12:09:00,2026-08-22T13:06:00,57,Saturday,True
4123,u_070,Student Center,2026-08-22T12:14:00,2026-08-22T12:40:00,26,Saturday,False
4217,u_130,Student Center,2026-08-22T12:16:00,2026-08-22T13:32:00,76,Saturday,True
4191,u_120,Food Court,2026-08-22T12:17:00,2026-08-22T12:53:00,36,Saturday,True
4068,u_032,Central Cafeteria,2026-08-22T12:18:00,2026-08-22T13:22:00,64,Saturday,True
4324,u_197,Central Cafeteria,2026-08-22T12:21:00,2026-08-22T13:22:00,61,Saturday,True
4052,u_017,Food Court,2026-08-22T12:25:00,2026-08-22T13:03:00,38,Saturday,True
4257,u_153,Food Court,2026-08-22T12:25:00,2026-08-22T12:54:00,29,Saturday,True
4169,u_101,Central Cafeteria,2026-08-22T12:26:00,2026-08-22T13:26:00,60,Saturday,True
4234,u_142,Central Cafeteria,2026-08-22T12:26:00,2026-08-22T13:21:00,55,Saturday,True
4313,u_190,Central Cafeteria,2026-08-22T12:30:00,2026-08-22T12:56:00,26,Saturday,True
4252,u_151,Food Court,2026-08-22T12:31:00,2026-08-22T12:59:00,28,Saturday,True
4154,u_090,Central Cafeteria,2026-08-22T12:34:00,2026-08-22T13:06:00,32,Saturday,True
4160,u_093,Food Court,2026-08-22T12:34:00,2026-08-22T13:44:00,70,Saturday,True
4109,u_060,Food Court,2026-08-22T12:35:00,2026-08-22T13:01:00,26,Saturday,True
4308,u_187,Central Cafeteria,2026-08-22T12:35:00,2026-08-22T13:34:00,59,Saturday,True
4035,u_004,Food Court,2026-08-22T12:37:00,2026-08-22T13:05:00,28,Saturday,True
4062,u_026,Food Court,2026-08-22T12:37:00,2026-08-22T13:12:00,35,Saturday,True
4188,u_117,Central Cafeteria,2026-08-22T12:37:00,2026-08-22T13:31:00,54,Saturday,True
4118,u_065,Central Cafeteria,2026-08-22T12:41:00,2026-08-22T13:39:00,58,Saturday,True
4271,u_162,Central Cafeteria,2026-08-22T12:42:00,2026-08-22T13:43:00,61,Saturday,True
4296,u_181,Food Court,2026-08-22T12:42:00,2026-08-22T14:03:00,81,Saturday,False
4290,u_177,Food Court,2026-08-22T12:48:00,2026-08-22T13:32:00,44,Saturday,True
4045,u_010,Student Center,2026-08-22T12:56:00,2026-08-22T14:34:00,98,Saturday,True
4325,u_198,Computer Lab A,2026-08-22T12:57:00,2026-08-22T14:12:00,75,Saturday,True
4176,u_109,Computer Lab B,2026-08-22T12:59:00,2026-08-22T13:40:00,41,Saturday,True
4138,u_079,Computer Lab A,2026-08-22T13:00:00,2026-08-22T13:59:00,59,Saturday,True
4145,u_081,Computer Lab A,2026-08-22T13:00:00,2026-08-22T14:40:00,100,Saturday,True
4238,u_144,Computer Lab B,2026-08-22T13:00:00,2026-08-22T14:16:00,76,Saturday,True
4260,u_155,Computer Lab A,2026-08-22T13:00:00,2026-08-22T14:45:00,105,Saturday,False
4130,u_073,Student Center,2026-08-22T13:01:00,2026-08-22T14:05:00,64,Saturday,True
4240,u_146,Computer Lab A,2026-08-22T13:04:00,2026-08-22T14:01:00,57,Saturday,True
4288,u_175,Student Center,2026-08-22T13:04:00,2026-08-22T14:03:00,59,Saturday,True
4174,u_106,Computer Lab B,2026-08-22T13:05:00,2026-08-22T13:57:00,52,Saturday,True
4250,u_150,Student Center,2026-08-22T13:06:00,2026-08-22T13:51:00,45,Saturday,True
4286,u_173,Student Center,2026-08-22T13:06:00,2026-08-22T14:27:00,81,Saturday,True
4267,u_160,Student Center,2026-08-22T13:08:00,2026-08-22T14:54:00,106,Saturday,True
4088,u_044,WiFi Zone South,2026-08-22T13:10:00,2026-08-22T13:42:00,32,Saturday,False
4253,u_151,Computer Lab B,2026-08-22T13:15:00,2026-08-22T14:12:00,57,Saturday,True
4304,u_185,Student Center,2026-08-22T13:35:00,2026-08-22T14:43:00,68,Saturday,False
4218,u_131,Student Center,2026-08-22T13:44:00,2026-08-22T14:55:00,71,Saturday,True
4233,u_141,Computer Lab A,2026-08-22T13:51:00,2026-08-22T14:30:00,39,Saturday,True
4090,u_044,Student Center,2026-08-22T13:55:00,2026-08-22T14:59:00,64,Saturday,True
4199,u_123,Student Center,2026-08-22T13:55:00,2026-08-22T15:45:00,110,Saturday,True
4081,u_040,Computer Lab A,2026-08-22T13:59:00,2026-08-22T15:40:00,101,Saturday,True
4032,u_001,Student Center,2026-08-22T14:00:00,2026-08-22T15:41:00,101,Saturday,True
4094,u_047,Student Center,2026-08-22T14:00:00,2026-08-22T14:50:00,50,Saturday,False
4116,u_065,Student Center,2026-08-22T14:00:00,2026-08-22T14:48:00,48,Saturday,True
4159,u_093,Computer Lab B,2026-08-22T14:02:00,2026-08-22T15:17:00,75,Saturday,True
4329,u_199,Computer Lab A,2026-08-22T14:02:00,2026-08-22T15:23:00,81,Saturday,True
4309,u_187,Computer Lab B,2026-08-22T14:08:00,2026-08-22T15:19:00,71,Saturday,True
4122,u_067,Student Center,2026-08-22T14:12:00,2026-08-22T15:08:00,56,Saturday,True
4185,u_116,Student Center,2026-08-22T14:12:00,2026-08-22T15:31:00,79,Saturday,True
4115,u_064,Student Center,2026-08-22T14:18:00,2026-08-22T15:22:00,64,Saturday,True
4083,u_041,Computer Lab A,2026-08-22T14:47:00,2026-08-22T16:04:00,77,Saturday,True
4107,u_058,Computer Lab B,2026-08-22T14:48:00,2026-08-22T15:36:00,48,Saturday,True
4153,u_087,Student Center,2026-08-22T14:48:00,2026-08-22T15:30:00,42,Saturday,True
4108,u_060,Main Library,2026-08-22T14:51:00,2026-08-22T16:38:00,107,Saturday,False
4163,u_095,Computer Lab B,2026-08-22T14:51:00,2026-08-22T15:50:00,59,Saturday,True
4244,u_148,Student Center,2026-08-22T14:51:00,2026-08-22T15:55:00,64,Saturday,False
4327,u_199,Student Center,2026-08-22T14:59:00,2026-08-22T15:43:00,44,Saturday,True
4266,u_159,Student Center,2026-08-22T15:00:00,2026-08-22T15:50:00,50,Saturday,True
4061,u_024,Computer Lab A,2026-08-22T15:08:00,2026-08-22T16:12:00,64,Saturday,True
4246,u_148,Computer Lab A,2026-08-22T15:11:00,2026-08-22T16:10:00,59,Saturday,True
4285,u_172,Computer Lab B,2026-08-22T15:17:00,2026-08-22T15:58:00,41,Saturday,True
4178,u_112,Student Center,2026-08-22T15:30:00,2026-08-22T16:28:00,58,Saturday,True
4243,u_147,Student Center,2026-08-22T15:47:00,2026-08-22T17:25:00,98,Saturday,True
4075,u_038,Science Library,2026-08-22T15:48:00,2026-08-22T18:55:00,187,Saturday,True
4155,u_091,Computer Lab B,2026-08-22T15:48:00,2026-08-22T16:47:00,59,Saturday,True
4104,u_056,Student Center,2026-08-22T15:49:00,2026-08-22T17:34:00,105,Saturday,True
4124,u_070,Main Library,2026-08-22T15:51:00,2026-08-22T16:42:00,51,Saturday,True
4096,u_049,Computer Lab A,2026-08-22T15:53:00,2026-08-22T16:43:00,50,Saturday,True
4044,u_010,Science Library,2026-08-22T15:55:00,2026-08-22T18:04:00,129,Saturday,True
4120,u_066,Main Library,2026-08-22T15:55:00,2026-08-22T17:15:00,80,Saturday,True
4210,u_126,Main Library,2026-08-22T15:55:00,2026-08-22T17:38:00,103,Saturday,False
4264,u_156,Computer Lab B,2026-08-22T15:56:00,2026-08-22T17:24:00,88,Saturday,True
4135,u_077,Science Library,2026-08-22T15:57:00,2026-08-22T17:03:00,66,Saturday,True
4213,u_126,Computer Lab B,2026-08-22T15:57:00,2026-08-22T17:00:00,63,Saturday,True
4328,u_199,Science Library,2026-08-22T15:58:00,2026-08-22T16:57:00,59,Saturday,True
4150,u_085,Student Center,2026-08-22T15:59:00,2026-08-22T17:08:00,69,Saturday,True
4196,u_122,Main Library,2026-08-22T16:00:00,2026-08-22T18:02:00,122,Saturday,True
4237,u_144,Student Center,2026-08-22T16:00:00,2026-08-22T17:03:00,63,Saturday,True
4170,u_102,Science Library,2026-08-22T16:02:00,2026-08-22T18:16:00,134,Saturday,True
4126,u_071,Computer Lab A,2026-08-22T16:04:00,2026-08-22T17:02:00,58,Saturday,True
4148,u_084,Science Library,2026-08-22T16:04:00,2026-08-22T17:02:00,58,Saturday,True
4242,u_147,Main Library,2026-08-22T16:07:00,2026-08-22T18:03:00,116,Saturday,True
4198,u_123,Computer Lab B,2026-08-22T16:08:00,2026-08-22T17:18:00,70,Saturday,True
4114,u_063,Student Center,2026-08-22T16:10:00,2026-08-22T17:54:00,104,Saturday,True
4206,u_125,Science Library,2026-08-22T16:10:00,2026-08-22T17:14:00,64,Saturday,True
4151,u_085,Science Library,2026-08-22T16:11:00,2026-08-22T17:48:00,97,Saturday,True
4322,u_196,Science Library,2026-08-22T16:11:00,2026-08-22T18:12:00,121,Saturday,True
4276,u_167,Student Center,2026-08-22T16:12:00,2026-08-22T16:52:00,40,Saturday,True
4077,u_039,Main Library,2026-08-22T16:13:00,2026-08-22T18:03:00,110,Saturday,True
4305,u_186,Main Library,2026-08-22T16:32:00,2026-08-22T17:45:00,73,Saturday,False
4270,u_162,Indoor Sports Complex,2026-08-22T16:48:00,2026-08-22T17:38:00,50,Saturday,True
4166,u_099,Main Library,2026-08-22T16:49:00,2026-08-22T17:57:00,68,Saturday,True
4249,u_150,Science Library,2026-08-22T16:54:00,2026-08-22T18:25:00,91,Saturday,True
4100,u_051,Science Library,2026-08-22T16:55:00,2026-08-22T19:46:00,171,Saturday,True
4146,u_082,Gymnasium,2026-08-22T16:55:00,2026-08-22T18:23:00,88,Saturday,True
4230,u_140,Gymnasium,2026-08-22T16:57:00,2026-08-22T18:13:00,76,Saturday,True
4231,u_140,Science Library,2026-08-22T16:58:00,2026-08-22T18:56:00,118,Saturday,True
4089,u_044,Indoor Sports Complex,2026-08-22T16:59:00,2026-08-22T18:17:00,78,Saturday,True
4245,u_148,Indoor Sports Complex,2026-08-22T16:59:00,2026-08-22T18:25:00,86,Saturday,True
4156,u_092,Indoor Sports Complex,2026-08-22T17:00:00,2026-08-22T18:25:00,85,Saturday,True
4224,u_135,Main Library,2026-08-22T17:01:00,2026-08-22T18:29:00,88,Saturday,True
4275,u_164,Indoor Sports Complex,2026-08-22T17:03:00,2026-08-22T18:45:00,102,Saturday,True
4232,u_141,Main Library,2026-08-22T17:05:00,2026-08-22T19:59:00,174,Saturday,True
4184,u_115,Main Library,2026-08-22T17:13:00,2026-08-22T20:30:00,197,Saturday,True
4106,u_058,Science Library,2026-08-22T17:21:00,2026-08-22T18:14:00,53,Saturday,True
4058,u_021,Main Library,2026-08-22T17:43:00,2026-08-22T18:50:00,67,Saturday,True
4167,u_100,Science Library,2026-08-22T17:43:00,2026-08-22T19:16:00,93,Saturday,True
4211,u_126,Indoor Sports Complex,2026-08-22T17:48:00,2026-08-22T18:34:00,46,Saturday,True
4215,u_128,Main Library,2026-08-22T17:49:00,2026-08-22T18:07:00,18,Saturday,False
4200,u_123,Main Library,2026-08-22T17:50:00,2026-08-22T19:14:00,84,Saturday,True
4194,u_121,Science Library,2026-08-22T17:54:00,2026-08-22T19:37:00,103,Saturday,True
4239,u_145,Science Library,2026-08-22T17:54:00,2026-08-22T19:49:00,115,Saturday,True
4072,u_034,Indoor Sports Complex,2026-08-22T17:56:00,2026-08-22T19:17:00,81,Saturday,True
4069,u_032,Indoor Sports Complex,2026-08-22T18:00:00,2026-08-22T18:59:00,59,Saturday,True
4080,u_040,Indoor Sports Complex,2026-08-22T18:00:00,2026-08-22T19:01:00,61,Saturday,True
4085,u_042,Science Library,2026-08-22T18:00:00,2026-08-22T19:36:00,96,Saturday,True
4302,u_184,WiFi Zone South,2026-08-22T18:00:00,2026-08-22T18:15:00,15,Saturday,False
4036,u_004,Gymnasium,2026-08-22T18:01:00,2026-08-22T19:30:00,89,Saturday,True
4235,u_144,Indoor Sports Complex,2026-08-22T18:01:00,2026-08-22T18:36:00,35,Saturday,True
4079,u_040,Gymnasium,2026-08-22T18:05:00,2026-08-22T19:18:00,73,Saturday,True
4220,u_133,Indoor Sports Complex,2026-08-22T18:05:00,2026-08-22T18:53:00,48,Saturday,True
4282,u_170,Main Library,2026-08-22T18:06:00,2026-08-22T19:04:00,58,Saturday,True
4067,u_031,Science Library,2026-08-22T18:10:00,2026-08-22T21:07:00,177,Saturday,True
4277,u_167,Main Library,2026-08-22T18:11:00,2026-08-22T20:02:00,111,Saturday,True
4128,u_072,Indoor Sports Complex,2026-08-22T18:13:00,2026-08-22T19:03:00,50,Saturday,True
4208,u_125,Indoor Sports Complex,2026-08-22T18:13:00,2026-08-22T19:15:00,62,Saturday,True
4219,u_131,Main Library,2026-08-22T18:35:00,2026-08-22T21:41:00,186,Saturday,True
4216,u_129,Science Library,2026-08-22T18:45:00,2026-08-22T19:54:00,69,Saturday,True
4103,u_055,Gymnasium,2026-08-22T18:46:00,2026-08-22T19:47:00,61,Saturday,True
4165,u_098,Science Library,2026-08-22T18:47:00,2026-08-22T20:02:00,75,Saturday,True
4179,u_112,Main Library,2026-08-22T18:47:00,2026-08-22T20:31:00,104,Saturday,True
4259,u_154,Food Court,2026-08-22T18:47:00,2026-08-22T20:00:00,73,Saturday,True
4071,u_034,Science Library,2026-08-22T18:49:00,2026-08-22T20:36:00,107,Saturday,True
4279,u_168,Food Court,2026-08-22T18:50:00,2026-08-22T20:09:00,79,Saturday,True
4292,u_177,Science Library,2026-08-22T18:53:00,2026-08-22T20:00:00,67,Saturday,True
4293,u_179,Food Court,2026-08-22T18:55:00,2026-08-22T20:00:00,65,Saturday,True
4111,u_061,Food Court,2026-08-22T18:56:00,2026-08-22T19:54:00,58,Saturday,True
4287,u_174,Indoor Sports Complex,2026-08-22T18:56:00,2026-08-22T20:19:00,83,Saturday,True
4129,u_073,Central Cafeteria,2026-08-22T18:57:00,2026-08-22T19:53:00,56,Saturday,True
4136,u_078,Food Court,2026-08-22T18:57:00,2026-08-22T19:35:00,38,Saturday,True
4144,u_081,Indoor Sports Complex,2026-08-22T18:57:00,2026-08-22T20:24:00,87,Saturday,True
4162,u_095,Science Library,2026-08-22T18:57:00,2026-08-22T20:32:00,95,Saturday,True
4040,u_007,Gymnasium,2026-08-22T18:58:00,2026-08-22T19:52:00,54,Saturday,True
4311,u_189,Gymnasium,2026-08-22T18:58:00,2026-08-22T20:46:00,108,Saturday,True
4132,u_075,Food Court,2026-08-22T19:00:00,2026-08-22T19:50:00,50,Saturday,True
4284,u_172,Central Cafeteria,2026-08-22T19:00:00,2026-08-22T19:55:00,55,Saturday,True
4289,u_176,Food Court,2026-08-22T19:00:00,2026-08-22T20:04:00,64,Saturday,True
4268,u_161,Food Court,2026-08-22T19:02:00,2026-08-22T20:08:00,66,Saturday,True
4280,u_169,Main Library,2026-08-22T19:02:00,2026-08-22T21:21:00,139,Saturday,True
4306,u_186,Main Library,2026-08-22T19:02:00,2026-08-22T20:21:00,79,Saturday,True
4316,u_191,Main Library,2026-08-22T19:02:00,2026-08-22T20:16:00,74,Saturday,True
4326,u_199,Gymnasium,2026-08-22T19:02:00,2026-08-22T20:25:00,83,Saturday,True
4180,u_112,Central Cafeteria,2026-08-22T19:03:00,2026-08-22T19:49:00,46,Saturday,True
4186,u_116,Food Court,2026-08-22T19:03:00,2026-08-22T19:46:00,43,Saturday,True
4203,u_124,Central Cafeteria,2026-08-22T19:03:00,2026-08-22T19:52:00,49,Saturday,True
4060,u_023,Central Cafeteria,2026-08-22T19:05:00,2026-08-22T20:01:00,56,Saturday,True
4226,u_137,Central Cafeteria,2026-08-22T19:05:00,2026-08-22T19:57:00,52,Saturday,True
4318,u_192,Food Court,2026-08-22T19:05:00,2026-08-22T20:07:00,62,Saturday,True
4314,u_190,Science Library,2026-08-22T19:06:00,2026-08-22T21:58:00,172,Saturday,True
4056,u_020,Central Cafeteria,2026-08-22T19:07:00,2026-08-22T19:34:00,27,Saturday,True
4073,u_036,Food Court,2026-08-22T19:07:00,2026-08-22T19:59:00,52,Saturday,True
4193,u_121,Indoor Sports Complex,2026-08-22T19:08:00,2026-08-22T20:12:00,64,Saturday,True
4248,u_150,Central Cafeteria,2026-08-22T19:08:00,2026-08-22T19:40:00,32,Saturday,True
4084,u_042,Food Court,2026-08-22T19:10:00,2026-08-22T19:46:00,36,Saturday,True
4117,u_065,Main Library,2026-08-22T19:11:00,2026-08-22T20:14:00,63,Saturday,True
4105,u_057,Gymnasium,2026-08-22T19:12:00,2026-08-22T20:04:00,52,Saturday,True
4300,u_183,Central Cafeteria,2026-08-22T19:12:00,2026-08-22T19:50:00,38,Saturday,True
4142,u_081,Main Library,2026-08-22T19:13:00,2026-08-22T20:48:00,95,Saturday,True
4102,u_054,Central Cafeteria,2026-08-22T19:14:00,2026-08-22T19:50:00,36,Saturday,True
4281,u_170,Central Cafeteria,2026-08-22T19:14:00,2026-08-22T20:32:00,78,Saturday,True
4297,u_181,Food Court,2026-08-22T19:16:00,2026-08-22T20:26:00,70,Saturday,True
4310,u_189,Science Library,2026-08-22T19:16:00,2026-08-22T20:36:00,80,Saturday,True
4055,u_019,Science Library,2026-08-22T19:20:00,2026-08-22T22:24:00,184,Saturday,True
4212,u_126,Science Library,2026-08-22T19:22:00,2026-08-22T22:41:00,199,Saturday,True
4112,u_062,Science Library,2026-08-22T19:49:00,2026-08-22T21:40:00,111,Saturday,True
4043,u_010,Computer Lab A,2026-08-22T19:50:00,2026-08-22T21:35:00,105,Saturday,False
4189,u_118,Science Library,2026-08-22T19:51:00,2026-08-22T20:49:00,58,Saturday,True
4158,u_092,Gymnasium,2026-08-22T19:54:00,2026-08-22T20:45:00,51,Saturday,True
4095,u_048,Gymnasium,2026-08-22T19:55:00,2026-08-22T20:45:00,50,Saturday,True
4227,u_138,Indoor Sports Complex,2026-08-22T19:55:00,2026-08-22T20:31:00,36,Saturday,True
4307,u_187,Science Library,2026-08-22T19:56:00,2026-08-22T21:16:00,80,Saturday,True
4152,u_086,Main Library,2026-08-22T19:59:00,2026-08-22T22:19:00,140,Saturday,True
4161,u_095,Indoor Sports Complex,2026-08-22T19:59:00,2026-08-22T20:36:00,37,Saturday,True
4321,u_196,Gymnasium,2026-08-22T20:02:00,2026-08-22T20:54:00,52,Saturday,True
4183,u_114,Main Library,2026-08-22T20:03:00,2026-08-22T22:05:00,122,Saturday,True
4317,u_192,Main Library,2026-08-22T20:06:00,2026-08-22T22:04:00,118,Saturday,True
4139,u_079,Main Library,2026-08-22T20:10:00,2026-08-22T21:01:00,51,Saturday,True
4294,u_179,Indoor Sports Complex,2026-08-22T20:16:00,2026-08-22T21:18:00,62,Saturday,True
4236,u_144,Main Library,2026-08-22T20:24:00,2026-08-22T22:08:00,104,Saturday,True
4323,u_197,Student Center,2026-08-22T20:26:00,2026-08-22T22:02:00,96,Saturday,False
4171,u_103,Main Library,2026-08-22T20:45:00,2026-08-22T23:40:00,175,Saturday,True
4134,u_077,Main Library,2026-08-22T20:49:00,2026-08-22T23:41:00,172,Saturday,True
4053,u_018,Science Library,2026-08-22T20:51:00,2026-08-22T23:45:00,174,Saturday,True
4173,u_105,Science Library,2026-08-22T20:53:00,2026-08-22T21:53:00,60,Saturday,True
4202,u_124,Science Library,2026-08-22T20:53:00,2026-08-22T23:03:00,130,Saturday,True
4042,u_009,Main Library,2026-08-22T20:55:00,2026-08-22T21:45:00,50,Saturday,True
4087,u_043,Main Library,2026-08-22T21:02:00,2026-08-22T22:54:00,112,Saturday,True
4274,u_164,Main Library,2026-08-22T21:02:00,2026-08-22T23:58:00,176,Saturday,True
4157,u_092,Main Library,2026-08-22T21:03:00,2026-08-22T22:23:00,80,Saturday,True
4099,u_051,Main Library,2026-08-22T21:10:00,2026-08-23T00:30:00,200,Saturday,True
4372,u_032,Gymnasium,2026-08-23T05:40:00,2026-08-23T07:22:00,102,Sunday,True
4611,u_186,Indoor Sports Complex,2026-08-23T05:43:00,2026-08-23T06:35:00,52,Sunday,True
4538,u_134,Gymnasium,2026-08-23T05:51:00,2026-08-23T06:50:00,59,Sunday,True
4543,u_136,Indoor Sports Complex,2026-08-23T05:51:00,2026-08-23T06:47:00,56,Sunday,True
4440,u_072,Gymnasium,2026-08-23T05:58:00,2026-08-23T07:40:00,102,Sunday,True
4549,u_139,Gymnasium,2026-08-23T05:59:00,2026-08-23T07:44:00,105,Sunday,True
4565,u_150,Indoor Sports Complex,2026-08-23T06:02:00,2026-08-23T06:54:00,52,Sunday,True
4497,u_112,Indoor Sports Complex,2026-08-23T06:04:00,2026-08-23T06:53:00,49,Sunday,True
4461,u_089,Indoor Sports Complex,2026-08-23T06:05:00,2026-08-23T07:52:00,107,Sunday,True
4420,u_063,Gymnasium,2026-08-23T06:06:00,2026-08-23T06:56:00,50,Sunday,True
4507,u_119,Gymnasium,2026-08-23T06:06:00,2026-08-23T06:41:00,35,Sunday,True
4530,u_130,Indoor Sports Complex,2026-08-23T06:09:00,2026-08-23T07:46:00,97,Sunday,True
4478,u_103,Gymnasium,2026-08-23T06:11:00,2026-08-23T06:53:00,42,Sunday,True
4619,u_193,Indoor Sports Complex,2026-08-23T06:50:00,2026-08-23T08:01:00,71,Sunday,True
4394,u_045,Indoor Sports Complex,2026-08-23T06:55:00,2026-08-23T07:53:00,58,Sunday,True
4419,u_062,Indoor Sports Complex,2026-08-23T06:55:00,2026-08-23T08:15:00,80,Sunday,True
4438,u_071,Indoor Sports Complex,2026-08-23T06:55:00,2026-08-23T07:43:00,48,Sunday,True
4621,u_194,Gymnasium,2026-08-23T06:59:00,2026-08-23T07:47:00,48,Sunday,True
4486,u_106,Indoor Sports Complex,2026-08-23T07:00:00,2026-08-23T08:11:00,71,Sunday,True
4429,u_065,Gymnasium,2026-08-23T07:03:00,2026-08-23T08:22:00,79,Sunday,True
4398,u_048,Indoor Sports Complex,2026-08-23T07:04:00,2026-08-23T08:08:00,64,Sunday,True
4418,u_061,Indoor Sports Complex,2026-08-23T07:08:00,2026-08-23T08:26:00,78,Sunday,True
4477,u_102,Gymnasium,2026-08-23T07:09:00,2026-08-23T08:26:00,77,Sunday,True
4632,u_200,Gymnasium,2026-08-23T07:10:00,2026-08-23T08:07:00,57,Sunday,True
4601,u_175,Gymnasium,2026-08-23T07:13:00,2026-08-23T07:58:00,45,Sunday,True
4393,u_045,Gymnasium,2026-08-23T07:42:00,2026-08-23T08:21:00,39,Sunday,True
4505,u_119,Indoor Sports Complex,2026-08-23T07:47:00,2026-08-23T09:37:00,110,Sunday,True
4333,u_004,Indoor Sports Complex,2026-08-23T07:51:00,2026-08-23T09:18:00,87,Sunday,True
4339,u_008,Gymnasium,2026-08-23T07:52:00,2026-08-23T08:42:00,50,Sunday,True
4455,u_083,Indoor Sports Complex,2026-08-23T07:55:00,2026-08-23T08:31:00,36,Sunday,True
4366,u_029,Indoor Sports Complex,2026-08-23T07:56:00,2026-08-23T09:46:00,110,Sunday,True
4512,u_123,Gymnasium,2026-08-23T07:56:00,2026-08-23T08:55:00,59,Sunday,True
4437,u_070,Indoor Sports Complex,2026-08-23T08:01:00,2026-08-23T09:35:00,94,Sunday,True
4441,u_073,Gymnasium,2026-08-23T08:01:00,2026-08-23T08:53:00,52,Sunday,True
4432,u_068,Indoor Sports Complex,2026-08-23T08:02:00,2026-08-23T09:38:00,96,Sunday,True
4416,u_060,Gymnasium,2026-08-23T08:03:00,2026-08-23T08:40:00,37,Sunday,True
4351,u_019,Gymnasium,2026-08-23T08:05:00,2026-08-23T08:45:00,40,Sunday,True
4547,u_138,Gymnasium,2026-08-23T08:07:00,2026-08-23T09:41:00,94,Sunday,True
4629,u_198,Indoor Sports Complex,2026-08-23T08:12:00,2026-08-23T09:02:00,50,Sunday,True
4379,u_036,Central Cafeteria,2026-08-23T08:15:00,2026-08-23T08:49:00,34,Sunday,True
4569,u_154,Central Cafeteria,2026-08-23T08:16:00,2026-08-23T09:23:00,67,Sunday,True
4591,u_170,Indoor Sports Complex,2026-08-23T08:16:00,2026-08-23T09:11:00,55,Sunday,True
4480,u_104,Food Court,2026-08-23T08:17:00,2026-08-23T09:04:00,47,Sunday,True
4434,u_069,Central Cafeteria,2026-08-23T08:18:00,2026-08-23T09:25:00,67,Sunday,True
4436,u_070,Central Cafeteria,2026-08-23T08:18:00,2026-08-23T09:20:00,62,Sunday,True
4369,u_031,Indoor Sports Complex,2026-08-23T08:21:00,2026-08-23T09:51:00,90,Sunday,True
4423,u_063,Central Cafeteria,2026-08-23T08:22:00,2026-08-23T08:59:00,37,Sunday,True
4554,u_145,Food Court,2026-08-23T08:22:00,2026-08-23T09:21:00,59,Sunday,True
4576,u_161,Indoor Sports Complex,2026-08-23T08:23:00,2026-08-23T09:13:00,50,Sunday,True
4449,u_080,Student Center,2026-08-23T08:28:00,2026-08-23T09:36:00,68,Sunday,False
4473,u_099,Food Court,2026-08-23T08:31:00,2026-08-23T09:30:00,59,Sunday,True
4411,u_056,Central Cafeteria,2026-08-23T08:34:00,2026-08-23T09:13:00,39,Sunday,True
4452,u_082,Food Court,2026-08-23T08:35:00,2026-08-23T09:25:00,50,Sunday,True
4542,u_135,Central Cafeteria,2026-08-23T08:39:00,2026-08-23T09:35:00,56,Sunday,True
4514,u_123,Central Cafeteria,2026-08-23T08:40:00,2026-08-23T09:12:00,32,Sunday,True
4472,u_098,Food Court,2026-08-23T08:41:00,2026-08-23T09:32:00,51,Sunday,True
4457,u_084,Food Court,2026-08-23T08:42:00,2026-08-23T09:30:00,48,Sunday,True
4529,u_130,Food Court,2026-08-23T08:42:00,2026-08-23T09:38:00,56,Sunday,True
4346,u_014,Central Cafeteria,2026-08-23T08:46:00,2026-08-23T09:06:00,20,Sunday,True
4608,u_183,Computer Lab A,2026-08-23T08:46:00,2026-08-23T10:25:00,99,Sunday,True
4518,u_125,Computer Lab B,2026-08-23T08:47:00,2026-08-23T09:55:00,68,Sunday,True
4450,u_081,Central Cafeteria,2026-08-23T08:49:00,2026-08-23T09:52:00,63,Sunday,True
4487,u_106,Computer Lab A,2026-08-23T08:50:00,2026-08-23T09:33:00,43,Sunday,True
4356,u_023,Computer Lab B,2026-08-23T08:54:00,2026-08-23T09:50:00,56,Sunday,True
4433,u_069,Computer Lab B,2026-08-23T09:03:00,2026-08-23T10:48:00,105,Sunday,False
4536,u_133,Computer Lab A,2026-08-23T09:04:00,2026-08-23T09:57:00,53,Sunday,True
4570,u_155,Computer Lab B,2026-08-23T09:07:00,2026-08-23T10:02:00,55,Sunday,True
4607,u_182,Student Center,2026-08-23T09:07:00,2026-08-23T10:57:00,110,Sunday,True
4456,u_084,Computer Lab A,2026-08-23T09:09:00,2026-08-23T09:53:00,44,Sunday,True
4458,u_086,Student Center,2026-08-23T09:09:00,2026-08-23T10:02:00,53,Sunday,True
4574,u_161,Computer Lab B,2026-08-23T09:09:00,2026-08-23T10:29:00,80,Sunday,True
4361,u_025,Main Library,2026-08-23T09:10:00,2026-08-23T10:20:00,70,Sunday,False
4520,u_126,Student Center,2026-08-23T09:37:00,2026-08-23T11:28:00,111,Sunday,False
4365,u_027,Computer Lab A,2026-08-23T09:53:00,2026-08-23T11:15:00,82,Sunday,True
4377,u_035,Student Center,2026-08-23T09:53:00,2026-08-23T10:46:00,53,Sunday,True
4354,u_021,Student Center,2026-08-23T09:56:00,2026-08-23T10:44:00,48,Sunday,True
4447,u_078,Computer Lab B,2026-08-23T10:00:00,2026-08-23T11:15:00,75,Sunday,True
4567,u_151,Computer Lab A,2026-08-23T10:01:00,2026-08-23T10:36:00,35,Sunday,True
4391,u_043,Computer Lab B,2026-08-23T10:15:00,2026-08-23T10:56:00,41,Sunday,True
4603,u_180,Science Library,2026-08-23T10:31:00,2026-08-23T11:21:00,50,Sunday,False
4541,u_135,Student Center,2026-08-23T10:37:00,2026-08-23T12:14:00,97,Sunday,True
4409,u_054,Student Center,2026-08-23T10:46:00,2026-08-23T11:25:00,39,Sunday,True
4606,u_181,Computer Lab B,2026-08-23T10:51:00,2026-08-23T11:53:00,62,Sunday,True
4609,u_183,Computer Lab B,2026-08-23T10:52:00,2026-08-23T12:20:00,88,Sunday,True
4367,u_029,Computer Lab A,2026-08-23T10:55:00,2026-08-23T11:34:00,39,Sunday,True
4535,u_133,Student Center,2026-08-23T11:02:00,2026-08-23T12:24:00,82,Sunday,True
4344,u_013,Student Center,2026-08-23T11:04:00,2026-08-23T11:41:00,37,Sunday,True
4348,u_016,Computer Lab B,2026-08-23T11:05:00,2026-08-23T11:41:00,36,Sunday,True
4571,u_155,Computer Lab A,2026-08-23T11:05:00,2026-08-23T12:30:00,85,Sunday,True
4389,u_042,Student Center,2026-08-23T11:08:00,2026-08-23T12:32:00,84,Sunday,True
4596,u_173,Computer Lab A,2026-08-23T11:11:00,2026-08-23T11:49:00,38,Sunday,True
4382,u_038,Computer Lab A,2026-08-23T11:18:00,2026-08-23T12:03:00,45,Sunday,True
4560,u_148,Student Center,2026-08-23T11:42:00,2026-08-23T13:20:00,98,Sunday,True
4537,u_134,Computer Lab A,2026-08-23T11:47:00,2026-08-23T12:42:00,55,Sunday,True
4453,u_082,Computer Lab B,2026-08-23T11:56:00,2026-08-23T12:47:00,51,Sunday,True
4516,u_124,Student Center,2026-08-23T11:56:00,2026-08-23T12:55:00,59,Sunday,True
4580,u_166,Indoor Sports Complex,2026-08-23T11:59:00,2026-08-23T13:20:00,81,Sunday,False
4503,u_117,Student Center,2026-08-23T12:02:00,2026-08-23T13:33:00,91,Sunday,True
4359,u_023,Computer Lab A,2026-08-23T12:04:00,2026-08-23T12:57:00,53,Sunday,True
4562,u_149,Student Center,2026-08-23T12:08:00,2026-08-23T13:39:00,91,Sunday,True
4627,u_197,Computer Lab B,2026-08-23T12:09:00,2026-08-23T13:07:00,58,Sunday,True
4581,u_166,Student Center,2026-08-23T12:11:00,2026-08-23T13:24:00,73,Sunday,True
4628,u_197,Central Cafeteria,2026-08-23T12:23:00,2026-08-23T13:42:00,79,Sunday,True
4335,u_004,Food Court,2026-08-23T12:26:00,2026-08-23T12:58:00,32,Sunday,True
4406,u_053,Central Cafeteria,2026-08-23T12:27:00,2026-08-23T13:29:00,62,Sunday,True
4572,u_158,Central Cafeteria,2026-08-23T12:28:00,2026-08-23T12:51:00,23,Sunday,True
4482,u_105,Food Court,2026-08-23T12:29:00,2026-08-23T13:05:00,36,Sunday,True
4587,u_169,Central Cafeteria,2026-08-23T12:33:00,2026-08-23T13:49:00,76,Sunday,True
4415,u_060,Food Court,2026-08-23T12:34:00,2026-08-23T13:02:00,28,Sunday,True
4491,u_109,Computer Lab B,2026-08-23T12:36:00,2026-08-23T13:31:00,55,Sunday,True
4502,u_117,Central Cafeteria,2026-08-23T12:36:00,2026-08-23T13:47:00,71,Sunday,True
4568,u_153,Food Court,2026-08-23T12:36:00,2026-08-23T12:57:00,21,Sunday,True
4594,u_171,Food Court,2026-08-23T12:39:00,2026-08-23T13:25:00,46,Sunday,True
4610,u_185,Food Court,2026-08-23T12:39:00,2026-08-23T13:42:00,63,Sunday,True
4363,u_025,Food Court,2026-08-23T12:40:00,2026-08-23T13:47:00,67,Sunday,True
4343,u_011,Food Court,2026-08-23T12:41:00,2026-08-23T13:21:00,40,Sunday,True
4396,u_047,Central Cafeteria,2026-08-23T12:41:00,2026-08-23T13:59:00,78,Sunday,True
4599,u_175,Student Center,2026-08-23T12:41:00,2026-08-23T13:25:00,44,Sunday,True
4604,u_180,Food Court,2026-08-23T12:43:00,2026-08-23T14:03:00,80,Sunday,True
4506,u_119,Central Cafeteria,2026-08-23T12:44:00,2026-08-23T13:51:00,67,Sunday,True
4483,u_105,Central Cafeteria,2026-08-23T12:46:00,2026-08-23T13:17:00,31,Sunday,True
4485,u_106,Student Center,2026-08-23T12:46:00,2026-08-23T14:28:00,102,Sunday,True
4573,u_160,Computer Lab A,2026-08-23T12:51:00,2026-08-23T14:10:00,79,Sunday,True
4439,u_072,Computer Lab B,2026-08-23T12:52:00,2026-08-23T14:40:00,108,Sunday,True
4623,u_194,Student Center,2026-08-23T12:54:00,2026-08-23T13:50:00,56,Sunday,True
4451,u_081,Computer Lab A,2026-08-23T12:55:00,2026-08-23T14:29:00,94,Sunday,True
4566,u_151,Computer Lab B,2026-08-23T13:00:00,2026-08-23T13:52:00,52,Sunday,True
4499,u_114,Computer Lab A,2026-08-23T13:02:00,2026-08-23T13:45:00,43,Sunday,True
4460,u_088,Student Center,2026-08-23T13:04:00,2026-08-23T14:54:00,110,Sunday,True
4492,u_109,Computer Lab A,2026-08-23T13:08:00,2026-08-23T14:23:00,75,Sunday,True
4448,u_079,Computer Lab A,2026-08-23T13:14:00,2026-08-23T13:50:00,36,Sunday,True
4577,u_162,Student Center,2026-08-23T13:17:00,2026-08-23T14:39:00,82,Sunday,True
4586,u_168,Gymnasium,2026-08-23T13:43:00,2026-08-23T14:29:00,46,Sunday,False
4444,u_076,Computer Lab A,2026-08-23T13:45:00,2026-08-23T14:21:00,36,Sunday,True
4347,u_016,Computer Lab A,2026-08-23T13:47:00,2026-08-23T14:50:00,63,Sunday,True
4338,u_007,WiFi Zone South,2026-08-23T13:50:00,2026-08-23T14:05:00,15,Sunday,False
4345,u_013,Computer Lab B,2026-08-23T13:51:00,2026-08-23T15:07:00,76,Sunday,True
4631,u_200,Computer Lab B,2026-08-23T13:52:00,2026-08-23T14:46:00,54,Sunday,True
4445,u_077,Central Cafeteria,2026-08-23T13:54:00,2026-08-23T14:44:00,50,Sunday,False
4425,u_064,Student Center,2026-08-23T13:55:00,2026-08-23T14:45:00,50,Sunday,True
4616,u_191,Computer Lab B,2026-08-23T13:55:00,2026-08-23T14:48:00,53,Sunday,True
4417,u_061,Computer Lab A,2026-08-23T13:56:00,2026-08-23T14:58:00,62,Sunday,True
4533,u_131,Student Center,2026-08-23T13:57:00,2026-08-23T14:57:00,60,Sunday,True
4468,u_097,Student Center,2026-08-23T14:00:00,2026-08-23T14:51:00,51,Sunday,True
4352,u_019,Computer Lab B,2026-08-23T14:02:00,2026-08-23T14:41:00,39,Sunday,True
4525,u_128,Computer Lab A,2026-08-23T14:05:00,2026-08-23T15:11:00,66,Sunday,True
4513,u_123,Student Center,2026-08-23T14:07:00,2026-08-23T15:46:00,99,Sunday,True
4378,u_036,Student Center,2026-08-23T14:08:00,2026-08-23T15:00:00,52,Sunday,True
4384,u_039,Student Center,2026-08-23T14:08:00,2026-08-23T15:36:00,88,Sunday,True
4431,u_067,Student Center,2026-08-23T14:08:00,2026-08-23T14:43:00,35,Sunday,True
4624,u_194,Computer Lab B,2026-08-23T14:44:00,2026-08-23T15:53:00,69,Sunday,True
4467,u_095,Computer Lab A,2026-08-23T14:51:00,2026-08-23T16:13:00,82,Sunday,True
4350,u_018,Computer Lab A,2026-08-23T14:53:00,2026-08-23T15:46:00,53,Sunday,True
4531,u_131,Computer Lab B,2026-08-23T14:53:00,2026-08-23T15:45:00,52,Sunday,True
4387,u_041,Computer Lab A,2026-08-23T14:55:00,2026-08-23T16:03:00,68,Sunday,True
4595,u_172,Computer Lab B,2026-08-23T14:57:00,2026-08-23T15:48:00,51,Sunday,True
4330,u_001,Computer Lab B,2026-08-23T14:58:00,2026-08-23T16:35:00,97,Sunday,True
4466,u_095,Computer Lab B,2026-08-23T14:59:00,2026-08-23T15:51:00,52,Sunday,True
4625,u_195,Student Center,2026-08-23T15:00:00,2026-08-23T16:41:00,101,Sunday,True
4341,u_008,Computer Lab A,2026-08-23T15:02:00,2026-08-23T15:51:00,49,Sunday,True
4397,u_047,Computer Lab A,2026-08-23T15:02:00,2026-08-23T15:58:00,56,Sunday,True
4424,u_063,Computer Lab A,2026-08-23T15:03:00,2026-08-23T16:26:00,83,Sunday,True
4435,u_070,Computer Lab A,2026-08-23T15:06:00,2026-08-23T16:17:00,71,Sunday,True
4495,u_112,Student Center,2026-08-23T15:07:00,2026-08-23T15:57:00,50,Sunday,True
4620,u_193,Computer Lab A,2026-08-23T15:07:00,2026-08-23T16:09:00,62,Sunday,True
4476,u_102,Science Library,2026-08-23T15:47:00,2026-08-23T17:55:00,128,Sunday,True
4421,u_063,Student Center,2026-08-23T15:50:00,2026-08-23T17:39:00,109,Sunday,True
4553,u_144,Student Center,2026-08-23T15:52:00,2026-08-23T16:40:00,48,Sunday,True
4517,u_125,Science Library,2026-08-23T15:53:00,2026-08-23T16:48:00,55,Sunday,True
4598,u_175,Computer Lab B,2026-08-23T15:55:00,2026-08-23T16:46:00,51,Sunday,True
4563,u_150,Main Library,2026-08-23T15:58:00,2026-08-23T17:21:00,83,Sunday,True
4559,u_147,Student Center,2026-08-23T16:00:00,2026-08-23T17:28:00,88,Sunday,True
4464,u_091,Computer Lab B,2026-08-23T16:01:00,2026-08-23T17:00:00,59,Sunday,True
4558,u_147,Main Library,2026-08-23T16:03:00,2026-08-23T18:18:00,135,Sunday,True
4600,u_175,Main Library,2026-08-23T16:05:00,2026-08-23T18:10:00,125,Sunday,True
4602,u_177,Student Center,2026-08-23T16:05:00,2026-08-23T16:58:00,53,Sunday,True
4511,u_122,Main Library,2026-08-23T16:06:00,2026-08-23T18:06:00,120,Sunday,True
4583,u_167,Student Center,2026-08-23T16:08:00,2026-08-23T17:00:00,52,Sunday,True
4589,u_170,Computer Lab A,2026-08-23T16:08:00,2026-08-23T17:09:00,61,Sunday,True
4523,u_126,Computer Lab B,2026-08-23T16:09:00,2026-08-23T17:03:00,54,Sunday,True
4630,u_199,Science Library,2026-08-23T16:11:00,2026-08-23T17:07:00,56,Sunday,True
4454,u_083,Main Library,2026-08-23T16:14:00,2026-08-23T17:51:00,97,Sunday,True
4349,u_017,Main Library,2026-08-23T16:15:00,2026-08-23T19:18:00,183,Sunday,True
4496,u_112,Computer Lab A,2026-08-23T16:19:00,2026-08-23T17:41:00,82,Sunday,True
4564,u_150,Science Library,2026-08-23T16:41:00,2026-08-23T18:12:00,91,Sunday,True
4375,u_035,Computer Lab A,2026-08-23T16:42:00,2026-08-23T17:18:00,36,Sunday,False
4501,u_115,Main Library,2026-08-23T16:46:00,2026-08-23T20:02:00,196,Sunday,True
4488,u_107,Main Library,2026-08-23T16:50:00,2026-08-23T18:14:00,84,Sunday,True
4540,u_135,Main Library,2026-08-23T16:50:00,2026-08-23T18:31:00,101,Sunday,True
4405,u_051,Science Library,2026-08-23T16:52:00,2026-08-23T20:03:00,191,Sunday,True
4428,u_065,Indoor Sports Complex,2026-08-23T16:52:00,2026-08-23T18:08:00,76,Sunday,False
4470,u_098,Gymnasium,2026-08-23T16:53:00,2026-08-23T17:49:00,56,Sunday,True
4412,u_058,Science Library,2026-08-23T16:59:00,2026-08-23T18:04:00,65,Sunday,True
4546,u_137,Main Library,2026-08-23T16:59:00,2026-08-23T19:02:00,123,Sunday,True
4556,u_146,Gymnasium,2026-08-23T16:59:00,2026-08-23T17:41:00,42,Sunday,True
4340,u_008,Main Library,2026-08-23T17:00:00,2026-08-23T19:01:00,121,Sunday,True
4550,u_140,Gymnasium,2026-08-23T17:00:00,2026-08-23T18:00:00,60,Sunday,True
4593,u_170,Gymnasium,2026-08-23T17:02:00,2026-08-23T17:58:00,56,Sunday,True
4373,u_033,Indoor Sports Complex,2026-08-23T17:03:00,2026-08-23T18:29:00,86,Sunday,True
4579,u_164,Indoor Sports Complex,2026-08-23T17:04:00,2026-08-23T18:53:00,109,Sunday,True
4622,u_194,Main Library,2026-08-23T17:08:00,2026-08-23T18:16:00,68,Sunday,True
4479,u_104,Gymnasium,2026-08-23T17:09:00,2026-08-23T18:14:00,65,Sunday,True
4463,u_091,Science Library,2026-08-23T17:10:00,2026-08-23T18:33:00,83,Sunday,True
4392,u_044,Indoor Sports Complex,2026-08-23T17:12:00,2026-08-23T18:12:00,60,Sunday,True
4532,u_131,Science Library,2026-08-23T17:17:00,2026-08-23T18:36:00,79,Sunday,True
4592,u_170,Main Library,2026-08-23T17:45:00,2026-08-23T19:02:00,77,Sunday,True
4407,u_053,Gymnasium,2026-08-23T17:49:00,2026-08-23T19:28:00,99,Sunday,True
4474,u_100,Science Library,2026-08-23T17:51:00,2026-08-23T19:11:00,80,Sunday,True
4527,u_129,Gymnasium,2026-08-23T17:55:00,2026-08-23T18:55:00,60,Sunday,True
4585,u_167,Main Library,2026-08-23T17:55:00,2026-08-23T19:51:00,116,Sunday,True
4364,u_027,Science Library,2026-08-23T18:00:00,2026-08-23T19:36:00,96,Sunday,True
4442,u_073,Main Library,2026-08-23T18:00:00,2026-08-23T20:53:00,173,Sunday,True
4385,u_040,Indoor Sports Complex,2026-08-23T18:01:00,2026-08-23T19:07:00,66,Sunday,True
4390,u_042,Science Library,2026-08-23T18:01:00,2026-08-23T19:42:00,101,Sunday,True
4552,u_144,Indoor Sports Complex,2026-08-23T18:01:00,2026-08-23T18:38:00,37,Sunday,True
4504,u_118,Indoor Sports Complex,2026-08-23T18:02:00,2026-08-23T19:07:00,65,Sunday,True
4555,u_145,Indoor Sports Complex,2026-08-23T18:02:00,2026-08-23T19:12:00,70,Sunday,True
4493,u_109,Science Library,2026-08-23T18:03:00,2026-08-23T21:02:00,179,Sunday,True
4336,u_004,Gymnasium,2026-08-23T18:04:00,2026-08-23T19:47:00,103,Sunday,True
4521,u_126,Indoor Sports Complex,2026-08-23T18:05:00,2026-08-23T19:06:00,61,Sunday,True
4509,u_121,Science Library,2026-08-23T18:06:00,2026-08-23T19:37:00,91,Sunday,True
4370,u_031,Science Library,2026-08-23T18:07:00,2026-08-23T21:13:00,186,Sunday,True
4371,u_032,Indoor Sports Complex,2026-08-23T18:07:00,2026-08-23T19:26:00,79,Sunday,True
4475,u_101,Science Library,2026-08-23T18:10:00,2026-08-23T20:05:00,115,Sunday,True
4353,u_021,Main Library,2026-08-23T18:11:00,2026-08-23T19:25:00,74,Sunday,True
4561,u_148,Main Library,2026-08-23T18:14:00,2026-08-23T21:31:00,197,Sunday,True
4422,u_063,Science Library,2026-08-23T18:18:00,2026-08-23T20:15:00,117,Sunday,True
4342,u_010,Main Library,2026-08-23T18:20:00,2026-08-23T20:33:00,133,Sunday,True
4510,u_122,Central Cafeteria,2026-08-23T18:36:00,2026-08-23T19:36:00,60,Sunday,True
4355,u_022,Central Cafeteria,2026-08-23T18:42:00,2026-08-23T19:36:00,54,Sunday,True
4584,u_167,Food Court,2026-08-23T18:44:00,2026-08-23T19:42:00,58,Sunday,True
4403,u_050,Central Cafeteria,2026-08-23T18:46:00,2026-08-23T19:43:00,57,Sunday,True
4362,u_025,Gymnasium,2026-08-23T18:48:00,2026-08-23T20:33:00,105,Sunday,True
4545,u_137,Science Library,2026-08-23T18:48:00,2026-08-23T20:17:00,89,Sunday,True
4490,u_108,Food Court,2026-08-23T18:50:00,2026-08-23T19:58:00,68,Sunday,False
4331,u_001,Indoor Sports Complex,2026-08-23T18:53:00,2026-08-23T19:54:00,61,Sunday,True
4430,u_065,Main Library,2026-08-23T18:54:00,2026-08-23T19:45:00,51,Sunday,True
4544,u_137,Central Cafeteria,2026-08-23T18:54:00,2026-08-23T20:06:00,72,Sunday,True
4334,u_004,Science Library,2026-08-23T18:55:00,2026-08-23T22:15:00,200,Sunday,True
4402,u_049,Main Library,2026-08-23T18:55:00,2026-08-23T20:59:00,124,Sunday,True
4471,u_098,Science Library,2026-08-23T18:55:00,2026-08-23T20:03:00,68,Sunday,True
4539,u_135,Main Library,2026-08-23T18:55:00,2026-08-23T20:40:00,105,Sunday,False
4381,u_038,Gymnasium,2026-08-23T18:56:00,2026-08-23T20:06:00,70,Sunday,True
4443,u_073,Central Cafeteria,2026-08-23T18:56:00,2026-08-23T19:54:00,58,Sunday,True
4332,u_002,Gymnasium,2026-08-23T18:58:00,2026-08-23T20:27:00,89,Sunday,True
4524,u_128,Food Court,2026-08-23T18:58:00,2026-08-23T19:50:00,52,Sunday,True
4388,u_042,Indoor Sports Complex,2026-08-23T18:59:00,2026-08-23T19:42:00,43,Sunday,True
4414,u_058,Gymnasium,2026-08-23T18:59:00,2026-08-23T20:10:00,71,Sunday,True
4590,u_170,Central Cafeteria,2026-08-23T18:59:00,2026-08-23T19:54:00,55,Sunday,True
4380,u_037,Gymnasium,2026-08-23T19:00:00,2026-08-23T20:35:00,95,Sunday,True
4481,u_105,Computer Lab A,2026-08-23T19:00:00,2026-08-23T20:08:00,68,Sunday,False
4588,u_169,Main Library,2026-08-23T19:00:00,2026-08-23T21:03:00,123,Sunday,True
4534,u_131,Main Library,2026-08-23T19:01:00,2026-08-23T22:09:00,188,Sunday,True
4557,u_147,Gymnasium,2026-08-23T19:01:00,2026-08-23T20:13:00,72,Sunday,True
4426,u_064,Main Library,2026-08-23T19:03:00,2026-08-23T20:07:00,64,Sunday,True
4462,u_090,Indoor Sports Complex,2026-08-23T19:03:00,2026-08-23T20:37:00,94,Sunday,True
4368,u_030,Science Library,2026-08-23T19:04:00,2026-08-23T20:46:00,102,Sunday,True
4376,u_035,Science Library,2026-08-23T19:05:00,2026-08-23T22:05:00,180,Sunday,True
4399,u_048,Science Library,2026-08-23T19:05:00,2026-08-23T20:56:00,111,Sunday,True
4498,u_112,Central Cafeteria,2026-08-23T19:05:00,2026-08-23T19:54:00,49,Sunday,True
4360,u_023,Central Cafeteria,2026-08-23T19:06:00,2026-08-23T19:55:00,49,Sunday,True
4528,u_129,Science Library,2026-08-23T19:06:00,2026-08-23T20:04:00,58,Sunday,True
4427,u_064,Central Cafeteria,2026-08-23T19:08:00,2026-08-23T19:59:00,51,Sunday,True
4615,u_191,Food Court,2026-08-23T19:08:00,2026-08-23T19:55:00,47,Sunday,True
4358,u_023,Gymnasium,2026-08-23T19:09:00,2026-08-23T20:53:00,104,Sunday,True
4400,u_049,Central Cafeteria,2026-08-23T19:09:00,2026-08-23T20:10:00,61,Sunday,True
4522,u_126,Science Library,2026-08-23T19:09:00,2026-08-23T22:08:00,179,Sunday,True
4401,u_049,Science Library,2026-08-23T19:10:00,2026-08-23T21:05:00,115,Sunday,True
4605,u_181,Food Court,2026-08-23T19:10:00,2026-08-23T20:11:00,61,Sunday,True
4469,u_098,Central Cafeteria,2026-08-23T19:11:00,2026-08-23T19:38:00,27,Sunday,True
4410,u_055,Food Court,2026-08-23T19:12:00,2026-08-23T19:36:00,24,Sunday,True
4413,u_058,Food Court,2026-08-23T19:12:00,2026-08-23T20:15:00,63,Sunday,True
4408,u_054,Food Court,2026-08-23T19:13:00,2026-08-23T20:24:00,71,Sunday,True
4383,u_038,Food Court,2026-08-23T19:15:00,2026-08-23T20:29:00,74,Sunday,True
4374,u_034,Science Library,2026-08-23T19:16:00,2026-08-23T20:56:00,100,Sunday,True
4515,u_124,Central Cafeteria,2026-08-23T19:16:00,2026-08-23T20:01:00,45,Sunday,True
4582,u_167,WiFi Zone South,2026-08-23T19:20:00,2026-08-23T20:27:00,67,Sunday,False
4613,u_188,Indoor Sports Complex,2026-08-23T19:23:00,2026-08-23T20:04:00,41,Sunday,True
4484,u_105,Main Library,2026-08-23T19:48:00,2026-08-23T20:45:00,57,Sunday,True
4489,u_107,Indoor Sports Complex,2026-08-23T19:48:00,2026-08-23T20:53:00,65,Sunday,True
4612,u_187,Science Library,2026-08-23T19:48:00,2026-08-23T21:17:00,89,Sunday,True
4526,u_129,Indoor Sports Complex,2026-08-23T19:56:00,2026-08-23T20:56:00,60,Sunday,True
4575,u_161,Main Library,2026-08-23T19:57:00,2026-08-23T20:58:00,61,Sunday,True
4465,u_092,Gymnasium,2026-08-23T19:58:00,2026-08-23T20:50:00,52,Sunday,True
4617,u_191,Gymnasium,2026-08-23T19:59:00,2026-08-23T20:54:00,55,Sunday,True
4357,u_023,Indoor Sports Complex,2026-08-23T20:00:00,2026-08-23T20:51:00,51,Sunday,True
4626,u_196,Gymnasium,2026-08-23T20:00:00,2026-08-23T20:43:00,43,Sunday,True
4386,u_041,Main Library,2026-08-23T20:03:00,2026-08-23T21:46:00,103,Sunday,True
4508,u_121,Main Library,2026-08-23T20:04:00,2026-08-23T23:19:00,195,Sunday,True
4548,u_138,Indoor Sports Complex,2026-08-23T20:05:00,2026-08-23T20:51:00,46,Sunday,True
4446,u_077,Main Library,2026-08-23T20:42:00,2026-08-23T23:43:00,181,Sunday,True
4500,u_114,Science Library,2026-08-23T20:42:00,2026-08-23T21:44:00,62,Sunday,True
4578,u_164,Main Library,2026-08-23T20:52:00,2026-08-24T00:11:00,199,Sunday,True
4614,u_188,Main Library,2026-08-23T20:52:00,2026-08-23T23:58:00,186,Sunday,True
4404,u_051,Main Library,2026-08-23T20:55:00,2026-08-24T00:08:00,193,Sunday,True
4459,u_087,Science Library,2026-08-23T20:55:00,2026-08-23T23:10:00,135,Sunday,True
4494,u_109,Main Library,2026-08-23T20:59:00,2026-08-23T22:20:00,81,Sunday,True
4618,u_191,Science Library,2026-08-23T20:59:00,2026-08-23T22:56:00,117,Sunday,True
4395,u_046,Main Library,2026-08-23T21:00:00,2026-08-23T21:57:00,57,Sunday,True
4337,u_005,Main Library,2026-08-23T21:02:00,2026-08-23T23:10:00,128,Sunday,True
4551,u_142,Science Library,2026-08-23T21:06:00,2026-08-23T22:38:00,92,Sunday,True
4597,u_174,Science Library,2026-08-23T21:06:00,2026-08-23T21:56:00,50,Sunday,True
4519,u_125,Main Library,2026-08-23T21:14:00,2026-08-23T22:17:00,63,Sunday,True
4672,u_032,Gymnasium,2026-08-24T05:53:00,2026-08-24T07:24:00,91,Monday,True
4797,u_130,Indoor Sports Complex,2026-08-24T05:54:00,2026-08-24T07:31:00,97,Monday,True
4750,u_102,Indoor Sports Complex,2026-08-24T05:55:00,2026-08-24T07:30:00,95,Monday,True
4706,u_063,Gymnasium,2026-08-24T05:56:00,2026-08-24T06:52:00,56,Monday,True
4746,u_096,Gymnasium,2026-08-24T06:00:00,2026-08-24T07:23:00,83,Monday,True
4854,u_166,Gymnasium,2026-08-24T06:00:00,2026-08-24T06:57:00,57,Monday,True
4802,u_134,Gymnasium,2026-08-24T06:01:00,2026-08-24T06:59:00,58,Monday,True
4815,u_143,Gymnasium,2026-08-24T06:01:00,2026-08-24T07:23:00,82,Monday,True
4737,u_089,Indoor Sports Complex,2026-08-24T06:04:00,2026-08-24T07:39:00,95,Monday,True
4805,u_136,Indoor Sports Complex,2026-08-24T06:04:00,2026-08-24T07:02:00,58,Monday,True
4680,u_041,Indoor Sports Complex,2026-08-24T06:05:00,2026-08-24T07:15:00,70,Monday,True
4777,u_119,Gymnasium,2026-08-24T06:07:00,2026-08-24T07:04:00,57,Monday,True
4754,u_106,Indoor Sports Complex,2026-08-24T06:49:00,2026-08-24T07:58:00,69,Monday,True
4892,u_195,Indoor Sports Complex,2026-08-24T06:55:00,2026-08-24T08:37:00,102,Monday,True
4692,u_048,Indoor Sports Complex,2026-08-24T06:56:00,2026-08-24T08:15:00,79,Monday,True
4758,u_109,Gymnasium,2026-08-24T07:00:00,2026-08-24T08:18:00,78,Monday,True
4651,u_014,Gymnasium,2026-08-24T07:04:00,2026-08-24T08:18:00,74,Monday,True
4890,u_194,Gymnasium,2026-08-24T07:04:00,2026-08-24T07:55:00,51,Monday,True
4725,u_080,Gymnasium,2026-08-24T07:05:00,2026-08-24T07:44:00,39,Monday,True
4863,u_171,Indoor Sports Complex,2026-08-24T07:05:00,2026-08-24T08:10:00,65,Monday,True
4738,u_089,Gymnasium,2026-08-24T07:07:00,2026-08-24T07:49:00,42,Monday,True
4741,u_093,Gymnasium,2026-08-24T07:41:00,2026-08-24T09:24:00,103,Monday,True
4717,u_070,Indoor Sports Complex,2026-08-24T07:45:00,2026-08-24T09:28:00,103,Monday,True
4762,u_111,Gymnasium,2026-08-24T07:51:00,2026-08-24T09:08:00,77,Monday,True
4714,u_068,Indoor Sports Complex,2026-08-24T07:52:00,2026-08-24T09:22:00,90,Monday,True
4809,u_138,Gymnasium,2026-08-24T07:57:00,2026-08-24T09:39:00,102,Monday,True
4654,u_017,Gymnasium,2026-08-24T08:00:00,2026-08-24T09:02:00,62,Monday,True
4793,u_126,Gymnasium,2026-08-24T08:00:00,2026-08-24T09:05:00,65,Monday,True
4712,u_067,Central Cafeteria,2026-08-24T08:02:00,2026-08-24T09:04:00,62,Monday,True
4669,u_030,Indoor Sports Complex,2026-08-24T08:03:00,2026-08-24T09:20:00,77,Monday,True
4824,u_149,WiFi Zone North,2026-08-24T08:05:00,2026-08-24T08:23:00,18,Monday,False
4704,u_060,Gymnasium,2026-08-24T08:07:00,2026-08-24T08:44:00,37,Monday,True
4877,u_184,Gymnasium,2026-08-24T08:12:00,2026-08-24T09:34:00,82,Monday,True
4648,u_013,Central Cafeteria,2026-08-24T08:17:00,2026-08-24T09:05:00,48,Monday,True
4767,u_113,Food Court,2026-08-24T08:17:00,2026-08-24T09:02:00,45,Monday,True
4678,u_039,Food Court,2026-08-24T08:18:00,2026-08-24T09:04:00,46,Monday,True
4732,u_084,Food Court,2026-08-24T08:21:00,2026-08-24T08:45:00,24,Monday,True
4878,u_185,Central Cafeteria,2026-08-24T08:23:00,2026-08-24T08:49:00,26,Monday,True
4658,u_019,Gymnasium,2026-08-24T08:24:00,2026-08-24T09:19:00,55,Monday,True
4736,u_088,Central Cafeteria,2026-08-24T08:26:00,2026-08-24T08:55:00,29,Monday,True
4649,u_014,Central Cafeteria,2026-08-24T08:29:00,2026-08-24T09:16:00,47,Monday,True
4819,u_147,Gymnasium,2026-08-24T08:29:00,2026-08-24T08:47:00,18,Monday,False
4811,u_138,Central Cafeteria,2026-08-24T08:33:00,2026-08-24T09:21:00,48,Monday,True
4726,u_080,Central Cafeteria,2026-08-24T08:36:00,2026-08-24T09:18:00,42,Monday,True
4659,u_020,Food Court,2026-08-24T08:38:00,2026-08-24T09:52:00,74,Monday,True
4752,u_104,Food Court,2026-08-24T08:38:00,2026-08-24T09:16:00,38,Monday,True
4688,u_046,Central Cafeteria,2026-08-24T08:39:00,2026-08-24T09:45:00,66,Monday,True
4716,u_070,Central Cafeteria,2026-08-24T08:41:00,2026-08-24T09:36:00,55,Monday,True
4894,u_198,Central Cafeteria,2026-08-24T08:41:00,2026-08-24T09:41:00,60,Monday,True
4791,u_125,Computer Lab B,2026-08-24T08:44:00,2026-08-24T09:50:00,66,Monday,True
4838,u_155,Computer Lab B,2026-08-24T08:55:00,2026-08-24T09:55:00,60,Monday,True
4729,u_084,Computer Lab A,2026-08-24T08:59:00,2026-08-24T10:00:00,61,Monday,True
4804,u_135,Computer Lab A,2026-08-24T08:59:00,2026-08-24T10:05:00,66,Monday,True
4780,u_121,Student Center,2026-08-24T09:01:00,2026-08-24T09:54:00,53,Monday,False
4755,u_106,Computer Lab A,2026-08-24T09:03:00,2026-08-24T09:48:00,45,Monday,True
4731,u_084,Computer Lab B,2026-08-24T09:06:00,2026-08-24T10:55:00,109,Monday,True
4779,u_120,Computer Lab A,2026-08-24T09:08:00,2026-08-24T10:07:00,59,Monday,True
4720,u_073,Computer Lab A,2026-08-24T09:09:00,2026-08-24T10:29:00,80,Monday,True
4722,u_074,Computer Lab B,2026-08-24T09:09:00,2026-08-24T10:54:00,105,Monday,True
4709,u_065,Computer Lab B,2026-08-24T09:22:00,2026-08-24T10:27:00,65,Monday,True
4645,u_012,Computer Lab B,2026-08-24T09:24:00,2026-08-24T10:06:00,42,Monday,True
4883,u_188,Computer Lab B,2026-08-24T09:43:00,2026-08-24T11:11:00,88,Monday,True
4675,u_035,Student Center,2026-08-24T09:50:00,2026-08-24T10:46:00,56,Monday,True
4686,u_046,Computer Lab B,2026-08-24T10:00:00,2026-08-24T11:22:00,82,Monday,True
4650,u_014,Student Center,2026-08-24T10:01:00,2026-08-24T11:09:00,68,Monday,True
4830,u_151,Computer Lab A,2026-08-24T10:01:00,2026-08-24T11:06:00,65,Monday,True
4888,u_193,Student Center,2026-08-24T10:02:00,2026-08-24T11:07:00,65,Monday,True
4644,u_011,Computer Lab A,2026-08-24T10:03:00,2026-08-24T11:35:00,92,Monday,True
4636,u_002,Computer Lab B,2026-08-24T10:05:00,2026-08-24T11:32:00,87,Monday,True
4881,u_187,Computer Lab A,2026-08-24T10:08:00,2026-08-24T10:52:00,44,Monday,True
4861,u_169,Student Center,2026-08-24T10:11:00,2026-08-24T12:01:00,110,Monday,True
4806,u_136,Computer Lab A,2026-08-24T10:16:00,2026-08-24T11:04:00,48,Monday,True
4835,u_153,Main Library,2026-08-24T10:23:00,2026-08-24T10:52:00,29,Monday,False
4831,u_152,Food Court,2026-08-24T10:26:00,2026-08-24T10:55:00,29,Monday,False
4774,u_118,Food Court,2026-08-24T10:35:00,2026-08-24T11:01:00,26,Monday,False
4870,u_176,Computer Lab A,2026-08-24T10:36:00,2026-08-24T11:56:00,80,Monday,True
4647,u_013,Student Center,2026-08-24T10:48:00,2026-08-24T11:33:00,45,Monday,True
4638,u_006,Computer Lab B,2026-08-24T10:50:00,2026-08-24T11:41:00,51,Monday,True
4850,u_164,Student Center,2026-08-24T10:51:00,2026-08-24T12:37:00,106,Monday,True
4646,u_012,Student Center,2026-08-24T10:55:00,2026-08-24T11:55:00,60,Monday,True
4677,u_038,Computer Lab A,2026-08-24T10:55:00,2026-08-24T11:47:00,52,Monday,True
4689,u_047,Science Library,2026-08-24T11:00:00,2026-08-24T12:07:00,67,Monday,False
4865,u_173,Computer Lab A,2026-08-24T11:00:00,2026-08-24T11:51:00,51,Monday,True
4698,u_054,Student Center,2026-08-24T11:01:00,2026-08-24T11:44:00,43,Monday,True
4801,u_134,Student Center,2026-08-24T11:02:00,2026-08-24T12:06:00,64,Monday,True
4691,u_047,Student Center,2026-08-24T11:08:00,2026-08-24T11:46:00,38,Monday,True
4765,u_113,Food Court,2026-08-24T11:08:00,2026-08-24T11:43:00,35,Monday,False
4872,u_177,Computer Lab B,2026-08-24T11:12:00,2026-08-24T11:57:00,45,Monday,True
4782,u_122,Student Center,2026-08-24T11:14:00,2026-08-24T12:20:00,66,Monday,True
4839,u_155,Computer Lab A,2026-08-24T11:18:00,2026-08-24T13:02:00,104,Monday,True
4684,u_042,Student Center,2026-08-24T11:25:00,2026-08-24T13:07:00,102,Monday,True
4853,u_166,Student Center,2026-08-24T11:46:00,2026-08-24T12:59:00,73,Monday,True
4713,u_068,Computer Lab B,2026-08-24T11:47:00,2026-08-24T13:30:00,103,Monday,True
4747,u_097,Computer Lab A,2026-08-24T11:49:00,2026-08-24T13:09:00,80,Monday,True
4653,u_017,Student Center,2026-08-24T11:53:00,2026-08-24T13:27:00,94,Monday,True
4773,u_117,Student Center,2026-08-24T11:53:00,2026-08-24T13:15:00,82,Monday,True
4668,u_028,Computer Lab A,2026-08-24T11:57:00,2026-08-24T12:56:00,59,Monday,True
4789,u_124,Student Center,2026-08-24T11:57:00,2026-08-24T12:49:00,52,Monday,True
4790,u_124,Computer Lab B,2026-08-24T11:57:00,2026-08-24T13:00:00,63,Monday,True
4743,u_094,Computer Lab B,2026-08-24T12:00:00,2026-08-24T13:14:00,74,Monday,True
4828,u_151,Food Court,2026-08-24T12:09:00,2026-08-24T12:31:00,22,Monday,True
4834,u_152,Food Court,2026-08-24T12:12:00,2026-08-24T13:30:00,78,Monday,True
4875,u_180,Food Court,2026-08-24T12:12:00,2026-08-24T13:02:00,50,Monday,True
4637,u_004,Food Court,2026-08-24T12:15:00,2026-08-24T12:41:00,26,Monday,True
4821,u_148,Student Center,2026-08-24T12:16:00,2026-08-24T14:00:00,104,Monday,True
4846,u_162,Central Cafeteria,2026-08-24T12:20:00,2026-08-24T12:55:00,35,Monday,True
4884,u_190,Central Cafeteria,2026-08-24T12:22:00,2026-08-24T13:08:00,46,Monday,True
4664,u_025,Food Court,2026-08-24T12:24:00,2026-08-24T13:17:00,53,Monday,True
4749,u_101,Central Cafeteria,2026-08-24T12:24:00,2026-08-24T13:24:00,60,Monday,True
4703,u_059,Central Cafeteria,2026-08-24T12:27:00,2026-08-24T13:17:00,50,Monday,True
4856,u_168,Central Cafeteria,2026-08-24T12:28:00,2026-08-24T13:47:00,79,Monday,True
4842,u_158,Central Cafeteria,2026-08-24T12:30:00,2026-08-24T12:56:00,26,Monday,True
4665,u_026,Food Court,2026-08-24T12:32:00,2026-08-24T13:03:00,31,Monday,True
4711,u_067,Science Library,2026-08-24T12:32:00,2026-08-24T13:41:00,69,Monday,False
4776,u_119,Central Cafeteria,2026-08-24T12:33:00,2026-08-24T13:32:00,59,Monday,True
4880,u_187,Central Cafeteria,2026-08-24T12:33:00,2026-08-24T13:44:00,71,Monday,True
4739,u_090,Central Cafeteria,2026-08-24T12:37:00,2026-08-24T13:00:00,23,Monday,True
4757,u_108,Food Court,2026-08-24T12:37:00,2026-08-24T13:16:00,39,Monday,True
4690,u_047,Central Cafeteria,2026-08-24T12:38:00,2026-08-24T13:32:00,54,Monday,True
4753,u_105,Food Court,2026-08-24T12:38:00,2026-08-24T13:19:00,41,Monday,True
4859,u_169,Central Cafeteria,2026-08-24T12:39:00,2026-08-24T13:49:00,70,Monday,True
4768,u_114,Computer Lab A,2026-08-24T12:43:00,2026-08-24T13:44:00,61,Monday,True
4864,u_171,Food Court,2026-08-24T12:44:00,2026-08-24T13:39:00,55,Monday,True
4895,u_198,Student Center,2026-08-24T12:45:00,2026-08-24T13:40:00,55,Monday,True
4796,u_129,Computer Lab A,2026-08-24T12:46:00,2026-08-24T14:39:00,113,Monday,False
4812,u_142,Central Cafeteria,2026-08-24T12:46:00,2026-08-24T13:22:00,36,Monday,True
4869,u_176,Computer Lab B,2026-08-24T12:51:00,2026-08-24T14:22:00,91,Monday,True
4728,u_081,Computer Lab A,2026-08-24T12:53:00,2026-08-24T14:37:00,104,Monday,True
4847,u_162,Student Center,2026-08-24T12:56:00,2026-08-24T14:20:00,84,Monday,True
4719,u_072,Computer Lab B,2026-08-24T12:59:00,2026-08-24T14:43:00,104,Monday,True
4766,u_113,Computer Lab A,2026-08-24T12:59:00,2026-08-24T14:49:00,110,Monday,True
4833,u_152,Computer Lab A,2026-08-24T12:59:00,2026-08-24T13:43:00,44,Monday,True
4827,u_150,Student Center,2026-08-24T13:00:00,2026-08-24T13:40:00,40,Monday,True
4852,u_165,Computer Lab B,2026-08-24T13:00:00,2026-08-24T14:11:00,71,Monday,True
4858,u_169,Computer Lab A,2026-08-24T13:01:00,2026-08-24T13:58:00,57,Monday,True
4887,u_192,Computer Lab A,2026-08-24T13:46:00,2026-08-24T14:39:00,53,Monday,True
4679,u_040,Computer Lab A,2026-08-24T13:48:00,2026-08-24T15:34:00,106,Monday,True
4708,u_065,Student Center,2026-08-24T13:50:00,2026-08-24T14:53:00,63,Monday,True
4786,u_123,Student Center,2026-08-24T13:50:00,2026-08-24T15:26:00,96,Monday,True
4635,u_001,Student Center,2026-08-24T14:00:00,2026-08-24T15:37:00,97,Monday,True
4641,u_009,Student Center,2026-08-24T14:00:00,2026-08-24T15:25:00,85,Monday,True
4814,u_143,Computer Lab B,2026-08-24T14:01:00,2026-08-24T14:59:00,58,Monday,True
4882,u_187,Computer Lab B,2026-08-24T14:02:00,2026-08-24T15:15:00,73,Monday,True
4795,u_128,Computer Lab A,2026-08-24T14:03:00,2026-08-24T15:07:00,64,Monday,True
4705,u_061,Computer Lab A,2026-08-24T14:06:00,2026-08-24T14:43:00,37,Monday,True
4761,u_110,Computer Lab A,2026-08-24T14:19:00,2026-08-24T15:14:00,55,Monday,True
4640,u_008,Computer Lab A,2026-08-24T14:37:00,2026-08-24T15:32:00,55,Monday,True
4707,u_063,Computer Lab A,2026-08-24T14:50:00,2026-08-24T16:17:00,87,Monday,True
4735,u_087,Student Center,2026-08-24T14:51:00,2026-08-24T15:48:00,57,Monday,True
4891,u_195,Student Center,2026-08-24T14:51:00,2026-08-24T16:19:00,88,Monday,True
4760,u_110,Student Center,2026-08-24T14:52:00,2026-08-24T15:53:00,61,Monday,True
4843,u_159,Student Center,2026-08-24T14:59:00,2026-08-24T16:16:00,77,Monday,True
4849,u_163,Student Center,2026-08-24T15:03:00,2026-08-24T16:02:00,59,Monday,True
4889,u_193,Computer Lab A,2026-08-24T15:09:00,2026-08-24T16:00:00,51,Monday,True
4633,u_001,Computer Lab B,2026-08-24T15:14:00,2026-08-24T16:59:00,105,Monday,True
4656,u_018,Main Library,2026-08-24T15:44:00,2026-08-24T17:56:00,132,Monday,True
4862,u_170,Computer Lab A,2026-08-24T15:51:00,2026-08-24T16:55:00,64,Monday,True
4794,u_126,Computer Lab B,2026-08-24T15:53:00,2026-08-24T16:49:00,56,Monday,True
4663,u_025,Computer Lab A,2026-08-24T15:54:00,2026-08-24T17:15:00,81,Monday,True
4730,u_084,Science Library,2026-08-24T15:55:00,2026-08-24T16:47:00,52,Monday,True
4785,u_122,Main Library,2026-08-24T15:55:00,2026-08-24T17:49:00,114,Monday,True
4897,u_200,Science Library,2026-08-24T15:57:00,2026-08-24T17:19:00,82,Monday,True
4740,u_091,Computer Lab B,2026-08-24T15:58:00,2026-08-24T16:56:00,58,Monday,True
4818,u_145,Main Library,2026-08-24T15:58:00,2026-08-24T16:50:00,52,Monday,True
4808,u_137,Student Center,2026-08-24T15:59:00,2026-08-24T17:03:00,64,Monday,True
4715,u_070,Main Library,2026-08-24T16:00:00,2026-08-24T17:14:00,74,Monday,True
4778,u_120,Student Center,2026-08-24T16:00:00,2026-08-24T17:38:00,98,Monday,True
4820,u_147,Main Library,2026-08-24T16:00:00,2026-08-24T18:08:00,128,Monday,True
4639,u_007,Computer Lab A,2026-08-24T16:01:00,2026-08-24T17:45:00,104,Monday,True
4868,u_175,Computer Lab B,2026-08-24T16:01:00,2026-08-24T16:54:00,53,Monday,True
4763,u_112,Computer Lab A,2026-08-24T16:03:00,2026-08-24T17:46:00,103,Monday,True
4841,u_157,Student Center,2026-08-24T16:04:00,2026-08-24T17:34:00,90,Monday,True
4655,u_017,Main Library,2026-08-24T16:13:00,2026-08-24T19:13:00,180,Monday,True
4710,u_066,Main Library,2026-08-24T16:13:00,2026-08-24T17:29:00,76,Monday,True
4772,u_117,Computer Lab B,2026-08-24T16:14:00,2026-08-24T17:40:00,86,Monday,True
4718,u_071,Indoor Sports Complex,2026-08-24T16:15:00,2026-08-24T16:32:00,17,Monday,False
4695,u_052,Main Library,2026-08-24T16:17:00,2026-08-24T17:28:00,71,Monday,True
4666,u_026,Computer Lab B,2026-08-24T16:18:00,2026-08-24T17:43:00,85,Monday,True
4893,u_196,Science Library,2026-08-24T16:22:00,2026-08-24T18:14:00,112,Monday,True
4803,u_135,Main Library,2026-08-24T16:48:00,2026-08-24T18:26:00,98,Monday,True
4822,u_148,Indoor Sports Complex,2026-08-24T16:48:00,2026-08-24T18:28:00,100,Monday,True
4807,u_137,Main Library,2026-08-24T16:56:00,2026-08-24T19:06:00,130,Monday,True
4867,u_174,Gymnasium,2026-08-24T16:57:00,2026-08-24T18:02:00,65,Monday,True
4682,u_042,Computer Lab B,2026-08-24T16:59:00,2026-08-24T18:12:00,73,Monday,False
4697,u_054,Main Library,2026-08-24T16:59:00,2026-08-24T18:19:00,80,Monday,True
4836,u_153,Gymnasium,2026-08-24T17:02:00,2026-08-24T18:27:00,85,Monday,True
4770,u_115,Gymnasium,2026-08-24T17:04:00,2026-08-24T18:21:00,77,Monday,True
4798,u_131,Science Library,2026-08-24T17:04:00,2026-08-24T17:58:00,54,Monday,True
4826,u_150,Science Library,2026-08-24T17:05:00,2026-08-24T18:29:00,84,Monday,True
4829,u_151,Main Library,2026-08-24T17:08:00,2026-08-24T18:25:00,77,Monday,True
4851,u_164,Indoor Sports Complex,2026-08-24T17:15:00,2026-08-24T19:02:00,107,Monday,True
4787,u_123,Main Library,2026-08-24T17:39:00,2026-08-24T19:23:00,104,Monday,True
4670,u_031,Science Library,2026-08-24T17:50:00,2026-08-24T20:51:00,181,Monday,True
4792,u_125,Indoor Sports Complex,2026-08-24T17:52:00,2026-08-24T18:30:00,38,Monday,True
4742,u_094,Science Library,2026-08-24T17:56:00,2026-08-24T20:56:00,180,Monday,True
4748,u_100,Science Library,2026-08-24T17:57:00,2026-08-24T19:43:00,106,Monday,True
4823,u_148,Main Library,2026-08-24T17:58:00,2026-08-24T21:07:00,189,Monday,True
4848,u_163,Indoor Sports Complex,2026-08-24T17:59:00,2026-08-24T19:39:00,100,Monday,True
4660,u_021,Main Library,2026-08-24T18:05:00,2026-08-24T19:11:00,66,Monday,True
4667,u_027,Science Library,2026-08-24T18:06:00,2026-08-24T19:52:00,106,Monday,True
4721,u_073,Main Library,2026-08-24T18:08:00,2026-08-24T21:02:00,174,Monday,True
4642,u_010,Main Library,2026-08-24T18:11:00,2026-08-24T20:01:00,110,Monday,True
4723,u_078,Science Library,2026-08-24T18:12:00,2026-08-24T20:02:00,110,Monday,True
4671,u_032,Indoor Sports Complex,2026-08-24T18:21:00,2026-08-24T19:31:00,70,Monday,True
4871,u_177,Indoor Sports Complex,2026-08-24T18:23:00,2026-08-24T19:11:00,48,Monday,False
4817,u_145,WiFi Zone South,2026-08-24T18:44:00,2026-08-24T20:02:00,78,Monday,False
4866,u_174,Indoor Sports Complex,2026-08-24T18:44:00,2026-08-24T20:25:00,101,Monday,True
4896,u_199,Gymnasium,2026-08-24T18:46:00,2026-08-24T20:09:00,83,Monday,True
4676,u_038,Gymnasium,2026-08-24T18:51:00,2026-08-24T19:54:00,63,Monday,True
4683,u_042,Indoor Sports Complex,2026-08-24T18:51:00,2026-08-24T19:33:00,42,Monday,True
4673,u_034,Science Library,2026-08-24T18:53:00,2026-08-24T20:15:00,82,Monday,True
4694,u_049,Central Cafeteria,2026-08-24T18:55:00,2026-08-24T19:49:00,54,Monday,True
4876,u_181,Food Court,2026-08-24T18:55:00,2026-08-24T20:11:00,76,Monday,True
4700,u_058,Food Court,2026-08-24T18:57:00,2026-08-24T19:41:00,44,Monday,True
4799,u_131,Main Library,2026-08-24T18:57:00,2026-08-24T22:03:00,186,Monday,True
4873,u_177,Science Library,2026-08-24T18:57:00,2026-08-24T20:16:00,79,Monday,True
4727,u_081,Main Library,2026-08-24T18:58:00,2026-08-24T20:47:00,109,Monday,True
4837,u_154,Food Court,2026-08-24T18:58:00,2026-08-24T20:04:00,66,Monday,True
4661,u_022,Main Library,2026-08-24T18:59:00,2026-08-24T22:18:00,199,Monday,True
4634,u_001,Indoor Sports Complex,2026-08-24T19:00:00,2026-08-24T19:35:00,35,Monday,True
4857,u_168,Food Court,2026-08-24T19:00:00,2026-08-24T20:14:00,74,Monday,True
4874,u_178,Food Court,2026-08-24T19:00:00,2026-08-24T19:54:00,54,Monday,True
4701,u_059,Food Court,2026-08-24T19:02:00,2026-08-24T20:02:00,60,Monday,True
4844,u_161,Gymnasium,2026-08-24T19:03:00,2026-08-24T19:55:00,52,Monday,True
4855,u_167,Food Court,2026-08-24T19:04:00,2026-08-24T20:01:00,57,Monday,True
4734,u_087,Central Cafeteria,2026-08-24T19:05:00,2026-08-24T19:52:00,47,Monday,True
4751,u_102,Central Cafeteria,2026-08-24T19:05:00,2026-08-24T19:29:00,24,Monday,True
4662,u_023,Gymnasium,2026-08-24T19:07:00,2026-08-24T20:50:00,103,Monday,True
4840,u_156,Gymnasium,2026-08-24T19:08:00,2026-08-24T19:49:00,41,Monday,True
4699,u_057,Gymnasium,2026-08-24T19:09:00,2026-08-24T20:26:00,77,Monday,True
4860,u_169,Main Library,2026-08-24T19:09:00,2026-08-24T21:16:00,127,Monday,True
4800,u_133,Central Cafeteria,2026-08-24T19:10:00,2026-08-24T19:58:00,48,Monday,True
4681,u_041,Food Court,2026-08-24T19:12:00,2026-08-24T20:31:00,79,Monday,True
4745,u_095,Science Library,2026-08-24T19:12:00,2026-08-24T20:32:00,80,Monday,True
4764,u_112,Main Library,2026-08-24T19:14:00,2026-08-24T20:56:00,102,Monday,True
4702,u_059,Main Library,2026-08-24T19:15:00,2026-08-24T20:19:00,64,Monday,True
4756,u_108,Central Cafeteria,2026-08-24T19:15:00,2026-08-24T20:18:00,63,Monday,True
4643,u_011,Gymnasium,2026-08-24T19:18:00,2026-08-24T20:49:00,91,Monday,True
4783,u_122,Central Cafeteria,2026-08-24T19:30:00,2026-08-24T20:47:00,77,Monday,True
4733,u_086,Main Library,2026-08-24T19:35:00,2026-08-24T21:47:00,132,Monday,True
4696,u_052,Gymnasium,2026-08-24T19:36:00,2026-08-24T20:52:00,76,Monday,True
4771,u_117,Central Cafeteria,2026-08-24T19:37:00,2026-08-24T20:34:00,57,Monday,False
4674,u_034,Main Library,2026-08-24T19:47:00,2026-08-24T23:06:00,199,Monday,True
4744,u_095,Indoor Sports Complex,2026-08-24T19:58:00,2026-08-24T20:44:00,46,Monday,True
4784,u_122,Gymnasium,2026-08-24T19:58:00,2026-08-24T21:27:00,89,Monday,True
4885,u_191,Gymnasium,2026-08-24T20:00:00,2026-08-24T21:03:00,63,Monday,True
4781,u_121,Main Library,2026-08-24T20:02:00,2026-08-24T23:21:00,199,Monday,True
4845,u_161,Main Library,2026-08-24T20:03:00,2026-08-24T21:05:00,62,Monday,True
4879,u_187,Science Library,2026-08-24T20:04:00,2026-08-24T21:33:00,89,Monday,True
4693,u_048,Gymnasium,2026-08-24T20:07:00,2026-08-24T21:06:00,59,Monday,True
4816,u_144,Main Library,2026-08-24T20:07:00,2026-08-24T21:40:00,93,Monday,True
4810,u_138,Indoor Sports Complex,2026-08-24T20:09:00,2026-08-24T21:00:00,51,Monday,True
4775,u_118,Science Library,2026-08-24T20:15:00,2026-08-24T21:28:00,73,Monday,True
4724,u_079,Main Library,2026-08-24T20:16:00,2026-08-24T21:16:00,60,Monday,True
4825,u_149,Science Library,2026-08-24T20:35:00,2026-08-24T22:43:00,128,Monday,True
4788,u_124,Science Library,2026-08-24T20:52:00,2026-08-24T22:47:00,115,Monday,True
4886,u_191,Science Library,2026-08-24T20:56:00,2026-08-24T23:02:00,126,Monday,True
4759,u_109,Main Library,2026-08-24T20:57:00,2026-08-24T22:18:00,81,Monday,True
4652,u_015,Science Library,2026-08-24T21:01:00,2026-08-24T23:14:00,133,Monday,True
4657,u_018,Science Library,2026-08-24T21:01:00,2026-08-25T00:15:00,194,Monday,True
4769,u_114,Science Library,2026-08-24T21:01:00,2026-08-24T21:55:00,54,Monday,True
4813,u_142,Science Library,2026-08-24T21:01:00,2026-08-24T22:40:00,99,Monday,True
4832,u_152,Science Library,2026-08-24T21:01:00,2026-08-24T22:27:00,86,Monday,True
4685,u_043,Main Library,2026-08-24T21:06:00,2026-08-24T23:26:00,140,Monday,True
4687,u_046,Main Library,2026-08-24T21:21:00,2026-08-24T22:29:00,68,Monday,True
5174,u_197,Indoor Sports Complex,2026-08-25T05:43:00,2026-08-25T06:52:00,69,Tuesday,True
5152,u_186,Indoor Sports Complex,2026-08-25T05:54:00,2026-08-25T07:06:00,72,Tuesday,True
5052,u_119,Gymnasium,2026-08-25T05:57:00,2026-08-25T06:50:00,53,Tuesday,True
5084,u_139,Gymnasium,2026-08-25T05:57:00,2026-08-25T07:32:00,95,Tuesday,True
4898,u_001,Gymnasium,2026-08-25T05:59:00,2026-08-25T06:50:00,51,Tuesday,True
4993,u_072,Gymnasium,2026-08-25T05:59:00,2026-08-25T07:46:00,107,Tuesday,True
5113,u_155,Indoor Sports Complex,2026-08-25T06:00:00,2026-08-25T06:58:00,58,Tuesday,True
4902,u_003,Indoor Sports Complex,2026-08-25T06:05:00,2026-08-25T07:23:00,78,Tuesday,True
4958,u_046,Gymnasium,2026-08-25T06:06:00,2026-08-25T07:19:00,73,Tuesday,True
4932,u_029,Gymnasium,2026-08-25T06:09:00,2026-08-25T07:20:00,71,Tuesday,True
5041,u_109,Gymnasium,2026-08-25T06:40:00,2026-08-25T07:43:00,63,Tuesday,True
5094,u_147,Indoor Sports Complex,2026-08-25T06:45:00,2026-08-25T07:23:00,38,Tuesday,True
4976,u_060,Indoor Sports Complex,2026-08-25T06:50:00,2026-08-25T07:45:00,55,Tuesday,True
4956,u_045,Indoor Sports Complex,2026-08-25T06:52:00,2026-08-25T07:53:00,61,Tuesday,True
5010,u_089,Gymnasium,2026-08-25T06:57:00,2026-08-25T07:59:00,62,Tuesday,True
5166,u_193,Indoor Sports Complex,2026-08-25T07:11:00,2026-08-25T08:19:00,68,Tuesday,True
5115,u_156,Indoor Sports Complex,2026-08-25T07:16:00,2026-08-25T09:06:00,110,Tuesday,True
5042,u_111,Gymnasium,2026-08-25T07:43:00,2026-08-25T08:47:00,64,Tuesday,True
4907,u_006,Gymnasium,2026-08-25T07:54:00,2026-08-25T09:03:00,69,Tuesday,True
4934,u_031,Indoor Sports Complex,2026-08-25T07:54:00,2026-08-25T09:20:00,86,Tuesday,True
5160,u_190,Indoor Sports Complex,2026-08-25T07:55:00,2026-08-25T08:55:00,60,Tuesday,True
5121,u_160,Gymnasium,2026-08-25T08:00:00,2026-08-25T09:46:00,106,Tuesday,True
5125,u_161,Indoor Sports Complex,2026-08-25T08:00:00,2026-08-25T09:18:00,78,Tuesday,True
5034,u_105,Gymnasium,2026-08-25T08:01:00,2026-08-25T09:00:00,59,Tuesday,True
5051,u_119,Indoor Sports Complex,2026-08-25T08:02:00,2026-08-25T09:28:00,86,Tuesday,True
5017,u_093,Gymnasium,2026-08-25T08:04:00,2026-08-25T09:53:00,109,Tuesday,True
4977,u_060,Gymnasium,2026-08-25T08:06:00,2026-08-25T08:49:00,43,Tuesday,True
5177,u_198,Indoor Sports Complex,2026-08-25T08:08:00,2026-08-25T09:04:00,56,Tuesday,True
4994,u_073,Gymnasium,2026-08-25T08:14:00,2026-08-25T09:31:00,77,Tuesday,True
5003,u_083,Indoor Sports Complex,2026-08-25T08:16:00,2026-08-25T09:07:00,51,Tuesday,True
5016,u_093,Central Cafeteria,2026-08-25T08:16:00,2026-08-25T09:14:00,58,Tuesday,True
5176,u_198,Central Cafeteria,2026-08-25T08:17:00,2026-08-25T09:33:00,76,Tuesday,True
5009,u_088,Central Cafeteria,2026-08-25T08:23:00,2026-08-25T08:46:00,23,Tuesday,True
5173,u_196,Central Cafeteria,2026-08-25T08:23:00,2026-08-25T09:26:00,63,Tuesday,True
4973,u_056,Central Cafeteria,2026-08-25T08:24:00,2026-08-25T09:14:00,50,Tuesday,True
5062,u_127,Student Center,2026-08-25T08:24:00,2026-08-25T09:28:00,64,Tuesday,False
4999,u_081,Central Cafeteria,2026-08-25T08:26:00,2026-08-25T09:20:00,54,Tuesday,True
4951,u_039,Food Court,2026-08-25T08:27:00,2026-08-25T09:13:00,46,Tuesday,True
4940,u_034,Central Cafeteria,2026-08-25T08:28:00,2026-08-25T08:48:00,20,Tuesday,True
4990,u_069,Food Court,2026-08-25T08:28:00,2026-08-25T09:15:00,47,Tuesday,True
4991,u_070,Central Cafeteria,2026-08-25T08:30:00,2026-08-25T09:27:00,57,Tuesday,True
4987,u_067,Central Cafeteria,2026-08-25T08:32:00,2026-08-25T09:47:00,75,Tuesday,True
5029,u_099,Food Court,2026-08-25T08:33:00,2026-08-25T09:22:00,49,Tuesday,True
5064,u_127,Food Court,2026-08-25T08:33:00,2026-08-25T09:05:00,32,Tuesday,True
5030,u_100,Central Cafeteria,2026-08-25T08:34:00,2026-08-25T09:45:00,71,Tuesday,True
5069,u_130,Food Court,2026-08-25T08:34:00,2026-08-25T09:26:00,52,Tuesday,True
4996,u_075,Central Cafeteria,2026-08-25T08:37:00,2026-08-25T09:30:00,53,Tuesday,True
5028,u_098,Food Court,2026-08-25T08:37:00,2026-08-25T09:19:00,42,Tuesday,True
5114,u_155,Central Cafeteria,2026-08-25T08:37:00,2026-08-25T09:22:00,45,Tuesday,True
5149,u_183,Computer Lab A,2026-08-25T08:51:00,2026-08-25T10:30:00,99,Tuesday,True
5122,u_161,Computer Lab B,2026-08-25T08:52:00,2026-08-25T10:26:00,94,Tuesday,True
5110,u_154,Central Cafeteria,2026-08-25T08:55:00,2026-08-25T10:04:00,69,Tuesday,True
5112,u_155,Student Center,2026-08-25T08:56:00,2026-08-25T10:34:00,98,Tuesday,True
4988,u_069,Computer Lab A,2026-08-25T09:07:00,2026-08-25T09:45:00,38,Tuesday,True
5083,u_139,WiFi Zone North,2026-08-25T09:50:00,2026-08-25T11:28:00,98,Tuesday,False
4905,u_005,Computer Lab A,2026-08-25T09:52:00,2026-08-25T11:08:00,76,Tuesday,True
4997,u_076,Student Center,2026-08-25T09:56:00,2026-08-25T10:38:00,42,Tuesday,True
4957,u_046,Computer Lab B,2026-08-25T09:57:00,2026-08-25T11:32:00,95,Tuesday,True
5130,u_163,Computer Lab B,2026-08-25T10:00:00,2026-08-25T11:28:00,88,Tuesday,True
4930,u_027,Computer Lab A,2026-08-25T10:08:00,2026-08-25T11:31:00,83,Tuesday,True
5078,u_136,Computer Lab A,2026-08-25T10:12:00,2026-08-25T11:17:00,65,Tuesday,True
5109,u_153,Student Center,2026-08-25T10:12:00,2026-08-25T11:30:00,78,Tuesday,True
5155,u_187,Computer Lab A,2026-08-25T10:12:00,2026-08-25T10:58:00,46,Tuesday,True
4998,u_078,Computer Lab B,2026-08-25T10:13:00,2026-08-25T11:18:00,65,Tuesday,True
5106,u_151,Computer Lab A,2026-08-25T10:13:00,2026-08-25T10:54:00,41,Tuesday,True
5044,u_113,Computer Lab B,2026-08-25T10:15:00,2026-08-25T11:14:00,59,Tuesday,True
5056,u_122,Student Center,2026-08-25T10:46:00,2026-08-25T11:51:00,65,Tuesday,True
4978,u_063,Computer Lab A,2026-08-25T10:47:00,2026-08-25T11:20:00,33,Tuesday,False
4915,u_012,Student Center,2026-08-25T10:52:00,2026-08-25T12:00:00,68,Tuesday,True
5065,u_127,Student Center,2026-08-25T10:53:00,2026-08-25T12:30:00,97,Tuesday,True
5129,u_162,Computer Lab B,2026-08-25T10:53:00,2026-08-25T11:34:00,41,Tuesday,True
4933,u_029,Computer Lab A,2026-08-25T10:56:00,2026-08-25T11:55:00,59,Tuesday,True
5063,u_127,Computer Lab B,2026-08-25T10:56:00,2026-08-25T11:58:00,62,Tuesday,True
5074,u_133,Student Center,2026-08-25T10:56:00,2026-08-25T12:39:00,103,Tuesday,True
5142,u_173,Computer Lab A,2026-08-25T10:58:00,2026-08-25T11:35:00,37,Tuesday,True
4960,u_047,Student Center,2026-08-25T11:00:00,2026-08-25T11:52:00,52,Tuesday,True
5019,u_094,Student Center,2026-08-25T11:00:00,2026-08-25T12:18:00,78,Tuesday,True
5145,u_176,Computer Lab A,2026-08-25T11:02:00,2026-08-25T12:31:00,89,Tuesday,True
4901,u_002,Student Center,2026-08-25T11:03:00,2026-08-25T11:57:00,54,Tuesday,True
4936,u_033,Computer Lab B,2026-08-25T11:11:00,2026-08-25T11:28:00,17,Tuesday,False
5080,u_136,Computer Lab B,2026-08-25T11:13:00,2026-08-25T12:49:00,96,Tuesday,True
5132,u_164,Student Center,2026-08-25T11:19:00,2026-08-25T13:07:00,108,Tuesday,True
5021,u_095,WiFi Zone South,2026-08-25T11:20:00,2026-08-25T12:44:00,84,Tuesday,False
4928,u_024,Central Cafeteria,2026-08-25T11:47:00,2026-08-25T13:04:00,77,Tuesday,False
5032,u_103,Student Center,2026-08-25T11:50:00,2026-08-25T13:16:00,86,Tuesday,True
5097,u_148,Student Center,2026-08-25T11:50:00,2026-08-25T13:25:00,95,Tuesday,True
5020,u_094,Computer Lab B,2026-08-25T11:56:00,2026-08-25T13:02:00,66,Tuesday,True
5058,u_124,Student Center,2026-08-25T11:57:00,2026-08-25T12:55:00,58,Tuesday,True
5100,u_149,Student Center,2026-08-25T11:57:00,2026-08-25T13:31:00,94,Tuesday,True
5049,u_117,Student Center,2026-08-25T11:59:00,2026-08-25T13:27:00,88,Tuesday,True
4926,u_023,Computer Lab A,2026-08-25T12:00:00,2026-08-25T13:05:00,65,Tuesday,True
5162,u_190,Student Center,2026-08-25T12:05:00,2026-08-25T13:31:00,86,Tuesday,True
5085,u_141,Central Cafeteria,2026-08-25T12:08:00,2026-08-25T13:47:00,99,Tuesday,False
5090,u_145,Student Center,2026-08-25T12:08:00,2026-08-25T12:57:00,49,Tuesday,True
5140,u_171,Computer Lab B,2026-08-25T12:10:00,2026-08-25T12:48:00,38,Tuesday,True
5161,u_190,Central Cafeteria,2026-08-25T12:12:00,2026-08-25T12:57:00,45,Tuesday,True
5127,u_162,Computer Lab A,2026-08-25T12:13:00,2026-08-25T13:28:00,75,Tuesday,True
4899,u_002,Indoor Sports Complex,2026-08-25T12:17:00,2026-08-25T14:17:00,120,Tuesday,False
5147,u_178,Central Cafeteria,2026-08-25T12:17:00,2026-08-25T13:16:00,59,Tuesday,True
5165,u_193,Food Court,2026-08-25T12:21:00,2026-08-25T13:14:00,53,Tuesday,True
5119,u_158,Central Cafeteria,2026-08-25T12:22:00,2026-08-25T12:43:00,21,Tuesday,True
5134,u_165,Central Cafeteria,2026-08-25T12:22:00,2026-08-25T13:15:00,53,Tuesday,True
5105,u_151,Central Cafeteria,2026-08-25T12:23:00,2026-08-25T13:17:00,54,Tuesday,True
5154,u_187,Central Cafeteria,2026-08-25T12:24:00,2026-08-25T13:43:00,79,Tuesday,True
5128,u_162,Central Cafeteria,2026-08-25T12:27:00,2026-08-25T13:17:00,50,Tuesday,True
4959,u_047,Central Cafeteria,2026-08-25T12:28:00,2026-08-25T13:48:00,80,Tuesday,True
5048,u_117,Central Cafeteria,2026-08-25T12:30:00,2026-08-25T13:41:00,71,Tuesday,True
5076,u_134,Food Court,2026-08-25T12:30:00,2026-08-25T13:25:00,55,Tuesday,True
5018,u_093,Food Court,2026-08-25T12:31:00,2026-08-25T13:24:00,53,Tuesday,True
5137,u_168,Central Cafeteria,2026-08-25T12:31:00,2026-08-25T13:49:00,78,Tuesday,True
5117,u_157,Central Cafeteria,2026-08-25T12:34:00,2026-08-25T12:59:00,25,Tuesday,True
5150,u_185,Food Court,2026-08-25T12:34:00,2026-08-25T13:29:00,55,Tuesday,True
5104,u_151,Food Court,2026-08-25T12:41:00,2026-08-25T13:19:00,38,Tuesday,True
5035,u_106,Student Center,2026-08-25T12:45:00,2026-08-25T14:30:00,105,Tuesday,True
5120,u_160,Student Center,2026-08-25T12:47:00,2026-08-25T14:20:00,93,Tuesday,True
5111,u_155,Main Library,2026-08-25T12:49:00,2026-08-25T13:40:00,51,Tuesday,False
5000,u_082,Main Library,2026-08-25T12:51:00,2026-08-25T14:10:00,79,Tuesday,False
5141,u_173,Student Center,2026-08-25T12:52:00,2026-08-25T14:35:00,103,Tuesday,True
5167,u_193,Computer Lab B,2026-08-25T12:56:00,2026-08-25T13:35:00,39,Tuesday,True
4938,u_033,Computer Lab B,2026-08-25T12:58:00,2026-08-25T14:44:00,106,Tuesday,True
5089,u_144,Computer Lab B,2026-08-25T13:00:00,2026-08-25T14:11:00,71,Tuesday,True
5169,u_194,Student Center,2026-08-25T13:02:00,2026-08-25T13:42:00,40,Tuesday,True
5040,u_109,Computer Lab A,2026-08-25T13:05:00,2026-08-25T14:19:00,74,Tuesday,True
5103,u_150,Student Center,2026-08-25T13:06:00,2026-08-25T14:00:00,54,Tuesday,True
5107,u_152,Computer Lab A,2026-08-25T13:08:00,2026-08-25T13:53:00,45,Tuesday,True
5175,u_198,Computer Lab A,2026-08-25T13:09:00,2026-08-25T14:17:00,68,Tuesday,True
5178,u_198,Student Center,2026-08-25T13:10:00,2026-08-25T14:17:00,67,Tuesday,True
5045,u_114,Computer Lab A,2026-08-25T13:12:00,2026-08-25T14:08:00,56,Tuesday,True
4992,u_072,Computer Lab B,2026-08-25T13:14:00,2026-08-25T14:43:00,89,Tuesday,True
5037,u_106,Computer Lab B,2026-08-25T13:19:00,2026-08-25T14:09:00,50,Tuesday,True
5075,u_134,Central Cafeteria,2026-08-25T13:25:00,2026-08-25T13:59:00,34,Tuesday,False
5171,u_195,WiFi Zone North,2026-08-25T13:50:00,2026-08-25T15:19:00,89,Tuesday,False
4947,u_038,Computer Lab B,2026-08-25T13:51:00,2026-08-25T14:48:00,57,Tuesday,False
5024,u_097,Student Center,2026-08-25T13:51:00,2026-08-25T14:47:00,56,Tuesday,True
4982,u_064,Student Center,2026-08-25T13:59:00,2026-08-25T15:00:00,61,Tuesday,True
5156,u_187,Computer Lab B,2026-08-25T14:02:00,2026-08-25T15:09:00,67,Tuesday,True
5015,u_093,Computer Lab B,2026-08-25T14:04:00,2026-08-25T14:56:00,52,Tuesday,True
4911,u_009,Student Center,2026-08-25T14:08:00,2026-08-25T15:39:00,91,Tuesday,True
5135,u_167,Central Cafeteria,2026-08-25T14:10:00,2026-08-25T16:00:00,110,Tuesday,False
5054,u_121,WiFi Zone North,2026-08-25T14:24:00,2026-08-25T15:27:00,63,Tuesday,False
5023,u_096,Student Center,2026-08-25T14:48:00,2026-08-25T16:33:00,105,Tuesday,True
5168,u_193,Computer Lab A,2026-08-25T14:48:00,2026-08-25T15:32:00,44,Tuesday,True
5070,u_131,Computer Lab B,2026-08-25T14:51:00,2026-08-25T15:48:00,57,Tuesday,True
5133,u_165,Student Center,2026-08-25T14:51:00,2026-08-25T15:42:00,51,Tuesday,False
4918,u_018,Computer Lab A,2026-08-25T14:54:00,2026-08-25T15:54:00,60,Tuesday,True
4917,u_018,Computer Lab B,2026-08-25T14:56:00,2026-08-25T15:49:00,53,Tuesday,True
4980,u_063,Computer Lab A,2026-08-25T14:58:00,2026-08-25T16:30:00,92,Tuesday,True
4910,u_008,Computer Lab A,2026-08-25T14:59:00,2026-08-25T16:03:00,64,Tuesday,True
5170,u_194,Computer Lab B,2026-08-25T15:00:00,2026-08-25T15:55:00,55,Tuesday,True
5179,u_199,Student Center,2026-08-25T15:00:00,2026-08-25T16:01:00,61,Tuesday,True
5008,u_088,Central Cafeteria,2026-08-25T15:02:00,2026-08-25T16:35:00,93,Tuesday,False
5043,u_112,Student Center,2026-08-25T15:05:00,2026-08-25T16:02:00,57,Tuesday,True
5005,u_085,Computer Lab B,2026-08-25T15:12:00,2026-08-25T16:57:00,105,Tuesday,True
5011,u_091,Central Cafeteria,2026-08-25T15:35:00,2026-08-25T16:39:00,64,Tuesday,False
5158,u_189,Student Center,2026-08-25T15:36:00,2026-08-25T16:25:00,49,Tuesday,False
4949,u_039,Main Library,2026-08-25T15:38:00,2026-08-25T17:16:00,98,Tuesday,True
4962,u_048,Student Center,2026-08-25T15:40:00,2026-08-25T16:47:00,67,Tuesday,True
5082,u_137,Student Center,2026-08-25T15:42:00,2026-08-25T16:33:00,51,Tuesday,True
5006,u_085,Science Library,2026-08-25T15:43:00,2026-08-25T17:29:00,106,Tuesday,True
4979,u_063,Student Center,2026-08-25T15:45:00,2026-08-25T17:30:00,105,Tuesday,True
5095,u_147,Main Library,2026-08-25T15:48:00,2026-08-25T17:53:00,125,Tuesday,True
5077,u_136,Computer Lab B,2026-08-25T15:50:00,2026-08-25T16:46:00,56,Tuesday,False
4939,u_033,Student Center,2026-08-25T15:52:00,2026-08-25T17:22:00,90,Tuesday,True
5057,u_122,Main Library,2026-08-25T15:54:00,2026-08-25T17:49:00,115,Tuesday,True
5143,u_175,Computer Lab B,2026-08-25T15:56:00,2026-08-25T16:47:00,51,Tuesday,True
4943,u_036,Main Library,2026-08-25T15:57:00,2026-08-25T18:49:00,172,Tuesday,True
5096,u_147,Student Center,2026-08-25T15:58:00,2026-08-25T17:37:00,99,Tuesday,True
4929,u_026,Computer Lab B,2026-08-25T15:59:00,2026-08-25T17:27:00,88,Tuesday,True
4935,u_032,Main Library,2026-08-25T15:59:00,2026-08-25T17:39:00,100,Tuesday,False
5146,u_177,Student Center,2026-08-25T15:59:00,2026-08-25T17:10:00,71,Tuesday,True
5053,u_120,Student Center,2026-08-25T16:00:00,2026-08-25T17:36:00,96,Tuesday,True
5086,u_142,Main Library,2026-08-25T16:00:00,2026-08-25T17:10:00,70,Tuesday,True
5116,u_156,Computer Lab B,2026-08-25T16:00:00,2026-08-25T17:48:00,108,Tuesday,True
4986,u_066,Main Library,2026-08-25T16:01:00,2026-08-25T17:20:00,79,Tuesday,True
5047,u_117,Computer Lab B,2026-08-25T16:01:00,2026-08-25T17:22:00,81,Tuesday,True
5079,u_136,Student Center,2026-08-25T16:01:00,2026-08-25T16:54:00,53,Tuesday,True
5172,u_196,Science Library,2026-08-25T16:02:00,2026-08-25T18:00:00,118,Tuesday,True
5002,u_083,Main Library,2026-08-25T16:05:00,2026-08-25T17:43:00,98,Tuesday,True
5118,u_157,Student Center,2026-08-25T16:10:00,2026-08-25T17:34:00,84,Tuesday,True
5144,u_175,Main Library,2026-08-25T16:13:00,2026-08-25T18:11:00,118,Tuesday,True
4909,u_008,Main Library,2026-08-25T16:32:00,2026-08-25T18:44:00,132,Tuesday,True
5102,u_150,Science Library,2026-08-25T16:50:00,2026-08-25T18:32:00,102,Tuesday,True
5108,u_153,Gymnasium,2026-08-25T16:50:00,2026-08-25T18:39:00,109,Tuesday,True
4931,u_027,Indoor Sports Complex,2026-08-25T16:58:00,2026-08-25T17:57:00,59,Tuesday,True
4950,u_039,Science Library,2026-08-25T16:59:00,2026-08-25T20:17:00,198,Tuesday,True
4945,u_037,Main Library,2026-08-25T17:00:00,2026-08-25T18:04:00,64,Tuesday,True
5013,u_092,Indoor Sports Complex,2026-08-25T17:02:00,2026-08-25T18:34:00,92,Tuesday,True
4969,u_051,Science Library,2026-08-25T17:03:00,2026-08-25T20:18:00,195,Tuesday,True
5093,u_146,Gymnasium,2026-08-25T17:10:00,2026-08-25T17:55:00,45,Tuesday,True
5001,u_082,Gymnasium,2026-08-25T17:12:00,2026-08-25T18:40:00,88,Tuesday,True
5033,u_104,Gymnasium,2026-08-25T17:19:00,2026-08-25T18:22:00,63,Tuesday,True
4981,u_064,Student Center,2026-08-25T17:20:00,2026-08-25T18:11:00,51,Tuesday,False
5012,u_091,Science Library,2026-08-25T17:23:00,2026-08-25T18:51:00,88,Tuesday,True
5004,u_085,Central Cafeteria,2026-08-25T17:31:00,2026-08-25T18:06:00,35,Tuesday,False
5072,u_133,Indoor Sports Complex,2026-08-25T17:43:00,2026-08-25T18:46:00,63,Tuesday,True
5091,u_145,Science Library,2026-08-25T17:45:00,2026-08-25T19:48:00,123,Tuesday,True
4904,u_004,Gymnasium,2026-08-25T17:53:00,2026-08-25T19:19:00,86,Tuesday,True
4937,u_033,Gymnasium,2026-08-25T17:54:00,2026-08-25T18:55:00,61,Tuesday,True
5098,u_148,Main Library,2026-08-25T17:54:00,2026-08-25T20:52:00,178,Tuesday,True
5131,u_163,Indoor Sports Complex,2026-08-25T17:57:00,2026-08-25T19:20:00,83,Tuesday,True
4941,u_034,Indoor Sports Complex,2026-08-25T17:58:00,2026-08-25T19:36:00,98,Tuesday,True
5060,u_126,Indoor Sports Complex,2026-08-25T17:58:00,2026-08-25T18:55:00,57,Tuesday,True
4995,u_073,Main Library,2026-08-25T17:59:00,2026-08-25T20:57:00,178,Tuesday,True
5055,u_121,Science Library,2026-08-25T18:00:00,2026-08-25T19:28:00,88,Tuesday,True
5087,u_143,Main Library,2026-08-25T18:01:00,2026-08-25T19:03:00,62,Tuesday,True
5026,u_098,Indoor Sports Complex,2026-08-25T18:06:00,2026-08-25T19:26:00,80,Tuesday,True
4913,u_010,Main Library,2026-08-25T18:08:00,2026-08-25T20:21:00,133,Tuesday,True
5050,u_118,Indoor Sports Complex,2026-08-25T18:10:00,2026-08-25T19:00:00,50,Tuesday,True
5088,u_144,Indoor Sports Complex,2026-08-25T18:10:00,2026-08-25T19:01:00,51,Tuesday,True
5136,u_167,Main Library,2026-08-25T18:18:00,2026-08-25T20:35:00,137,Tuesday,True
4952,u_040,Indoor Sports Complex,2026-08-25T18:24:00,2026-08-25T19:32:00,68,Tuesday,True
5148,u_179,Food Court,2026-08-25T18:39:00,2026-08-25T19:27:00,48,Tuesday,True
4966,u_049,Main Library,2026-08-25T18:42:00,2026-08-25T20:54:00,132,Tuesday,True
5038,u_108,Central Cafeteria,2026-08-25T18:44:00,2026-08-25T19:28:00,44,Tuesday,True
4948,u_038,Gymnasium,2026-08-25T18:45:00,2026-08-25T19:45:00,60,Tuesday,True
4965,u_049,Science Library,2026-08-25T18:45:00,2026-08-25T20:47:00,122,Tuesday,True
4972,u_055,Gymnasium,2026-08-25T18:45:00,2026-08-25T19:58:00,73,Tuesday,True
5164,u_192,Food Court,2026-08-25T18:45:00,2026-08-25T19:47:00,62,Tuesday,True
4919,u_019,Central Cafeteria,2026-08-25T18:46:00,2026-08-25T19:26:00,40,Tuesday,True
5157,u_188,Food Court,2026-08-25T18:46:00,2026-08-25T19:42:00,56,Tuesday,True
5027,u_098,Science Library,2026-08-25T18:47:00,2026-08-25T20:06:00,79,Tuesday,True
4989,u_069,Main Library,2026-08-25T18:48:00,2026-08-25T20:40:00,112,Tuesday,True
4922,u_020,Central Cafeteria,2026-08-25T18:49:00,2026-08-25T19:36:00,47,Tuesday,True
4974,u_058,Food Court,2026-08-25T18:49:00,2026-08-25T19:40:00,51,Tuesday,True
4908,u_007,Gymnasium,2026-08-25T18:50:00,2026-08-25T19:35:00,45,Tuesday,True
4984,u_064,Central Cafeteria,2026-08-25T18:50:00,2026-08-25T20:08:00,78,Tuesday,True
5066,u_128,Food Court,2026-08-25T18:50:00,2026-08-25T19:47:00,57,Tuesday,True
5073,u_133,Main Library,2026-08-25T18:52:00,2026-08-25T20:39:00,107,Tuesday,True
4924,u_022,Main Library,2026-08-25T18:53:00,2026-08-25T21:58:00,185,Tuesday,True
5081,u_137,Science Library,2026-08-25T18:53:00,2026-08-25T20:27:00,94,Tuesday,True
4967,u_050,Central Cafeteria,2026-08-25T18:54:00,2026-08-25T19:53:00,59,Tuesday,True
5138,u_169,Main Library,2026-08-25T18:54:00,2026-08-25T21:01:00,127,Tuesday,True
5071,u_131,Main Library,2026-08-25T18:55:00,2026-08-25T22:11:00,196,Tuesday,True
5025,u_098,Central Cafeteria,2026-08-25T18:56:00,2026-08-25T19:28:00,32,Tuesday,True
4954,u_041,Food Court,2026-08-25T18:57:00,2026-08-25T20:16:00,79,Tuesday,True
4955,u_042,Food Court,2026-08-25T18:58:00,2026-08-25T19:46:00,48,Tuesday,True
5124,u_161,Food Court,2026-08-25T18:58:00,2026-08-25T20:02:00,64,Tuesday,True
4920,u_019,Science Library,2026-08-25T18:59:00,2026-08-25T22:18:00,199,Tuesday,True
5151,u_186,Main Library,2026-08-25T19:00:00,2026-08-25T20:13:00,73,Tuesday,True
4971,u_055,Food Court,2026-08-25T19:01:00,2026-08-25T19:23:00,22,Tuesday,True
5099,u_149,Gymnasium,2026-08-25T19:01:00,2026-08-25T20:01:00,60,Tuesday,True
4964,u_049,Central Cafeteria,2026-08-25T19:02:00,2026-08-25T19:53:00,51,Tuesday,True
4983,u_064,Main Library,2026-08-25T19:02:00,2026-08-25T20:09:00,67,Tuesday,True
4985,u_065,Main Library,2026-08-25T19:02:00,2026-08-25T20:13:00,71,Tuesday,True
4970,u_054,Central Cafeteria,2026-08-25T19:04:00,2026-08-25T19:48:00,44,Tuesday,True
4923,u_022,Central Cafeteria,2026-08-25T19:06:00,2026-08-25T20:26:00,80,Tuesday,True
4946,u_037,Gymnasium,2026-08-25T19:06:00,2026-08-25T20:35:00,89,Tuesday,True
4975,u_059,Food Court,2026-08-25T19:06:00,2026-08-25T20:00:00,54,Tuesday,True
5123,u_161,Gymnasium,2026-08-25T19:07:00,2026-08-25T20:03:00,56,Tuesday,True
5139,u_170,Central Cafeteria,2026-08-25T19:07:00,2026-08-25T20:27:00,80,Tuesday,True
4900,u_002,Gymnasium,2026-08-25T19:08:00,2026-08-25T20:28:00,80,Tuesday,True
5159,u_189,Science Library,2026-08-25T19:11:00,2026-08-25T20:42:00,91,Tuesday,True
4921,u_020,Indoor Sports Complex,2026-08-25T19:12:00,2026-08-25T20:14:00,62,Tuesday,True
4963,u_048,Science Library,2026-08-25T19:12:00,2026-08-25T21:21:00,129,Tuesday,True
4903,u_004,Central Cafeteria,2026-08-25T19:14:00,2026-08-25T20:13:00,59,Tuesday,True
4927,u_023,Central Cafeteria,2026-08-25T19:14:00,2026-08-25T20:19:00,65,Tuesday,True
4925,u_023,Gymnasium,2026-08-25T19:15:00,2026-08-25T21:04:00,109,Tuesday,True
5022,u_095,Science Library,2026-08-25T19:16:00,2026-08-25T20:47:00,91,Tuesday,True
5061,u_126,Science Library,2026-08-25T19:20:00,2026-08-25T22:33:00,193,Tuesday,True
5092,u_146,Computer Lab B,2026-08-25T19:20:00,2026-08-25T19:50:00,30,Tuesday,False
5163,u_191,Main Library,2026-08-25T19:20:00,2026-08-25T20:22:00,62,Tuesday,True
5039,u_108,Gymnasium,2026-08-25T19:52:00,2026-08-25T20:43:00,51,Tuesday,True
5068,u_129,Main Library,2026-08-25T19:52:00,2026-08-25T20:58:00,66,Tuesday,True
4942,u_034,Main Library,2026-08-25T19:56:00,2026-08-25T23:11:00,195,Tuesday,True
5067,u_129,Indoor Sports Complex,2026-08-25T19:56:00,2026-08-25T20:53:00,57,Tuesday,True
5007,u_086,Main Library,2026-08-25T20:02:00,2026-08-25T22:18:00,136,Tuesday,True
5036,u_106,Gymnasium,2026-08-25T20:03:00,2026-08-25T21:14:00,71,Tuesday,True
5153,u_187,Indoor Sports Complex,2026-08-25T20:07:00,2026-08-25T20:45:00,38,Tuesday,True
4953,u_041,Main Library,2026-08-25T20:09:00,2026-08-25T21:35:00,86,Tuesday,True
5031,u_101,Main Library,2026-08-25T20:10:00,2026-08-25T22:04:00,114,Tuesday,True
4944,u_037,Computer Lab A,2026-08-25T20:11:00,2026-08-25T21:43:00,92,Tuesday,False
5126,u_162,Gymnasium,2026-08-25T20:11:00,2026-08-25T22:02:00,111,Tuesday,False
4961,u_048,Main Library,2026-08-25T20:12:00,2026-08-25T21:24:00,72,Tuesday,False
4914,u_011,Main Library,2026-08-25T20:29:00,2026-08-25T22:06:00,97,Tuesday,False
5046,u_114,Science Library,2026-08-25T20:48:00,2026-08-25T21:54:00,66,Tuesday,True
5101,u_149,Science Library,2026-08-25T20:58:00,2026-08-25T23:08:00,130,Tuesday,True
4916,u_015,Science Library,2026-08-25T21:00:00,2026-08-25T23:12:00,132,Tuesday,True
4912,u_009,Main Library,2026-08-25T21:06:00,2026-08-25T22:17:00,71,Tuesday,True
4968,u_051,Main Library,2026-08-25T21:09:00,2026-08-25T23:59:00,170,Tuesday,True
5014,u_092,Main Library,2026-08-25T21:09:00,2026-08-25T22:02:00,53,Tuesday,True
4906,u_005,Main Library,2026-08-25T21:12:00,2026-08-25T23:07:00,115,Tuesday,True
5059,u_126,Main Library,2026-08-25T21:20:00,2026-08-25T23:31:00,131,Tuesday,True
5454,u_197,Indoor Sports Complex,2026-08-26T05:41:00,2026-08-26T06:32:00,51,Wednesday,True
5226,u_032,Gymnasium,2026-08-26T05:46:00,2026-08-26T07:36:00,110,Wednesday,True
5241,u_041,Indoor Sports Complex,2026-08-26T05:50:00,2026-08-26T06:56:00,66,Wednesday,True
5205,u_018,Gymnasium,2026-08-26T05:51:00,2026-08-26T06:39:00,48,Wednesday,True
5276,u_063,Gymnasium,2026-08-26T05:51:00,2026-08-26T06:36:00,45,Wednesday,True
5378,u_139,Gymnasium,2026-08-26T05:56:00,2026-08-26T07:19:00,83,Wednesday,True
5319,u_102,Indoor Sports Complex,2026-08-26T05:58:00,2026-08-26T07:48:00,110,Wednesday,True
5315,u_096,Gymnasium,2026-08-26T05:59:00,2026-08-26T07:28:00,89,Wednesday,True
5255,u_046,Gymnasium,2026-08-26T06:02:00,2026-08-26T07:16:00,74,Wednesday,True
5184,u_003,Indoor Sports Complex,2026-08-26T06:03:00,2026-08-26T07:19:00,76,Wednesday,True
5362,u_130,Indoor Sports Complex,2026-08-26T06:09:00,2026-08-26T07:47:00,98,Wednesday,True
5400,u_158,Gymnasium,2026-08-26T06:09:00,2026-08-26T07:24:00,75,Wednesday,True
5451,u_196,Indoor Sports Complex,2026-08-26T06:14:00,2026-08-26T07:44:00,90,Wednesday,True
5275,u_061,Indoor Sports Complex,2026-08-26T06:44:00,2026-08-26T07:53:00,69,Wednesday,True
5197,u_014,Gymnasium,2026-08-26T06:47:00,2026-08-26T07:47:00,60,Wednesday,True
5306,u_087,Gymnasium,2026-08-26T06:54:00,2026-08-26T07:56:00,62,Wednesday,True
5449,u_195,Indoor Sports Complex,2026-08-26T06:57:00,2026-08-26T08:31:00,94,Wednesday,True
5283,u_071,Indoor Sports Complex,2026-08-26T07:03:00,2026-08-26T07:39:00,36,Wednesday,True
5385,u_147,Indoor Sports Complex,2026-08-26T07:03:00,2026-08-26T07:55:00,52,Wednesday,True
5307,u_089,Gymnasium,2026-08-26T07:07:00,2026-08-26T08:12:00,65,Wednesday,True
5444,u_194,Gymnasium,2026-08-26T07:25:00,2026-08-26T08:08:00,43,Wednesday,True
5322,u_105,Gymnasium,2026-08-26T07:46:00,2026-08-26T08:37:00,51,Wednesday,True
5185,u_004,Indoor Sports Complex,2026-08-26T07:51:00,2026-08-26T09:30:00,99,Wednesday,True
5419,u_180,Gymnasium,2026-08-26T07:54:00,2026-08-26T09:05:00,71,Wednesday,True
5427,u_184,Gymnasium,2026-08-26T07:54:00,2026-08-26T09:40:00,106,Wednesday,True
5298,u_083,Indoor Sports Complex,2026-08-26T08:00:00,2026-08-26T09:04:00,64,Wednesday,True
5366,u_132,Indoor Sports Complex,2026-08-26T08:00:00,2026-08-26T08:53:00,53,Wednesday,True
5200,u_017,Gymnasium,2026-08-26T08:01:00,2026-08-26T09:11:00,70,Wednesday,True
5220,u_029,Indoor Sports Complex,2026-08-26T08:02:00,2026-08-26T09:44:00,102,Wednesday,True
5281,u_069,Food Court,2026-08-26T08:05:00,2026-08-26T08:45:00,40,Wednesday,True
5262,u_050,Indoor Sports Complex,2026-08-26T08:06:00,2026-08-26T08:58:00,52,Wednesday,True
5399,u_157,Gymnasium,2026-08-26T08:06:00,2026-08-26T09:44:00,98,Wednesday,True
5280,u_068,Indoor Sports Complex,2026-08-26T08:11:00,2026-08-26T09:32:00,81,Wednesday,True
5355,u_126,Gymnasium,2026-08-26T08:11:00,2026-08-26T09:03:00,52,Wednesday,True
5358,u_127,Food Court,2026-08-26T08:12:00,2026-08-26T08:47:00,35,Wednesday,True
5233,u_036,Central Cafeteria,2026-08-26T08:15:00,2026-08-26T08:42:00,27,Wednesday,True
5230,u_034,Central Cafeteria,2026-08-26T08:19:00,2026-08-26T08:39:00,20,Wednesday,True
5286,u_075,Central Cafeteria,2026-08-26T08:22:00,2026-08-26T09:05:00,43,Wednesday,True
5343,u_119,Food Court,2026-08-26T08:25:00,2026-08-26T08:49:00,24,Wednesday,True
5183,u_003,Food Court,2026-08-26T08:27:00,2026-08-26T09:02:00,35,Wednesday,True
5429,u_185,Central Cafeteria,2026-08-26T08:27:00,2026-08-26T09:08:00,41,Wednesday,True
5423,u_182,Central Cafeteria,2026-08-26T08:29:00,2026-08-26T09:44:00,75,Wednesday,True
5218,u_028,Food Court,2026-08-26T08:30:00,2026-08-26T09:20:00,50,Wednesday,True
5270,u_056,Central Cafeteria,2026-08-26T08:30:00,2026-08-26T09:05:00,35,Wednesday,True
5256,u_046,Central Cafeteria,2026-08-26T08:35:00,2026-08-26T09:41:00,66,Wednesday,True
5443,u_194,Food Court,2026-08-26T08:35:00,2026-08-26T10:32:00,117,Wednesday,False
5361,u_130,Food Court,2026-08-26T08:36:00,2026-08-26T09:34:00,58,Wednesday,True
5194,u_011,Computer Lab B,2026-08-26T08:48:00,2026-08-26T10:21:00,93,Wednesday,True
5206,u_020,Food Court,2026-08-26T08:50:00,2026-08-26T09:41:00,51,Wednesday,True
5326,u_106,Computer Lab A,2026-08-26T08:52:00,2026-08-26T09:29:00,37,Wednesday,True
5299,u_084,Computer Lab A,2026-08-26T08:55:00,2026-08-26T09:40:00,45,Wednesday,True
5369,u_133,Computer Lab A,2026-08-26T08:55:00,2026-08-26T09:51:00,56,Wednesday,True
5402,u_161,Computer Lab B,2026-08-26T08:56:00,2026-08-26T10:24:00,88,Wednesday,True
5242,u_041,Computer Lab B,2026-08-26T09:03:00,2026-08-26T09:51:00,48,Wednesday,True
5397,u_155,Student Center,2026-08-26T09:07:00,2026-08-26T10:48:00,101,Wednesday,True
5422,u_182,Student Center,2026-08-26T09:07:00,2026-08-26T10:28:00,81,Wednesday,True
5424,u_183,Computer Lab A,2026-08-26T09:10:00,2026-08-26T10:45:00,95,Wednesday,True
5279,u_065,Computer Lab B,2026-08-26T09:17:00,2026-08-26T09:56:00,39,Wednesday,True
5346,u_120,Computer Lab A,2026-08-26T09:20:00,2026-08-26T10:01:00,41,Wednesday,True
5430,u_186,Computer Lab A,2026-08-26T09:20:00,2026-08-26T09:58:00,38,Wednesday,False
5435,u_188,Computer Lab B,2026-08-26T09:47:00,2026-08-26T11:17:00,90,Wednesday,True
5253,u_046,Computer Lab B,2026-08-26T09:48:00,2026-08-26T11:22:00,94,Wednesday,True
5337,u_113,Computer Lab B,2026-08-26T09:49:00,2026-08-26T10:55:00,66,Wednesday,True
5217,u_027,Computer Lab A,2026-08-26T09:51:00,2026-08-26T11:16:00,85,Wednesday,True
5394,u_151,Computer Lab A,2026-08-26T09:52:00,2026-08-26T10:53:00,61,Wednesday,True
5440,u_193,Student Center,2026-08-26T09:56:00,2026-08-26T10:46:00,50,Wednesday,True
5248,u_043,Computer Lab B,2026-08-26T10:07:00,2026-08-26T10:52:00,45,Wednesday,True
5396,u_153,Student Center,2026-08-26T10:12:00,2026-08-26T11:29:00,77,Wednesday,True
5207,u_021,Student Center,2026-08-26T10:14:00,2026-08-26T11:06:00,52,Wednesday,True
5329,u_108,Student Center,2026-08-26T10:35:00,2026-08-26T11:46:00,71,Wednesday,True
5348,u_122,Student Center,2026-08-26T10:47:00,2026-08-26T11:40:00,53,Wednesday,True
5416,u_176,Computer Lab A,2026-08-26T10:53:00,2026-08-26T12:14:00,81,Wednesday,True
5187,u_006,Computer Lab B,2026-08-26T10:54:00,2026-08-26T11:52:00,58,Wednesday,True
5418,u_177,Computer Lab B,2026-08-26T10:58:00,2026-08-26T11:52:00,54,Wednesday,True
5357,u_127,Computer Lab B,2026-08-26T10:59:00,2026-08-26T11:53:00,54,Wednesday,True
5340,u_117,Computer Lab A,2026-08-26T11:00:00,2026-08-26T12:18:00,78,Wednesday,True
5370,u_135,Student Center,2026-08-26T11:02:00,2026-08-26T12:36:00,94,Wednesday,True
5368,u_133,Student Center,2026-08-26T11:03:00,2026-08-26T12:29:00,86,Wednesday,True
5414,u_173,Computer Lab A,2026-08-26T11:05:00,2026-08-26T12:01:00,56,Wednesday,True
5221,u_029,Computer Lab A,2026-08-26T11:09:00,2026-08-26T12:08:00,59,Wednesday,True
5318,u_101,Computer Lab B,2026-08-26T11:12:00,2026-08-26T13:02:00,110,Wednesday,True
5336,u_113,Student Center,2026-08-26T11:23:00,2026-08-26T12:31:00,68,Wednesday,True
5428,u_185,Student Center,2026-08-26T11:52:00,2026-08-26T13:04:00,72,Wednesday,True
5351,u_124,Computer Lab B,2026-08-26T11:54:00,2026-08-26T12:51:00,57,Wednesday,True
5344,u_119,Computer Lab B,2026-08-26T11:55:00,2026-08-26T12:56:00,61,Wednesday,True
5406,u_166,Student Center,2026-08-26T11:57:00,2026-08-26T13:09:00,72,Wednesday,True
5436,u_190,Computer Lab B,2026-08-26T11:58:00,2026-08-26T13:18:00,80,Wednesday,True
5389,u_149,Student Center,2026-08-26T12:02:00,2026-08-26T13:29:00,87,Wednesday,True
5297,u_082,Computer Lab B,2026-08-26T12:04:00,2026-08-26T13:04:00,60,Wednesday,True
5379,u_139,Student Center,2026-08-26T12:04:00,2026-08-26T13:00:00,56,Wednesday,True
5401,u_158,Central Cafeteria,2026-08-26T12:20:00,2026-08-26T13:03:00,43,Wednesday,True
5441,u_193,Food Court,2026-08-26T12:20:00,2026-08-26T13:11:00,51,Wednesday,True
5257,u_047,Central Cafeteria,2026-08-26T12:21:00,2026-08-26T13:40:00,79,Wednesday,True
5199,u_017,Student Center,2026-08-26T12:25:00,2026-08-26T14:14:00,109,Wednesday,True
5373,u_137,Food Court,2026-08-26T12:30:00,2026-08-26T12:54:00,24,Wednesday,True
5265,u_053,Central Cafeteria,2026-08-26T12:35:00,2026-08-26T13:13:00,38,Wednesday,True
5409,u_168,Central Cafeteria,2026-08-26T12:36:00,2026-08-26T13:45:00,69,Wednesday,True
5313,u_093,Food Court,2026-08-26T12:37:00,2026-08-26T13:32:00,55,Wednesday,True
5193,u_011,Food Court,2026-08-26T12:39:00,2026-08-26T13:23:00,44,Wednesday,True
5453,u_197,Central Cafeteria,2026-08-26T12:47:00,2026-08-26T13:46:00,59,Wednesday,True
5228,u_033,Computer Lab B,2026-08-26T12:48:00,2026-08-26T14:25:00,97,Wednesday,True
5192,u_010,Student Center,2026-08-26T12:52:00,2026-08-26T14:32:00,100,Wednesday,True
5392,u_150,Student Center,2026-08-26T12:52:00,2026-08-26T13:27:00,35,Wednesday,True
5284,u_072,Computer Lab B,2026-08-26T12:53:00,2026-08-26T14:18:00,85,Wednesday,True
5323,u_106,Gymnasium,2026-08-26T12:55:00,2026-08-26T13:31:00,36,Wednesday,False
5325,u_106,Computer Lab B,2026-08-26T12:56:00,2026-08-26T13:50:00,54,Wednesday,True
5324,u_106,Student Center,2026-08-26T12:58:00,2026-08-26T14:33:00,95,Wednesday,True
5404,u_162,Student Center,2026-08-26T13:00:00,2026-08-26T14:36:00,96,Wednesday,True
5292,u_079,Computer Lab A,2026-08-26T13:05:00,2026-08-26T13:48:00,43,Wednesday,True
5296,u_081,Computer Lab A,2026-08-26T13:06:00,2026-08-26T14:45:00,99,Wednesday,True
5251,u_044,Indoor Sports Complex,2026-08-26T13:07:00,2026-08-26T13:33:00,26,Wednesday,False
5395,u_152,Computer Lab A,2026-08-26T13:27:00,2026-08-26T14:11:00,44,Wednesday,True
5433,u_187,Computer Lab B,2026-08-26T13:47:00,2026-08-26T15:01:00,74,Wednesday,True
5456,u_199,Computer Lab A,2026-08-26T13:48:00,2026-08-26T15:12:00,84,Wednesday,True
5287,u_076,Computer Lab A,2026-08-26T13:49:00,2026-08-26T14:44:00,55,Wednesday,True
5365,u_131,Student Center,2026-08-26T13:55:00,2026-08-26T14:58:00,63,Wednesday,True
5191,u_009,Student Center,2026-08-26T13:59:00,2026-08-26T15:25:00,86,Wednesday,True
5339,u_116,Student Center,2026-08-26T14:02:00,2026-08-26T15:19:00,77,Wednesday,True
5240,u_040,Computer Lab A,2026-08-26T14:03:00,2026-08-26T15:32:00,89,Wednesday,True
5239,u_039,Student Center,2026-08-26T14:04:00,2026-08-26T15:24:00,80,Wednesday,True
5198,u_016,Computer Lab A,2026-08-26T14:05:00,2026-08-26T15:01:00,56,Wednesday,True
5195,u_013,Computer Lab B,2026-08-26T14:06:00,2026-08-26T14:59:00,53,Wednesday,True
5252,u_044,Student Center,2026-08-26T14:06:00,2026-08-26T14:43:00,37,Wednesday,True
5311,u_093,Computer Lab B,2026-08-26T14:07:00,2026-08-26T15:08:00,61,Wednesday,True
5333,u_110,Computer Lab A,2026-08-26T14:08:00,2026-08-26T15:20:00,72,Wednesday,True
5452,u_197,Gymnasium,2026-08-26T14:13:00,2026-08-26T14:49:00,36,Wednesday,False
5457,u_200,Computer Lab B,2026-08-26T14:13:00,2026-08-26T15:03:00,50,Wednesday,True
5359,u_128,Computer Lab A,2026-08-26T14:14:00,2026-08-26T15:18:00,64,Wednesday,True
5438,u_191,Computer Lab B,2026-08-26T14:15:00,2026-08-26T15:05:00,50,Wednesday,True
5274,u_061,Computer Lab A,2026-08-26T14:19:00,2026-08-26T14:58:00,39,Wednesday,True
5308,u_090,Student Center,2026-08-26T14:27:00,2026-08-26T15:43:00,76,Wednesday,False
5180,u_001,Computer Lab B,2026-08-26T14:51:00,2026-08-26T16:29:00,98,Wednesday,True
5305,u_087,Student Center,2026-08-26T14:52:00,2026-08-26T15:51:00,59,Wednesday,True
5363,u_131,Computer Lab B,2026-08-26T14:53:00,2026-08-26T15:57:00,64,Wednesday,True
5413,u_172,Computer Lab B,2026-08-26T14:53:00,2026-08-26T15:58:00,65,Wednesday,True
5245,u_041,Computer Lab A,2026-08-26T14:57:00,2026-08-26T16:03:00,66,Wednesday,True
5204,u_018,Computer Lab A,2026-08-26T14:58:00,2026-08-26T15:44:00,46,Wednesday,True
5442,u_193,Computer Lab A,2026-08-26T14:59:00,2026-08-26T15:56:00,57,Wednesday,True
5202,u_018,Computer Lab B,2026-08-26T15:00:00,2026-08-26T16:13:00,73,Wednesday,True
5272,u_058,Computer Lab B,2026-08-26T15:00:00,2026-08-26T15:53:00,53,Wednesday,True
5301,u_085,Computer Lab B,2026-08-26T15:00:00,2026-08-26T16:41:00,101,Wednesday,True
5314,u_095,Computer Lab B,2026-08-26T15:00:00,2026-08-26T15:58:00,58,Wednesday,True
5387,u_148,Computer Lab A,2026-08-26T15:00:00,2026-08-26T15:37:00,37,Wednesday,True
5317,u_100,Student Center,2026-08-26T15:02:00,2026-08-26T15:55:00,53,Wednesday,True
5332,u_110,Student Center,2026-08-26T15:03:00,2026-08-26T15:54:00,51,Wednesday,True
5446,u_194,Computer Lab B,2026-08-26T15:04:00,2026-08-26T16:07:00,63,Wednesday,True
5277,u_063,Computer Lab A,2026-08-26T15:10:00,2026-08-26T16:59:00,109,Wednesday,True
5455,u_199,Student Center,2026-08-26T15:13:00,2026-08-26T16:08:00,55,Wednesday,True
5210,u_024,Computer Lab A,2026-08-26T15:20:00,2026-08-26T16:35:00,75,Wednesday,True
5448,u_195,Student Center,2026-08-26T15:30:00,2026-08-26T16:50:00,80,Wednesday,True
5335,u_113,Main Library,2026-08-26T15:31:00,2026-08-26T17:11:00,100,Wednesday,False
5258,u_048,Student Center,2026-08-26T15:37:00,2026-08-26T16:40:00,63,Wednesday,True
5282,u_070,Main Library,2026-08-26T15:44:00,2026-08-26T16:46:00,62,Wednesday,True
5300,u_085,Student Center,2026-08-26T15:47:00,2026-08-26T16:53:00,66,Wednesday,True
5213,u_025,Computer Lab A,2026-08-26T15:56:00,2026-08-26T17:30:00,94,Wednesday,True
5222,u_029,Science Library,2026-08-26T15:59:00,2026-08-26T17:40:00,101,Wednesday,True
5320,u_102,Science Library,2026-08-26T16:00:00,2026-08-26T17:51:00,111,Wednesday,True
5407,u_167,Student Center,2026-08-26T16:00:00,2026-08-26T16:42:00,42,Wednesday,True
5458,u_200,Science Library,2026-08-26T16:01:00,2026-08-26T17:51:00,110,Wednesday,True
5238,u_039,Main Library,2026-08-26T16:02:00,2026-08-26T17:22:00,80,Wednesday,True
5269,u_056,Student Center,2026-08-26T16:02:00,2026-08-26T17:42:00,100,Wednesday,True
5417,u_177,Student Center,2026-08-26T16:03:00,2026-08-26T17:01:00,58,Wednesday,True
5264,u_052,Main Library,2026-08-26T16:06:00,2026-08-26T17:12:00,66,Wednesday,True
5312,u_093,Student Center,2026-08-26T16:07:00,2026-08-26T16:57:00,50,Wednesday,True
5214,u_025,Computer Lab B,2026-08-26T16:08:00,2026-08-26T17:16:00,68,Wednesday,True
5203,u_018,Main Library,2026-08-26T16:09:00,2026-08-26T18:23:00,134,Wednesday,True
5352,u_125,Science Library,2026-08-26T16:09:00,2026-08-26T17:22:00,73,Wednesday,True
5376,u_137,Student Center,2026-08-26T16:10:00,2026-08-26T17:09:00,59,Wednesday,True
5223,u_030,Computer Lab B,2026-08-26T16:11:00,2026-08-26T17:39:00,88,Wednesday,True
5372,u_136,Student Center,2026-08-26T16:11:00,2026-08-26T17:10:00,59,Wednesday,True
5303,u_085,Science Library,2026-08-26T16:13:00,2026-08-26T17:57:00,104,Wednesday,True
5391,u_150,Main Library,2026-08-26T16:14:00,2026-08-26T17:59:00,105,Wednesday,True
5234,u_037,WiFi Zone North,2026-08-26T16:19:00,2026-08-26T17:28:00,69,Wednesday,False
5289,u_077,Science Library,2026-08-26T16:20:00,2026-08-26T17:38:00,78,Wednesday,True
5260,u_049,Computer Lab A,2026-08-26T16:22:00,2026-08-26T17:13:00,51,Wednesday,True
5426,u_183,Science Library,2026-08-26T16:40:00,2026-08-26T18:03:00,83,Wednesday,True
5309,u_091,Science Library,2026-08-26T16:44:00,2026-08-26T18:30:00,106,Wednesday,True
5196,u_014,Science Library,2026-08-26T16:45:00,2026-08-26T17:45:00,60,Wednesday,False
5190,u_008,Main Library,2026-08-26T16:46:00,2026-08-26T18:48:00,122,Wednesday,True
5235,u_037,Main Library,2026-08-26T16:54:00,2026-08-26T17:45:00,51,Wednesday,True
5316,u_099,Main Library,2026-08-26T16:54:00,2026-08-26T17:44:00,50,Wednesday,True
5327,u_107,Main Library,2026-08-26T16:54:00,2026-08-26T18:43:00,109,Wednesday,True
5380,u_140,Gymnasium,2026-08-26T16:54:00,2026-08-26T17:52:00,58,Wednesday,True
5386,u_148,Indoor Sports Complex,2026-08-26T16:54:00,2026-08-26T18:41:00,107,Wednesday,True
5411,u_170,Gymnasium,2026-08-26T17:00:00,2026-08-26T18:01:00,61,Wednesday,True
5445,u_194,Main Library,2026-08-26T17:00:00,2026-08-26T17:59:00,59,Wednesday,True
5393,u_151,Main Library,2026-08-26T17:01:00,2026-08-26T17:55:00,54,Wednesday,True
5381,u_140,Science Library,2026-08-26T17:06:00,2026-08-26T19:13:00,127,Wednesday,True
5266,u_054,Main Library,2026-08-26T17:09:00,2026-08-26T18:04:00,55,Wednesday,True
5371,u_136,Science Library,2026-08-26T17:10:00,2026-08-26T20:06:00,176,Wednesday,True
5364,u_131,Science Library,2026-08-26T17:13:00,2026-08-26T18:11:00,58,Wednesday,True
5367,u_133,WiFi Zone North,2026-08-26T17:33:00,2026-08-26T18:10:00,37,Wednesday,False
5408,u_167,Main Library,2026-08-26T17:44:00,2026-08-26T19:36:00,112,Wednesday,True
5211,u_024,Indoor Sports Complex,2026-08-26T17:50:00,2026-08-26T19:37:00,107,Wednesday,True
5216,u_027,Science Library,2026-08-26T17:50:00,2026-08-26T19:22:00,92,Wednesday,True
5384,u_145,Indoor Sports Complex,2026-08-26T17:50:00,2026-08-26T19:00:00,70,Wednesday,True
5388,u_148,Main Library,2026-08-26T17:51:00,2026-08-26T20:41:00,170,Wednesday,True
5249,u_043,Science Library,2026-08-26T17:52:00,2026-08-26T21:07:00,195,Wednesday,True
5349,u_123,Main Library,2026-08-26T17:53:00,2026-08-26T19:28:00,95,Wednesday,True
5347,u_121,Science Library,2026-08-26T17:54:00,2026-08-26T19:20:00,86,Wednesday,True
5383,u_143,Main Library,2026-08-26T17:54:00,2026-08-26T19:03:00,69,Wednesday,True
5247,u_042,Science Library,2026-08-26T17:56:00,2026-08-26T19:23:00,87,Wednesday,True
5353,u_125,Indoor Sports Complex,2026-08-26T17:56:00,2026-08-26T18:38:00,42,Wednesday,True
5334,u_111,Indoor Sports Complex,2026-08-26T17:58:00,2026-08-26T19:37:00,99,Wednesday,True
5341,u_118,Indoor Sports Complex,2026-08-26T17:59:00,2026-08-26T18:53:00,54,Wednesday,True
5291,u_078,Science Library,2026-08-26T18:02:00,2026-08-26T19:39:00,97,Wednesday,True
5225,u_032,Indoor Sports Complex,2026-08-26T18:03:00,2026-08-26T19:00:00,57,Wednesday,True
5345,u_120,Indoor Sports Complex,2026-08-26T18:03:00,2026-08-26T19:21:00,78,Wednesday,True
5421,u_182,Indoor Sports Complex,2026-08-26T18:08:00,2026-08-26T19:02:00,54,Wednesday,True
5285,u_075,Science Library,2026-08-26T18:10:00,2026-08-26T21:18:00,188,Wednesday,True
5227,u_033,Gymnasium,2026-08-26T18:19:00,2026-08-26T19:26:00,67,Wednesday,True
5231,u_034,Indoor Sports Complex,2026-08-26T18:25:00,2026-08-26T19:49:00,84,Wednesday,True
5212,u_025,Gymnasium,2026-08-26T18:41:00,2026-08-26T20:16:00,95,Wednesday,True
5229,u_034,Science Library,2026-08-26T18:44:00,2026-08-26T20:32:00,108,Wednesday,True
5215,u_026,Science Library,2026-08-26T18:50:00,2026-08-26T20:26:00,96,Wednesday,True
5410,u_170,Central Cafeteria,2026-08-26T18:51:00,2026-08-26T20:00:00,69,Wednesday,True
5259,u_048,Science Library,2026-08-26T18:53:00,2026-08-26T21:04:00,131,Wednesday,True
5398,u_156,Gymnasium,2026-08-26T18:53:00,2026-08-26T19:45:00,52,Wednesday,True
5420,u_181,Food Court,2026-08-26T18:53:00,2026-08-26T20:01:00,68,Wednesday,True
5295,u_081,Indoor Sports Complex,2026-08-26T18:54:00,2026-08-26T20:31:00,97,Wednesday,True
5321,u_102,Central Cafeteria,2026-08-26T18:55:00,2026-08-26T19:21:00,26,Wednesday,True
5374,u_137,Central Cafeteria,2026-08-26T18:55:00,2026-08-26T20:04:00,69,Wednesday,True
5375,u_137,Science Library,2026-08-26T18:56:00,2026-08-26T20:38:00,102,Wednesday,True
5181,u_001,Indoor Sports Complex,2026-08-26T18:57:00,2026-08-26T19:53:00,56,Wednesday,True
5261,u_049,Main Library,2026-08-26T18:57:00,2026-08-26T21:03:00,126,Wednesday,True
5268,u_055,Gymnasium,2026-08-26T18:57:00,2026-08-26T19:50:00,53,Wednesday,True
5246,u_042,Indoor Sports Complex,2026-08-26T18:58:00,2026-08-26T19:55:00,57,Wednesday,True
5208,u_022,Central Cafeteria,2026-08-26T19:00:00,2026-08-26T20:07:00,67,Wednesday,True
5236,u_037,Gymnasium,2026-08-26T19:00:00,2026-08-26T20:49:00,109,Wednesday,True
5267,u_055,Food Court,2026-08-26T19:00:00,2026-08-26T19:38:00,38,Wednesday,True
5273,u_059,Main Library,2026-08-26T19:00:00,2026-08-26T20:19:00,79,Wednesday,True
5290,u_078,Indoor Sports Complex,2026-08-26T19:00:00,2026-08-26T20:35:00,95,Wednesday,True
5304,u_087,Central Cafeteria,2026-08-26T19:00:00,2026-08-26T19:26:00,26,Wednesday,True
5186,u_004,Science Library,2026-08-26T19:01:00,2026-08-26T22:21:00,200,Wednesday,True
5437,u_191,Food Court,2026-08-26T19:01:00,2026-08-26T20:03:00,62,Wednesday,True
5224,u_030,Science Library,2026-08-26T19:02:00,2026-08-26T20:47:00,105,Wednesday,True
5412,u_172,Central Cafeteria,2026-08-26T19:02:00,2026-08-26T20:02:00,60,Wednesday,True
5244,u_041,Food Court,2026-08-26T19:03:00,2026-08-26T19:58:00,55,Wednesday,True
5237,u_038,Gymnasium,2026-08-26T19:04:00,2026-08-26T20:02:00,58,Wednesday,True
5294,u_081,Main Library,2026-08-26T19:04:00,2026-08-26T20:43:00,99,Wednesday,True
5425,u_183,Central Cafeteria,2026-08-26T19:04:00,2026-08-26T19:48:00,44,Wednesday,True
5271,u_057,Gymnasium,2026-08-26T19:06:00,2026-08-26T20:16:00,70,Wednesday,True
5403,u_161,Gymnasium,2026-08-26T19:07:00,2026-08-26T19:58:00,51,Wednesday,True
5434,u_188,Indoor Sports Complex,2026-08-26T19:08:00,2026-08-26T20:00:00,52,Wednesday,True
5431,u_186,Main Library,2026-08-26T19:09:00,2026-08-26T20:15:00,66,Wednesday,True
5201,u_017,Indoor Sports Complex,2026-08-26T19:10:00,2026-08-26T20:03:00,53,Wednesday,True
5189,u_007,Gymnasium,2026-08-26T19:11:00,2026-08-26T20:04:00,53,Wednesday,True
5356,u_126,Science Library,2026-08-26T19:13:00,2026-08-26T22:27:00,194,Wednesday,True
5182,u_002,Gymnasium,2026-08-26T19:16:00,2026-08-26T21:05:00,109,Wednesday,True
5232,u_035,Science Library,2026-08-26T19:16:00,2026-08-26T22:15:00,179,Wednesday,True
5278,u_064,Central Cafeteria,2026-08-26T19:16:00,2026-08-26T20:12:00,56,Wednesday,True
5390,u_150,Central Cafeteria,2026-08-26T19:19:00,2026-08-26T19:59:00,40,Wednesday,True
5338,u_114,Main Library,2026-08-26T19:50:00,2026-08-26T21:52:00,122,Wednesday,True
5243,u_041,Main Library,2026-08-26T19:52:00,2026-08-26T21:14:00,82,Wednesday,True
5328,u_107,Indoor Sports Complex,2026-08-26T19:52:00,2026-08-26T21:10:00,78,Wednesday,True
5219,u_029,Main Library,2026-08-26T19:55:00,2026-08-26T21:25:00,90,Wednesday,True
5432,u_187,Science Library,2026-08-26T19:56:00,2026-08-26T21:41:00,105,Wednesday,True
5342,u_118,Science Library,2026-08-26T19:59:00,2026-08-26T21:06:00,67,Wednesday,True
5377,u_138,Indoor Sports Complex,2026-08-26T20:00:00,2026-08-26T20:40:00,40,Wednesday,True
5439,u_191,Gymnasium,2026-08-26T20:01:00,2026-08-26T21:19:00,78,Wednesday,True
5209,u_023,Indoor Sports Complex,2026-08-26T20:07:00,2026-08-26T21:24:00,77,Wednesday,True
5310,u_092,Gymnasium,2026-08-26T20:07:00,2026-08-26T21:23:00,76,Wednesday,True
5293,u_079,Main Library,2026-08-26T20:11:00,2026-08-26T21:02:00,51,Wednesday,True
5302,u_085,Main Library,2026-08-26T20:11:00,2026-08-26T23:05:00,174,Wednesday,True
5450,u_196,Gymnasium,2026-08-26T20:11:00,2026-08-26T21:01:00,50,Wednesday,True
5360,u_129,Indoor Sports Complex,2026-08-26T20:15:00,2026-08-26T21:00:00,45,Wednesday,True
5447,u_195,Computer Lab B,2026-08-26T20:20:00,2026-08-26T21:50:00,90,Wednesday,False
5330,u_108,Gymnasium,2026-08-26T20:28:00,2026-08-26T21:25:00,57,Wednesday,True
5288,u_077,Main Library,2026-08-26T20:50:00,2026-08-27T00:03:00,193,Wednesday,True
5415,u_174,Science Library,2026-08-26T20:56:00,2026-08-26T22:04:00,68,Wednesday,True
5354,u_125,Main Library,2026-08-26T20:57:00,2026-08-26T21:47:00,50,Wednesday,True
5188,u_007,Main Library,2026-08-26T20:59:00,2026-08-26T22:30:00,91,Wednesday,False
5250,u_043,Main Library,2026-08-26T21:00:00,2026-08-26T23:00:00,120,Wednesday,True
5263,u_051,Main Library,2026-08-26T21:00:00,2026-08-26T23:52:00,172,Wednesday,True
5331,u_109,Main Library,2026-08-26T21:03:00,2026-08-26T22:40:00,97,Wednesday,True
5405,u_164,Main Library,2026-08-26T21:05:00,2026-08-27T00:20:00,195,Wednesday,True
5350,u_124,Science Library,2026-08-26T21:06:00,2026-08-26T23:12:00,126,Wednesday,True
5382,u_142,Science Library,2026-08-26T21:07:00,2026-08-26T22:57:00,110,Wednesday,True
5254,u_046,Main Library,2026-08-26T21:10:00,2026-08-26T22:09:00,59,Wednesday,True
5546,u_063,Gymnasium,2026-08-27T05:37:00,2026-08-27T06:24:00,47,Thursday,True
5483,u_018,Gymnasium,2026-08-27T05:46:00,2026-08-27T06:31:00,45,Thursday,True
5634,u_120,Gymnasium,2026-08-27T05:52:00,2026-08-27T07:20:00,88,Thursday,True
5509,u_041,Indoor Sports Complex,2026-08-27T05:54:00,2026-08-27T06:50:00,56,Thursday,True
5595,u_096,Gymnasium,2026-08-27T05:57:00,2026-08-27T07:28:00,91,Thursday,True
5676,u_143,Gymnasium,2026-08-27T05:58:00,2026-08-27T07:20:00,82,Thursday,True
5736,u_186,Indoor Sports Complex,2026-08-27T06:03:00,2026-08-27T07:07:00,64,Thursday,True
5751,u_194,Indoor Sports Complex,2026-08-27T06:05:00,2026-08-27T07:37:00,92,Thursday,True
5756,u_196,Indoor Sports Complex,2026-08-27T06:13:00,2026-08-27T07:57:00,104,Thursday,True
5608,u_104,Indoor Sports Complex,2026-08-27T06:45:00,2026-08-27T07:45:00,60,Thursday,True
5545,u_062,Indoor Sports Complex,2026-08-27T06:52:00,2026-08-27T08:36:00,104,Thursday,True
5711,u_171,Indoor Sports Complex,2026-08-27T06:53:00,2026-08-27T07:49:00,56,Thursday,True
5762,u_200,Gymnasium,2026-08-27T06:54:00,2026-08-27T08:09:00,75,Thursday,True
5527,u_050,Gymnasium,2026-08-27T06:56:00,2026-08-27T08:01:00,65,Thursday,True
5520,u_048,Indoor Sports Complex,2026-08-27T07:00:00,2026-08-27T07:50:00,50,Thursday,True
5581,u_087,Gymnasium,2026-08-27T07:08:00,2026-08-27T07:59:00,51,Thursday,True
5750,u_194,Gymnasium,2026-08-27T07:08:00,2026-08-27T08:10:00,62,Thursday,True
5616,u_109,Gymnasium,2026-08-27T07:09:00,2026-08-27T08:22:00,73,Thursday,True
5754,u_195,Indoor Sports Complex,2026-08-27T07:09:00,2026-08-27T08:51:00,102,Thursday,True
5716,u_175,Gymnasium,2026-08-27T07:10:00,2026-08-27T07:53:00,43,Thursday,True
5630,u_119,Indoor Sports Complex,2026-08-27T07:46:00,2026-08-27T09:32:00,106,Thursday,True
5670,u_138,Gymnasium,2026-08-27T07:50:00,2026-08-27T09:27:00,97,Thursday,True
5722,u_180,Gymnasium,2026-08-27T07:50:00,2026-08-27T09:03:00,73,Thursday,True
5517,u_045,Gymnasium,2026-08-27T07:51:00,2026-08-27T08:48:00,57,Thursday,True
5584,u_090,Gymnasium,2026-08-27T07:55:00,2026-08-27T08:36:00,41,Thursday,True
5639,u_123,Gymnasium,2026-08-27T07:57:00,2026-08-27T09:16:00,79,Thursday,True
5741,u_190,Indoor Sports Complex,2026-08-27T08:00:00,2026-08-27T08:57:00,57,Thursday,True
5573,u_083,Indoor Sports Complex,2026-08-27T08:03:00,2026-08-27T09:07:00,64,Thursday,True
5557,u_073,Gymnasium,2026-08-27T08:04:00,2026-08-27T09:00:00,56,Thursday,True
5494,u_030,Indoor Sports Complex,2026-08-27T08:05:00,2026-08-27T09:07:00,62,Thursday,True
5479,u_017,Gymnasium,2026-08-27T08:06:00,2026-08-27T09:25:00,79,Thursday,True
5555,u_070,Indoor Sports Complex,2026-08-27T08:10:00,2026-08-27T09:30:00,80,Thursday,True
5528,u_050,Indoor Sports Complex,2026-08-27T08:14:00,2026-08-27T09:13:00,59,Thursday,True
5631,u_119,Food Court,2026-08-27T08:19:00,2026-08-27T08:40:00,21,Thursday,True
5645,u_126,Gymnasium,2026-08-27T08:19:00,2026-08-27T09:21:00,62,Thursday,True
5477,u_014,Central Cafeteria,2026-08-27T08:21:00,2026-08-27T08:58:00,37,Thursday,True
5599,u_099,Food Court,2026-08-27T08:21:00,2026-08-27T10:01:00,100,Thursday,False
5659,u_132,Indoor Sports Complex,2026-08-27T08:21:00,2026-08-27T09:26:00,65,Thursday,True
5727,u_182,Central Cafeteria,2026-08-27T08:21:00,2026-08-27T09:33:00,72,Thursday,True
5465,u_003,Food Court,2026-08-27T08:25:00,2026-08-27T09:05:00,40,Thursday,True
5588,u_093,Central Cafeteria,2026-08-27T08:30:00,2026-08-27T09:24:00,54,Thursday,True
5650,u_127,Food Court,2026-08-27T08:30:00,2026-08-27T09:15:00,45,Thursday,True
5689,u_155,Central Cafeteria,2026-08-27T08:31:00,2026-08-27T08:53:00,22,Thursday,True
5552,u_069,Central Cafeteria,2026-08-27T08:34:00,2026-08-27T09:42:00,68,Thursday,True
5549,u_067,Central Cafeteria,2026-08-27T08:35:00,2026-08-27T09:41:00,66,Thursday,True
5642,u_123,Central Cafeteria,2026-08-27T08:36:00,2026-08-27T08:58:00,22,Thursday,True
5627,u_117,Food Court,2026-08-27T08:37:00,2026-08-27T09:25:00,48,Thursday,True
5733,u_185,Central Cafeteria,2026-08-27T08:40:00,2026-08-27T09:11:00,31,Thursday,True
5485,u_020,Food Court,2026-08-27T08:41:00,2026-08-27T10:00:00,79,Thursday,True
5556,u_073,Computer Lab A,2026-08-27T08:48:00,2026-08-27T10:00:00,72,Thursday,True
5571,u_082,Food Court,2026-08-27T08:50:00,2026-08-27T10:05:00,75,Thursday,True
5474,u_011,Computer Lab B,2026-08-27T08:53:00,2026-08-27T10:31:00,98,Thursday,True
5726,u_182,Student Center,2026-08-27T08:53:00,2026-08-27T10:26:00,93,Thursday,True
5561,u_074,Computer Lab B,2026-08-27T08:55:00,2026-08-27T10:23:00,88,Thursday,True
5635,u_120,Computer Lab A,2026-08-27T08:58:00,2026-08-27T09:53:00,55,Thursday,True
5729,u_183,Computer Lab A,2026-08-27T08:59:00,2026-08-27T10:34:00,95,Thursday,True
5551,u_069,Computer Lab A,2026-08-27T09:00:00,2026-08-27T09:54:00,54,Thursday,True
5554,u_070,Student Center,2026-08-27T09:00:00,2026-08-27T09:54:00,54,Thursday,True
5574,u_084,Computer Lab A,2026-08-27T09:00:00,2026-08-27T09:56:00,56,Thursday,True
5663,u_135,Computer Lab A,2026-08-27T09:00:00,2026-08-27T10:11:00,71,Thursday,True
5579,u_086,Student Center,2026-08-27T09:04:00,2026-08-27T09:56:00,52,Thursday,True
5603,u_101,Computer Lab A,2026-08-27T09:04:00,2026-08-27T10:02:00,58,Thursday,True
5510,u_041,Computer Lab B,2026-08-27T09:07:00,2026-08-27T10:01:00,54,Thursday,True
5688,u_155,Computer Lab B,2026-08-27T09:16:00,2026-08-27T10:33:00,77,Thursday,True
5695,u_161,Computer Lab B,2026-08-27T09:16:00,2026-08-27T10:37:00,81,Thursday,True
5498,u_035,Student Center,2026-08-27T09:53:00,2026-08-27T10:34:00,41,Thursday,True
5562,u_076,Student Center,2026-08-27T09:53:00,2026-08-27T10:34:00,41,Thursday,True
5473,u_011,Computer Lab A,2026-08-27T10:00:00,2026-08-27T11:35:00,95,Thursday,True
5514,u_043,Computer Lab B,2026-08-27T10:00:00,2026-08-27T10:54:00,54,Thursday,True
5462,u_002,Computer Lab B,2026-08-27T10:04:00,2026-08-27T11:50:00,106,Thursday,True
5739,u_188,Computer Lab B,2026-08-27T10:05:00,2026-08-27T11:44:00,99,Thursday,True
5486,u_021,Student Center,2026-08-27T10:07:00,2026-08-27T10:59:00,52,Thursday,True
5666,u_136,Computer Lab A,2026-08-27T10:08:00,2026-08-27T10:59:00,51,Thursday,True
5700,u_163,Computer Lab B,2026-08-27T10:09:00,2026-08-27T11:37:00,88,Thursday,True
5622,u_113,Computer Lab B,2026-08-27T10:10:00,2026-08-27T11:10:00,60,Thursday,True
5706,u_169,Student Center,2026-08-27T10:11:00,2026-08-27T11:54:00,103,Thursday,True
5467,u_006,Computer Lab B,2026-08-27T10:46:00,2026-08-27T11:31:00,45,Thursday,True
5626,u_117,Computer Lab A,2026-08-27T10:52:00,2026-08-27T11:59:00,67,Thursday,True
5464,u_002,Student Center,2026-08-27T10:53:00,2026-08-27T12:04:00,71,Thursday,True
5476,u_012,Student Center,2026-08-27T10:55:00,2026-08-27T12:02:00,67,Thursday,True
5492,u_029,Computer Lab A,2026-08-27T10:58:00,2026-08-27T11:40:00,42,Thursday,True
5649,u_127,Computer Lab B,2026-08-27T10:59:00,2026-08-27T12:05:00,66,Thursday,True
5621,u_113,Student Center,2026-08-27T11:00:00,2026-08-27T12:06:00,66,Thursday,True
5652,u_127,Student Center,2026-08-27T11:00:00,2026-08-27T12:45:00,105,Thursday,True
5723,u_180,Student Center,2026-08-27T11:00:00,2026-08-27T11:42:00,42,Thursday,True
5687,u_154,Computer Lab A,2026-08-27T11:04:00,2026-08-27T12:19:00,75,Thursday,True
5692,u_157,Computer Lab B,2026-08-27T11:09:00,2026-08-27T12:38:00,89,Thursday,True
5724,u_181,Computer Lab B,2026-08-27T11:10:00,2026-08-27T12:08:00,58,Thursday,True
5755,u_196,Computer Lab A,2026-08-27T11:12:00,2026-08-27T12:12:00,60,Thursday,True
5610,u_106,Computer Lab B,2026-08-27T11:35:00,2026-08-27T12:18:00,43,Thursday,False
5628,u_117,Student Center,2026-08-27T11:35:00,2026-08-27T13:21:00,106,Thursday,True
5648,u_127,Gymnasium,2026-08-27T11:43:00,2026-08-27T13:31:00,108,Thursday,False
5592,u_094,Computer Lab B,2026-08-27T11:44:00,2026-08-27T12:42:00,58,Thursday,True
5732,u_185,Student Center,2026-08-27T11:48:00,2026-08-27T12:48:00,60,Thursday,True
5572,u_082,Computer Lab B,2026-08-27T11:50:00,2026-08-27T12:29:00,39,Thursday,True
5550,u_068,Computer Lab B,2026-08-27T11:51:00,2026-08-27T13:16:00,85,Thursday,True
5744,u_190,Student Center,2026-08-27T11:58:00,2026-08-27T13:38:00,100,Thursday,True
5661,u_134,Computer Lab A,2026-08-27T12:02:00,2026-08-27T12:58:00,56,Thursday,True
5710,u_171,Computer Lab B,2026-08-27T12:02:00,2026-08-27T13:04:00,62,Thursday,True
5757,u_197,Computer Lab B,2026-08-27T12:02:00,2026-08-27T13:14:00,72,Thursday,True
5632,u_120,Food Court,2026-08-27T12:08:00,2026-08-27T12:50:00,42,Thursday,True
5643,u_124,Student Center,2026-08-27T12:21:00,2026-08-27T13:37:00,76,Thursday,True
5742,u_190,Central Cafeteria,2026-08-27T12:23:00,2026-08-27T12:47:00,24,Thursday,True
5718,u_178,Central Cafeteria,2026-08-27T12:25:00,2026-08-27T13:28:00,63,Thursday,True
5721,u_180,Food Court,2026-08-27T12:26:00,2026-08-27T13:24:00,58,Thursday,True
5609,u_105,Food Court,2026-08-27T12:29:00,2026-08-27T12:56:00,27,Thursday,True
5541,u_059,Central Cafeteria,2026-08-27T12:31:00,2026-08-27T13:16:00,45,Thursday,True
5589,u_093,Food Court,2026-08-27T12:31:00,2026-08-27T13:42:00,71,Thursday,True
5684,u_151,Food Court,2026-08-27T12:31:00,2026-08-27T12:52:00,21,Thursday,True
5737,u_187,Central Cafeteria,2026-08-27T12:31:00,2026-08-27T13:34:00,63,Thursday,True
5614,u_108,Food Court,2026-08-27T12:32:00,2026-08-27T13:14:00,42,Thursday,True
5704,u_168,Central Cafeteria,2026-08-27T12:34:00,2026-08-27T13:35:00,61,Thursday,True
5560,u_074,Food Court,2026-08-27T12:35:00,2026-08-27T13:16:00,41,Thursday,True
5697,u_162,Central Cafeteria,2026-08-27T12:35:00,2026-08-27T13:15:00,40,Thursday,True
5702,u_165,Central Cafeteria,2026-08-27T12:36:00,2026-08-27T13:38:00,62,Thursday,True
5606,u_104,Student Center,2026-08-27T12:38:00,2026-08-27T14:15:00,97,Thursday,False
5472,u_011,Food Court,2026-08-27T12:39:00,2026-08-27T13:10:00,31,Thursday,True
5488,u_025,Food Court,2026-08-27T12:39:00,2026-08-27T13:53:00,74,Thursday,True
5731,u_185,Food Court,2026-08-27T12:39:00,2026-08-27T13:58:00,79,Thursday,True
5662,u_134,Food Court,2026-08-27T12:40:00,2026-08-27T13:44:00,64,Thursday,True
5542,u_060,Food Court,2026-08-27T12:45:00,2026-08-27T13:07:00,22,Thursday,True
5582,u_088,Student Center,2026-08-27T12:50:00,2026-08-27T14:18:00,88,Thursday,True
5495,u_033,Computer Lab B,2026-08-27T12:52:00,2026-08-27T14:23:00,91,Thursday,True
5698,u_162,Student Center,2026-08-27T12:53:00,2026-08-27T14:20:00,87,Thursday,True
5686,u_152,Computer Lab A,2026-08-27T12:55:00,2026-08-27T13:45:00,50,Thursday,True
5752,u_194,Student Center,2026-08-27T13:00:00,2026-08-27T14:04:00,64,Thursday,True
5705,u_169,Computer Lab A,2026-08-27T13:03:00,2026-08-27T13:54:00,51,Thursday,True
5565,u_078,Gymnasium,2026-08-27T13:04:00,2026-08-27T13:36:00,32,Thursday,False
5611,u_106,Student Center,2026-08-27T13:06:00,2026-08-27T14:34:00,88,Thursday,True
5714,u_175,Student Center,2026-08-27T13:06:00,2026-08-27T14:00:00,54,Thursday,True
5615,u_109,Computer Lab B,2026-08-27T13:07:00,2026-08-27T14:03:00,56,Thursday,True
5681,u_146,Computer Lab A,2026-08-27T13:07:00,2026-08-27T13:42:00,35,Thursday,True
5623,u_113,Computer Lab A,2026-08-27T13:10:00,2026-08-27T14:57:00,107,Thursday,True
5749,u_193,Computer Lab B,2026-08-27T13:11:00,2026-08-27T14:10:00,59,Thursday,True
5570,u_081,Computer Lab A,2026-08-27T13:12:00,2026-08-27T14:44:00,92,Thursday,True
5578,u_086,Computer Lab B,2026-08-27T13:12:00,2026-08-27T14:14:00,62,Thursday,True
5685,u_151,Computer Lab B,2026-08-27T13:12:00,2026-08-27T14:15:00,63,Thursday,True
5728,u_183,Student Center,2026-08-27T13:48:00,2026-08-27T14:39:00,51,Thursday,False
5461,u_001,Student Center,2026-08-27T13:49:00,2026-08-27T15:22:00,93,Thursday,True
5587,u_093,Computer Lab B,2026-08-27T13:52:00,2026-08-27T15:11:00,79,Thursday,True
5478,u_016,Computer Lab A,2026-08-27T13:55:00,2026-08-27T14:33:00,38,Thursday,True
5563,u_076,Computer Lab A,2026-08-27T13:57:00,2026-08-27T14:35:00,38,Thursday,True
5470,u_009,Student Center,2026-08-27T13:58:00,2026-08-27T15:20:00,82,Thursday,True
5761,u_199,Computer Lab A,2026-08-27T13:59:00,2026-08-27T15:39:00,100,Thursday,True
5500,u_036,Student Center,2026-08-27T14:00:00,2026-08-27T14:44:00,44,Thursday,True
5640,u_123,Student Center,2026-08-27T14:05:00,2026-08-27T15:53:00,108,Thursday,True
5653,u_128,Computer Lab A,2026-08-27T14:07:00,2026-08-27T15:06:00,59,Thursday,True
5513,u_043,Indoor Sports Complex,2026-08-27T14:08:00,2026-08-27T15:41:00,93,Thursday,False
5746,u_191,Computer Lab B,2026-08-27T14:10:00,2026-08-27T14:57:00,47,Thursday,True
5543,u_061,Computer Lab A,2026-08-27T14:11:00,2026-08-27T14:55:00,44,Thursday,True
5657,u_131,Student Center,2026-08-27T14:18:00,2026-08-27T15:08:00,50,Thursday,True
5618,u_110,Computer Lab A,2026-08-27T14:28:00,2026-08-27T15:31:00,63,Thursday,True
5539,u_058,Computer Lab B,2026-08-27T14:30:00,2026-08-27T15:23:00,53,Thursday,True
5459,u_001,Computer Lab B,2026-08-27T14:38:00,2026-08-27T16:14:00,96,Thursday,True
5759,u_199,Student Center,2026-08-27T14:51:00,2026-08-27T15:52:00,61,Thursday,True
5469,u_008,Computer Lab A,2026-08-27T14:53:00,2026-08-27T15:34:00,41,Thursday,True
5511,u_041,Computer Lab A,2026-08-27T14:56:00,2026-08-27T16:03:00,67,Thursday,True
5475,u_012,Science Library,2026-08-27T14:57:00,2026-08-27T15:33:00,36,Thursday,False
5482,u_018,Computer Lab A,2026-08-27T14:58:00,2026-08-27T15:53:00,55,Thursday,True
5580,u_087,Student Center,2026-08-27T14:58:00,2026-08-27T15:45:00,47,Thursday,True
5753,u_194,Computer Lab B,2026-08-27T15:03:00,2026-08-27T16:11:00,68,Thursday,True
5518,u_047,Computer Lab A,2026-08-27T15:05:00,2026-08-27T16:05:00,60,Thursday,True
5594,u_096,Student Center,2026-08-27T15:21:00,2026-08-27T16:42:00,81,Thursday,True
5521,u_048,Student Center,2026-08-27T15:44:00,2026-08-27T16:42:00,58,Thursday,True
5673,u_142,Main Library,2026-08-27T15:45:00,2026-08-27T16:38:00,53,Thursday,True
5553,u_070,Main Library,2026-08-27T15:46:00,2026-08-27T17:02:00,76,Thursday,True
5683,u_150,Main Library,2026-08-27T15:48:00,2026-08-27T17:08:00,80,Thursday,True
5519,u_048,Food Court,2026-08-27T15:51:00,2026-08-27T17:46:00,115,Thursday,False
5471,u_010,Science Library,2026-08-27T15:52:00,2026-08-27T17:55:00,123,Thursday,True
5577,u_085,Science Library,2026-08-27T15:52:00,2026-08-27T17:42:00,110,Thursday,True
5679,u_144,Student Center,2026-08-27T15:54:00,2026-08-27T16:54:00,60,Thursday,True
5715,u_175,Main Library,2026-08-27T15:54:00,2026-08-27T17:55:00,121,Thursday,True
5717,u_177,Student Center,2026-08-27T15:54:00,2026-08-27T16:51:00,57,Thursday,True
5493,u_029,Science Library,2026-08-27T15:55:00,2026-08-27T17:17:00,82,Thursday,True
5760,u_199,Science Library,2026-08-27T15:55:00,2026-08-27T17:11:00,76,Thursday,True
5524,u_049,Computer Lab A,2026-08-27T15:56:00,2026-08-27T17:14:00,78,Thursday,True
5502,u_039,Main Library,2026-08-27T15:57:00,2026-08-27T17:38:00,101,Thursday,True
5548,u_066,Main Library,2026-08-27T16:00:00,2026-08-27T17:11:00,71,Thursday,True
5713,u_175,Computer Lab B,2026-08-27T16:02:00,2026-08-27T16:38:00,36,Thursday,True
5480,u_017,Main Library,2026-08-27T16:04:00,2026-08-27T18:57:00,173,Thursday,True
5633,u_120,Student Center,2026-08-27T16:05:00,2026-08-27T17:38:00,93,Thursday,True
5499,u_036,Main Library,2026-08-27T16:07:00,2026-08-27T19:05:00,178,Thursday,True
5693,u_157,Student Center,2026-08-27T16:08:00,2026-08-27T17:33:00,85,Thursday,True
5575,u_084,Science Library,2026-08-27T16:09:00,2026-08-27T17:08:00,59,Thursday,True
5647,u_126,Computer Lab B,2026-08-27T16:13:00,2026-08-27T17:18:00,65,Thursday,True
5703,u_167,Student Center,2026-08-27T16:15:00,2026-08-27T17:11:00,56,Thursday,True
5468,u_007,Science Library,2026-08-27T16:22:00,2026-08-27T17:43:00,81,Thursday,True
5576,u_085,Student Center,2026-08-27T16:25:00,2026-08-27T17:38:00,73,Thursday,True
5664,u_136,Main Library,2026-08-27T16:35:00,2026-08-27T17:13:00,38,Thursday,False
5586,u_092,Indoor Sports Complex,2026-08-27T16:43:00,2026-08-27T18:33:00,110,Thursday,True
5730,u_183,Science Library,2026-08-27T16:47:00,2026-08-27T18:13:00,86,Thursday,True
5530,u_051,Science Library,2026-08-27T16:49:00,2026-08-27T19:47:00,178,Thursday,True
5669,u_137,Main Library,2026-08-27T16:55:00,2026-08-27T18:57:00,122,Thursday,True
5607,u_104,Gymnasium,2026-08-27T16:58:00,2026-08-27T18:16:00,78,Thursday,True
5490,u_027,Indoor Sports Complex,2026-08-27T16:59:00,2026-08-27T17:55:00,56,Thursday,True
5672,u_141,Main Library,2026-08-27T17:03:00,2026-08-27T20:18:00,195,Thursday,True
5504,u_039,Science Library,2026-08-27T17:04:00,2026-08-27T19:55:00,171,Thursday,True
5734,u_185,Science Library,2026-08-27T17:06:00,2026-08-27T20:26:00,200,Thursday,True
5538,u_058,Science Library,2026-08-27T17:08:00,2026-08-27T18:25:00,77,Thursday,True
5709,u_170,Gymnasium,2026-08-27T17:08:00,2026-08-27T18:05:00,57,Thursday,True
5613,u_107,Main Library,2026-08-27T17:09:00,2026-08-27T18:36:00,87,Thursday,True
5533,u_054,Main Library,2026-08-27T17:10:00,2026-08-27T18:01:00,51,Thursday,True
5600,u_099,Main Library,2026-08-27T17:10:00,2026-08-27T18:22:00,72,Thursday,True
5665,u_136,Science Library,2026-08-27T17:11:00,2026-08-27T20:26:00,195,Thursday,True
5508,u_041,Student Center,2026-08-27T17:12:00,2026-08-27T18:11:00,59,Thursday,False
5496,u_033,Indoor Sports Complex,2026-08-27T17:18:00,2026-08-27T18:42:00,84,Thursday,True
5516,u_044,Indoor Sports Complex,2026-08-27T17:22:00,2026-08-27T18:18:00,56,Thursday,True
5532,u_053,Gymnasium,2026-08-27T17:37:00,2026-08-27T19:08:00,91,Thursday,True
5707,u_170,Main Library,2026-08-27T17:42:00,2026-08-27T18:47:00,65,Thursday,False
5641,u_123,Main Library,2026-08-27T17:43:00,2026-08-27T19:28:00,105,Thursday,True
5699,u_163,Student Center,2026-08-27T17:45:00,2026-08-27T18:03:00,18,Thursday,False
5629,u_118,Indoor Sports Complex,2026-08-27T17:48:00,2026-08-27T18:50:00,62,Thursday,True
5568,u_078,Science Library,2026-08-27T17:55:00,2026-08-27T19:36:00,101,Thursday,True
5601,u_100,Science Library,2026-08-27T17:56:00,2026-08-27T19:44:00,108,Thursday,True
5637,u_121,Science Library,2026-08-27T17:57:00,2026-08-27T19:46:00,109,Thursday,True
5644,u_126,Indoor Sports Complex,2026-08-27T17:58:00,2026-08-27T18:50:00,52,Thursday,True
5505,u_040,Gymnasium,2026-08-27T17:59:00,2026-08-27T19:05:00,66,Thursday,True
5680,u_145,Indoor Sports Complex,2026-08-27T17:59:00,2026-08-27T18:56:00,57,Thursday,True
5515,u_043,Science Library,2026-08-27T18:01:00,2026-08-27T21:18:00,197,Thursday,True
5619,u_111,Indoor Sports Complex,2026-08-27T18:01:00,2026-08-27T19:43:00,102,Thursday,True
5503,u_039,Gymnasium,2026-08-27T18:02:00,2026-08-27T18:59:00,57,Thursday,True
5591,u_094,Science Library,2026-08-27T18:03:00,2026-08-27T21:08:00,185,Thursday,True
5598,u_098,Indoor Sports Complex,2026-08-27T18:03:00,2026-08-27T19:53:00,110,Thursday,True
5559,u_074,WiFi Zone South,2026-08-27T18:04:00,2026-08-27T18:30:00,26,Thursday,False
5507,u_040,Indoor Sports Complex,2026-08-27T18:07:00,2026-08-27T19:20:00,73,Thursday,True
5604,u_101,Science Library,2026-08-27T18:07:00,2026-08-27T20:23:00,136,Thursday,True
5675,u_143,Main Library,2026-08-27T18:14:00,2026-08-27T19:12:00,58,Thursday,True
5655,u_129,Gymnasium,2026-08-27T18:17:00,2026-08-27T19:17:00,60,Thursday,True
5725,u_182,Indoor Sports Complex,2026-08-27T18:18:00,2026-08-27T19:20:00,62,Thursday,True
5523,u_049,Central Cafeteria,2026-08-27T18:42:00,2026-08-27T19:44:00,62,Thursday,True
5535,u_054,Central Cafeteria,2026-08-27T18:42:00,2026-08-27T19:43:00,61,Thursday,True
5690,u_156,Gymnasium,2026-08-27T18:42:00,2026-08-27T19:21:00,39,Thursday,True
5547,u_064,Central Cafeteria,2026-08-27T18:44:00,2026-08-27T19:37:00,53,Thursday,True
5537,u_055,Gymnasium,2026-08-27T18:45:00,2026-08-27T19:39:00,54,Thursday,True
5719,u_178,Food Court,2026-08-27T18:46:00,2026-08-27T19:25:00,39,Thursday,True
5526,u_049,Main Library,2026-08-27T18:50:00,2026-08-27T20:53:00,123,Thursday,True
5585,u_090,Indoor Sports Complex,2026-08-27T18:50:00,2026-08-27T20:13:00,83,Thursday,True
5534,u_054,Food Court,2026-08-27T18:52:00,2026-08-27T19:51:00,59,Thursday,True
5536,u_055,Food Court,2026-08-27T18:53:00,2026-08-27T19:26:00,33,Thursday,True
5708,u_170,Central Cafeteria,2026-08-27T18:53:00,2026-08-27T19:54:00,61,Thursday,True
5758,u_199,Gymnasium,2026-08-27T18:55:00,2026-08-27T20:15:00,80,Thursday,True
5558,u_073,Central Cafeteria,2026-08-27T18:56:00,2026-08-27T20:00:00,64,Thursday,True
5660,u_133,Main Library,2026-08-27T18:56:00,2026-08-27T20:32:00,96,Thursday,True
5531,u_052,Central Cafeteria,2026-08-27T18:57:00,2026-08-27T19:44:00,47,Thursday,True
5620,u_112,Main Library,2026-08-27T18:57:00,2026-08-27T20:19:00,82,Thursday,True
5636,u_121,Indoor Sports Complex,2026-08-27T18:57:00,2026-08-27T20:07:00,70,Thursday,True
5667,u_137,Central Cafeteria,2026-08-27T18:57:00,2026-08-27T20:09:00,72,Thursday,True
5738,u_188,Food Court,2026-08-27T18:57:00,2026-08-27T19:54:00,57,Thursday,True
5489,u_026,Central Cafeteria,2026-08-27T18:58:00,2026-08-27T19:36:00,38,Thursday,True
5712,u_174,Indoor Sports Complex,2026-08-27T18:58:00,2026-08-27T20:29:00,91,Thursday,True
5460,u_001,Indoor Sports Complex,2026-08-27T19:00:00,2026-08-27T19:53:00,53,Thursday,True
5525,u_049,Science Library,2026-08-27T19:00:00,2026-08-27T21:16:00,136,Thursday,True
5597,u_098,Central Cafeteria,2026-08-27T19:00:00,2026-08-27T19:49:00,49,Thursday,True
5668,u_137,Science Library,2026-08-27T19:00:00,2026-08-27T20:24:00,84,Thursday,True
5501,u_038,Food Court,2026-08-27T19:01:00,2026-08-27T20:08:00,67,Thursday,True
5646,u_126,Science Library,2026-08-27T19:01:00,2026-08-27T22:11:00,190,Thursday,True
5567,u_078,Indoor Sports Complex,2026-08-27T19:03:00,2026-08-27T20:33:00,90,Thursday,True
5512,u_042,Food Court,2026-08-27T19:04:00,2026-08-27T20:09:00,65,Thursday,True
5656,u_129,Science Library,2026-08-27T19:04:00,2026-08-27T20:07:00,63,Thursday,True
5605,u_102,Central Cafeteria,2026-08-27T19:05:00,2026-08-27T19:27:00,22,Thursday,True
5745,u_191,Food Court,2026-08-27T19:05:00,2026-08-27T20:09:00,64,Thursday,True
5544,u_061,Food Court,2026-08-27T19:06:00,2026-08-27T20:17:00,71,Thursday,True
5682,u_150,Central Cafeteria,2026-08-27T19:06:00,2026-08-27T19:33:00,27,Thursday,True
5487,u_023,Central Cafeteria,2026-08-27T19:09:00,2026-08-27T19:47:00,38,Thursday,True
5658,u_131,Main Library,2026-08-27T19:09:00,2026-08-27T22:21:00,192,Thursday,True
5481,u_017,Indoor Sports Complex,2026-08-27T19:10:00,2026-08-27T19:58:00,48,Thursday,True
5696,u_161,Gymnasium,2026-08-27T19:10:00,2026-08-27T19:59:00,49,Thursday,True
5743,u_190,Science Library,2026-08-27T19:11:00,2026-08-27T22:08:00,177,Thursday,True
5466,u_004,Central Cafeteria,2026-08-27T19:15:00,2026-08-27T19:52:00,37,Thursday,True
5540,u_058,Food Court,2026-08-27T19:17:00,2026-08-27T20:18:00,61,Thursday,True
5677,u_144,Central Cafeteria,2026-08-27T19:17:00,2026-08-27T19:44:00,27,Thursday,True
5740,u_189,Gymnasium,2026-08-27T19:17:00,2026-08-27T20:39:00,82,Thursday,True
5463,u_002,Gymnasium,2026-08-27T19:18:00,2026-08-27T21:00:00,102,Thursday,True
5593,u_095,Science Library,2026-08-27T19:18:00,2026-08-27T20:52:00,94,Thursday,True
5735,u_186,Main Library,2026-08-27T19:18:00,2026-08-27T20:28:00,70,Thursday,True
5569,u_081,Main Library,2026-08-27T19:20:00,2026-08-27T21:09:00,109,Thursday,True
5566,u_078,Food Court,2026-08-27T19:29:00,2026-08-27T20:11:00,42,Thursday,True
5638,u_122,Gymnasium,2026-08-27T19:33:00,2026-08-27T20:53:00,80,Thursday,True
5694,u_159,Science Library,2026-08-27T19:43:00,2026-08-27T21:53:00,130,Thursday,True
5506,u_040,Main Library,2026-08-27T19:53:00,2026-08-27T21:48:00,115,Thursday,True
5596,u_097,Main Library,2026-08-27T19:55:00,2026-08-27T21:50:00,115,Thursday,True
5651,u_127,Main Library,2026-08-27T19:55:00,2026-08-27T22:09:00,134,Thursday,True
5654,u_129,Indoor Sports Complex,2026-08-27T19:55:00,2026-08-27T20:38:00,43,Thursday,True
5747,u_191,Gymnasium,2026-08-27T19:55:00,2026-08-27T21:15:00,80,Thursday,True
5671,u_138,Indoor Sports Complex,2026-08-27T19:56:00,2026-08-27T20:37:00,41,Thursday,True
5491,u_029,Main Library,2026-08-27T20:00:00,2026-08-27T21:22:00,82,Thursday,True
5497,u_034,Main Library,2026-08-27T20:00:00,2026-08-27T23:12:00,192,Thursday,True
5612,u_106,Gymnasium,2026-08-27T20:00:00,2026-08-27T21:12:00,72,Thursday,True
5602,u_101,Main Library,2026-08-27T20:02:00,2026-08-27T22:06:00,124,Thursday,True
5624,u_114,Main Library,2026-08-27T20:03:00,2026-08-27T22:17:00,134,Thursday,True
5720,u_179,Indoor Sports Complex,2026-08-27T20:03:00,2026-08-27T20:44:00,41,Thursday,True
5678,u_144,Main Library,2026-08-27T20:18:00,2026-08-27T21:45:00,87,Thursday,True
5522,u_048,Gymnasium,2026-08-27T20:19:00,2026-08-27T21:04:00,45,Thursday,True
5691,u_157,Science Library,2026-08-27T20:20:00,2026-08-27T22:00:00,100,Thursday,True
5625,u_114,Science Library,2026-08-27T20:44:00,2026-08-27T21:49:00,65,Thursday,True
5590,u_094,Computer Lab B,2026-08-27T20:45:00,2026-08-27T21:14:00,29,Thursday,False
5564,u_077,Main Library,2026-08-27T20:46:00,2026-08-27T23:37:00,171,Thursday,True
5529,u_051,Main Library,2026-08-27T20:58:00,2026-08-28T00:09:00,191,Thursday,True
5674,u_142,Science Library,2026-08-27T20:58:00,2026-08-27T22:20:00,82,Thursday,True
5583,u_089,Science Library,2026-08-27T20:59:00,2026-08-27T22:39:00,100,Thursday,True
5484,u_018,Science Library,2026-08-27T21:00:00,2026-08-28T00:02:00,182,Thursday,True
5748,u_191,Science Library,2026-08-27T21:00:00,2026-08-27T23:08:00,128,Thursday,True
5701,u_164,Main Library,2026-08-27T21:06:00,2026-08-28T00:10:00,184,Thursday,True
5617,u_109,Main Library,2026-08-27T21:08:00,2026-08-27T22:48:00,100,Thursday,True
5941,u_130,Indoor Sports Complex,2026-08-28T05:49:00,2026-08-28T07:32:00,103,Friday,True
5893,u_096,Gymnasium,2026-08-28T05:58:00,2026-08-28T07:39:00,101,Friday,True
5807,u_032,Gymnasium,2026-08-28T05:59:00,2026-08-28T07:40:00,101,Friday,True
5913,u_112,Indoor Sports Complex,2026-08-28T06:00:00,2026-08-28T06:55:00,55,Friday,True
5926,u_119,Gymnasium,2026-08-28T06:00:00,2026-08-28T07:03:00,63,Friday,True
5784,u_018,Gymnasium,2026-08-28T06:01:00,2026-08-28T07:00:00,59,Friday,True
5801,u_029,Gymnasium,2026-08-28T06:03:00,2026-08-28T06:56:00,53,Friday,True
5985,u_158,Gymnasium,2026-08-28T06:05:00,2026-08-28T07:24:00,79,Friday,True
5954,u_139,Gymnasium,2026-08-28T06:15:00,2026-08-28T07:51:00,96,Friday,True
5763,u_003,Indoor Sports Complex,2026-08-28T06:16:00,2026-08-28T07:27:00,71,Friday,True
5928,u_120,Gymnasium,2026-08-28T06:17:00,2026-08-28T07:46:00,89,Friday,True
5962,u_143,Gymnasium,2026-08-28T06:18:00,2026-08-28T08:04:00,106,Friday,True
6027,u_186,Indoor Sports Complex,2026-08-28T06:26:00,2026-08-28T07:24:00,58,Friday,True
6040,u_193,Indoor Sports Complex,2026-08-28T06:46:00,2026-08-28T07:43:00,57,Friday,True
5883,u_087,Gymnasium,2026-08-28T06:55:00,2026-08-28T07:47:00,52,Friday,True
5982,u_156,Indoor Sports Complex,2026-08-28T06:55:00,2026-08-28T08:20:00,85,Friday,True
5846,u_060,Indoor Sports Complex,2026-08-28T07:04:00,2026-08-28T08:19:00,75,Friday,True
5900,u_102,Gymnasium,2026-08-28T07:09:00,2026-08-28T08:27:00,78,Friday,True
6007,u_171,Indoor Sports Complex,2026-08-28T07:10:00,2026-08-28T08:20:00,70,Friday,True
5885,u_089,Gymnasium,2026-08-28T07:11:00,2026-08-28T07:59:00,48,Friday,True
5847,u_060,Gymnasium,2026-08-28T07:50:00,2026-08-28T08:49:00,59,Friday,True
5855,u_068,Indoor Sports Complex,2026-08-28T07:52:00,2026-08-28T09:31:00,99,Friday,True
5938,u_126,Gymnasium,2026-08-28T07:53:00,2026-08-28T08:53:00,60,Friday,True
5771,u_008,Gymnasium,2026-08-28T07:57:00,2026-08-28T08:50:00,53,Friday,True
5952,u_138,Gymnasium,2026-08-28T07:57:00,2026-08-28T09:39:00,102,Friday,True
6019,u_180,Gymnasium,2026-08-28T08:01:00,2026-08-28T09:17:00,76,Friday,True
5804,u_030,Indoor Sports Complex,2026-08-28T08:02:00,2026-08-28T09:08:00,66,Friday,True
5802,u_029,Indoor Sports Complex,2026-08-28T08:03:00,2026-08-28T09:45:00,102,Friday,True
5764,u_004,Indoor Sports Complex,2026-08-28T08:05:00,2026-08-28T09:43:00,98,Friday,True
5782,u_017,Gymnasium,2026-08-28T08:05:00,2026-08-28T09:23:00,78,Friday,True
5860,u_070,Indoor Sports Complex,2026-08-28T08:08:00,2026-08-28T09:31:00,83,Friday,True
5768,u_006,Gymnasium,2026-08-28T08:09:00,2026-08-28T09:00:00,51,Friday,True
6004,u_170,Indoor Sports Complex,2026-08-28T08:11:00,2026-08-28T09:06:00,55,Friday,True
5874,u_083,Indoor Sports Complex,2026-08-28T08:12:00,2026-08-28T08:52:00,40,Friday,True
5895,u_099,Food Court,2026-08-28T08:12:00,2026-08-28T08:59:00,47,Friday,True
5889,u_093,Gymnasium,2026-08-28T08:15:00,2026-08-28T10:00:00,105,Friday,True
6038,u_193,WiFi Zone North,2026-08-28T08:15:00,2026-08-28T10:05:00,110,Friday,False
5838,u_050,Student Center,2026-08-28T08:16:00,2026-08-28T09:15:00,59,Friday,False
5767,u_006,Central Cafeteria,2026-08-28T08:18:00,2026-08-28T09:09:00,51,Friday,True
5950,u_135,Central Cafeteria,2026-08-28T08:20:00,2026-08-28T09:18:00,58,Friday,True
5778,u_014,Central Cafeteria,2026-08-28T08:22:00,2026-08-28T08:52:00,30,Friday,True
5871,u_080,Central Cafeteria,2026-08-28T08:23:00,2026-08-28T08:45:00,22,Friday,True
5980,u_155,Central Cafeteria,2026-08-28T08:23:00,2026-08-28T08:45:00,22,Friday,True
5788,u_020,Food Court,2026-08-28T08:26:00,2026-08-28T09:40:00,74,Friday,True
5977,u_154,Central Cafeteria,2026-08-28T08:26:00,2026-08-28T09:29:00,63,Friday,True
6031,u_190,Indoor Sports Complex,2026-08-28T08:27:00,2026-08-28T09:21:00,54,Friday,True
5930,u_123,Central Cafeteria,2026-08-28T08:28:00,2026-08-28T09:06:00,38,Friday,True
5964,u_145,Food Court,2026-08-28T08:29:00,2026-08-28T09:26:00,57,Friday,True
6021,u_182,Central Cafeteria,2026-08-28T08:30:00,2026-08-28T09:27:00,57,Friday,True
6044,u_196,Central Cafeteria,2026-08-28T08:33:00,2026-08-28T09:31:00,58,Friday,True
5811,u_034,Central Cafeteria,2026-08-28T08:36:00,2026-08-28T09:12:00,36,Friday,True
5822,u_039,Food Court,2026-08-28T08:38:00,2026-08-28T09:06:00,28,Friday,True
5856,u_069,Computer Lab A,2026-08-28T08:38:00,2026-08-28T09:28:00,50,Friday,True
5936,u_126,Student Center,2026-08-28T08:41:00,2026-08-28T09:20:00,39,Friday,False
5953,u_138,Central Cafeteria,2026-08-28T08:43:00,2026-08-28T09:28:00,45,Friday,True
5949,u_135,Computer Lab A,2026-08-28T08:44:00,2026-08-28T09:45:00,61,Friday,True
5959,u_143,Student Center,2026-08-28T08:46:00,2026-08-28T10:46:00,120,Friday,False
5877,u_084,Food Court,2026-08-28T08:50:00,2026-08-28T09:21:00,31,Friday,True
5792,u_023,Computer Lab B,2026-08-28T08:54:00,2026-08-28T09:54:00,60,Friday,True
5816,u_036,Central Cafeteria,2026-08-28T08:54:00,2026-08-28T09:40:00,46,Friday,True
6020,u_182,Student Center,2026-08-28T08:55:00,2026-08-28T10:20:00,85,Friday,True
5896,u_101,Computer Lab A,2026-08-28T08:56:00,2026-08-28T09:43:00,47,Friday,True
5988,u_161,Computer Lab B,2026-08-28T08:56:00,2026-08-28T10:28:00,92,Friday,True
5979,u_155,Student Center,2026-08-28T08:57:00,2026-08-28T10:40:00,103,Friday,True
5876,u_084,Computer Lab B,2026-08-28T08:59:00,2026-08-28T10:45:00,106,Friday,True
6047,u_200,WiFi Zone North,2026-08-28T08:59:00,2026-08-28T09:19:00,20,Friday,False
5780,u_015,Computer Lab A,2026-08-28T09:00:00,2026-08-28T09:57:00,57,Friday,True
5864,u_074,Computer Lab B,2026-08-28T09:01:00,2026-08-28T10:51:00,110,Friday,True
5934,u_125,Computer Lab B,2026-08-28T09:01:00,2026-08-28T09:59:00,58,Friday,True
5996,u_164,WiFi Zone South,2026-08-28T09:01:00,2026-08-28T09:31:00,30,Friday,False
5881,u_086,Student Center,2026-08-28T09:07:00,2026-08-28T10:20:00,73,Friday,True
5853,u_066,WiFi Zone North,2026-08-28T09:12:00,2026-08-28T10:18:00,66,Friday,False
5859,u_070,Student Center,2026-08-28T09:16:00,2026-08-28T10:20:00,64,Friday,True
5870,u_080,Science Library,2026-08-28T09:25:00,2026-08-28T09:53:00,28,Friday,False
5917,u_115,Student Center,2026-08-28T09:52:00,2026-08-28T10:15:00,23,Friday,False
5808,u_033,Main Library,2026-08-28T09:54:00,2026-08-28T11:27:00,93,Friday,False
5776,u_011,Computer Lab A,2026-08-28T09:56:00,2026-08-28T11:21:00,85,Friday,True
5993,u_163,Computer Lab B,2026-08-28T09:59:00,2026-08-28T11:34:00,95,Friday,True
5854,u_066,Computer Lab B,2026-08-28T10:00:00,2026-08-28T11:20:00,80,Friday,True
5975,u_153,Student Center,2026-08-28T10:00:00,2026-08-28T11:11:00,71,Friday,True
5829,u_046,Computer Lab B,2026-08-28T10:02:00,2026-08-28T11:44:00,102,Friday,True
6030,u_188,Computer Lab B,2026-08-28T10:04:00,2026-08-28T11:25:00,81,Friday,True
5974,u_151,Computer Lab A,2026-08-28T10:09:00,2026-08-28T10:50:00,41,Friday,True
5823,u_040,Student Center,2026-08-28T10:10:00,2026-08-28T10:50:00,40,Friday,True
5997,u_164,Student Center,2026-08-28T10:50:00,2026-08-28T12:31:00,101,Friday,True
5819,u_038,Computer Lab A,2026-08-28T10:56:00,2026-08-28T11:31:00,35,Friday,True
6018,u_177,Computer Lab B,2026-08-28T11:00:00,2026-08-28T11:40:00,40,Friday,True
5940,u_127,Student Center,2026-08-28T11:01:00,2026-08-28T12:35:00,94,Friday,True
5992,u_162,Computer Lab B,2026-08-28T11:02:00,2026-08-28T12:01:00,59,Friday,True
5787,u_020,Food Court,2026-08-28T11:04:00,2026-08-28T11:49:00,45,Friday,False
5898,u_101,Computer Lab B,2026-08-28T11:07:00,2026-08-28T12:56:00,109,Friday,True
5914,u_113,Student Center,2026-08-28T11:08:00,2026-08-28T12:12:00,64,Friday,True
5921,u_117,Computer Lab A,2026-08-28T11:16:00,2026-08-28T12:24:00,68,Friday,True
5814,u_035,WiFi Zone South,2026-08-28T11:35:00,2026-08-28T12:30:00,55,Friday,False
5942,u_130,Student Center,2026-08-28T11:43:00,2026-08-28T12:59:00,76,Friday,True
5925,u_119,Computer Lab B,2026-08-28T11:47:00,2026-08-28T12:44:00,57,Friday,True
5890,u_094,Computer Lab B,2026-08-28T11:48:00,2026-08-28T12:53:00,65,Friday,True
6025,u_185,Student Center,2026-08-28T11:49:00,2026-08-28T12:39:00,50,Friday,True
5990,u_162,Computer Lab A,2026-08-28T11:54:00,2026-08-28T12:52:00,58,Friday,True
5947,u_134,Computer Lab A,2026-08-28T12:01:00,2026-08-28T13:03:00,62,Friday,True
5933,u_124,Computer Lab B,2026-08-28T12:03:00,2026-08-28T13:02:00,59,Friday,True
6000,u_166,Student Center,2026-08-28T12:04:00,2026-08-28T13:12:00,68,Friday,True
5800,u_028,Computer Lab A,2026-08-28T12:05:00,2026-08-28T13:05:00,60,Friday,True
5970,u_148,Student Center,2026-08-28T12:05:00,2026-08-28T13:49:00,104,Friday,True
5797,u_025,Food Court,2026-08-28T12:15:00,2026-08-28T13:06:00,51,Friday,True
5998,u_165,Central Cafeteria,2026-08-28T12:19:00,2026-08-28T13:36:00,77,Friday,True
6014,u_176,Central Cafeteria,2026-08-28T12:19:00,2026-08-28T14:10:00,111,Friday,False
5903,u_105,Food Court,2026-08-28T12:20:00,2026-08-28T12:53:00,33,Friday,True
6017,u_177,Food Court,2026-08-28T12:23:00,2026-08-28T13:10:00,47,Friday,True
5944,u_132,Food Court,2026-08-28T12:24:00,2026-08-28T13:20:00,56,Friday,True
5973,u_151,Central Cafeteria,2026-08-28T12:25:00,2026-08-28T13:05:00,40,Friday,True
6003,u_169,Central Cafeteria,2026-08-28T12:25:00,2026-08-28T13:33:00,68,Friday,True
5924,u_119,Central Cafeteria,2026-08-28T12:30:00,2026-08-28T13:39:00,69,Friday,True
5948,u_134,Food Court,2026-08-28T12:30:00,2026-08-28T13:49:00,79,Friday,True
5972,u_151,Food Court,2026-08-28T12:30:00,2026-08-28T13:16:00,46,Friday,True
5976,u_153,Food Court,2026-08-28T12:30:00,2026-08-28T12:55:00,25,Friday,True
6008,u_171,Food Court,2026-08-28T12:30:00,2026-08-28T13:11:00,41,Friday,True
5887,u_093,WiFi Zone North,2026-08-28T12:35:00,2026-08-28T14:32:00,117,Friday,False
5775,u_011,Food Court,2026-08-28T12:36:00,2026-08-28T13:01:00,25,Friday,True
6039,u_193,Food Court,2026-08-28T12:40:00,2026-08-28T13:40:00,60,Friday,True
5765,u_004,Food Court,2026-08-28T12:42:00,2026-08-28T13:21:00,39,Friday,True
5840,u_053,Central Cafeteria,2026-08-28T12:45:00,2026-08-28T13:25:00,40,Friday,True
5999,u_165,Computer Lab B,2026-08-28T12:50:00,2026-08-28T14:04:00,74,Friday,True
5911,u_109,Computer Lab A,2026-08-28T12:51:00,2026-08-28T13:45:00,54,Friday,True
5809,u_033,Computer Lab B,2026-08-28T12:52:00,2026-08-28T14:21:00,89,Friday,True
6013,u_175,Student Center,2026-08-28T12:52:00,2026-08-28T13:39:00,47,Friday,True
6002,u_169,Computer Lab A,2026-08-28T12:54:00,2026-08-28T13:52:00,58,Friday,True
5905,u_106,Computer Lab B,2026-08-28T12:58:00,2026-08-28T13:40:00,42,Friday,True
5910,u_109,Computer Lab B,2026-08-28T13:00:00,2026-08-28T14:03:00,63,Friday,True
5986,u_160,Student Center,2026-08-28T13:01:00,2026-08-28T14:33:00,92,Friday,True
5909,u_109,WiFi Zone North,2026-08-28T13:02:00,2026-08-28T14:21:00,79,Friday,False
6006,u_171,Student Center,2026-08-28T13:07:00,2026-08-28T13:59:00,52,Friday,True
5863,u_073,Student Center,2026-08-28T13:08:00,2026-08-28T14:02:00,54,Friday,True
5915,u_114,Computer Lab A,2026-08-28T13:10:00,2026-08-28T14:07:00,57,Friday,True
5966,u_146,Computer Lab A,2026-08-28T13:10:00,2026-08-28T14:13:00,63,Friday,True
5987,u_160,Computer Lab A,2026-08-28T13:17:00,2026-08-28T14:34:00,77,Friday,True
5781,u_016,Computer Lab A,2026-08-28T13:44:00,2026-08-28T14:46:00,62,Friday,True
6037,u_192,Computer Lab A,2026-08-28T13:45:00,2026-08-28T15:02:00,77,Friday,True
5777,u_013,Computer Lab B,2026-08-28T13:47:00,2026-08-28T14:37:00,50,Friday,True
5888,u_093,Computer Lab B,2026-08-28T13:54:00,2026-08-28T14:56:00,62,Friday,True
6029,u_187,Computer Lab B,2026-08-28T13:56:00,2026-08-28T15:10:00,74,Friday,True
5785,u_019,Computer Lab B,2026-08-28T13:59:00,2026-08-28T14:35:00,36,Friday,True
5825,u_040,Computer Lab A,2026-08-28T14:00:00,2026-08-28T15:36:00,96,Friday,True
6033,u_191,Computer Lab B,2026-08-28T14:02:00,2026-08-28T15:02:00,60,Friday,True
5957,u_141,Computer Lab A,2026-08-28T14:05:00,2026-08-28T14:57:00,52,Friday,True
5851,u_065,Student Center,2026-08-28T14:06:00,2026-08-28T15:03:00,57,Friday,True
5961,u_143,Computer Lab B,2026-08-28T14:06:00,2026-08-28T14:54:00,48,Friday,True
5817,u_037,Gymnasium,2026-08-28T14:15:00,2026-08-28T15:59:00,104,Friday,False
5815,u_036,Student Center,2026-08-28T14:16:00,2026-08-28T15:04:00,48,Friday,True
5892,u_095,Computer Lab B,2026-08-28T14:45:00,2026-08-28T15:33:00,48,Friday,True
5850,u_063,Computer Lab A,2026-08-28T14:47:00,2026-08-28T16:13:00,86,Friday,True
5943,u_131,Computer Lab B,2026-08-28T14:52:00,2026-08-28T15:48:00,56,Friday,True
5882,u_087,Student Center,2026-08-28T15:02:00,2026-08-28T15:48:00,46,Friday,True
6046,u_199,Student Center,2026-08-28T15:05:00,2026-08-28T15:50:00,45,Friday,True
5795,u_024,Computer Lab A,2026-08-28T15:06:00,2026-08-28T16:17:00,71,Friday,True
6041,u_195,Student Center,2026-08-28T15:06:00,2026-08-28T16:29:00,83,Friday,True
5826,u_041,Computer Lab A,2026-08-28T15:07:00,2026-08-28T16:02:00,55,Friday,True
5886,u_092,Central Cafeteria,2026-08-28T15:10:00,2026-08-28T16:07:00,57,Friday,False
5995,u_163,Student Center,2026-08-28T15:14:00,2026-08-28T16:09:00,55,Friday,True
5958,u_142,Main Library,2026-08-28T15:37:00,2026-08-28T16:29:00,52,Friday,True
5971,u_150,Main Library,2026-08-28T15:47:00,2026-08-28T17:15:00,88,Friday,True
5858,u_070,Main Library,2026-08-28T15:48:00,2026-08-28T17:03:00,75,Friday,True
6048,u_200,Science Library,2026-08-28T15:49:00,2026-08-28T17:29:00,100,Friday,True
5769,u_007,Science Library,2026-08-28T15:50:00,2026-08-28T17:10:00,80,Friday,True
6023,u_184,Science Library,2026-08-28T15:50:00,2026-08-28T17:42:00,112,Friday,False
5951,u_137,Student Center,2026-08-28T15:52:00,2026-08-28T16:55:00,63,Friday,True
5984,u_157,Student Center,2026-08-28T15:52:00,2026-08-28T17:36:00,104,Friday,True
5929,u_123,Computer Lab B,2026-08-28T15:54:00,2026-08-28T17:08:00,74,Friday,True
6016,u_177,Student Center,2026-08-28T15:54:00,2026-08-28T17:06:00,72,Friday,True
5796,u_025,Computer Lab B,2026-08-28T15:55:00,2026-08-28T17:01:00,66,Friday,True
5994,u_163,Main Library,2026-08-28T15:55:00,2026-08-28T16:46:00,51,Friday,True
5803,u_030,Computer Lab B,2026-08-28T15:56:00,2026-08-28T17:38:00,102,Friday,True
5878,u_085,Student Center,2026-08-28T15:57:00,2026-08-28T17:06:00,69,Friday,True
5844,u_056,Student Center,2026-08-28T15:58:00,2026-08-28T17:36:00,98,Friday,True
5821,u_039,Main Library,2026-08-28T16:00:00,2026-08-28T17:34:00,94,Friday,True
5922,u_117,Computer Lab B,2026-08-28T16:00:00,2026-08-28T17:47:00,107,Friday,True
6024,u_184,Main Library,2026-08-28T16:00:00,2026-08-28T19:04:00,184,Friday,True
5798,u_026,Computer Lab B,2026-08-28T16:01:00,2026-08-28T17:35:00,94,Friday,True
5875,u_084,Science Library,2026-08-28T16:01:00,2026-08-28T17:01:00,60,Friday,True
5884,u_087,Computer Lab A,2026-08-28T16:01:00,2026-08-28T17:13:00,72,Friday,True
5927,u_120,Student Center,2026-08-28T16:01:00,2026-08-28T17:21:00,80,Friday,True
5968,u_147,Student Center,2026-08-28T16:02:00,2026-08-28T17:38:00,96,Friday,True
5772,u_009,Computer Lab A,2026-08-28T16:04:00,2026-08-28T17:48:00,104,Friday,True
5783,u_017,Main Library,2026-08-28T16:04:00,2026-08-28T19:12:00,188,Friday,True
5899,u_102,Science Library,2026-08-28T16:06:00,2026-08-28T18:19:00,133,Friday,True
5866,u_077,Science Library,2026-08-28T16:08:00,2026-08-28T17:17:00,69,Friday,True
5836,u_049,Computer Lab A,2026-08-28T16:11:00,2026-08-28T17:25:00,74,Friday,True
5848,u_063,Student Center,2026-08-28T16:14:00,2026-08-28T18:00:00,106,Friday,True
5831,u_048,Student Center,2026-08-28T16:15:00,2026-08-28T17:21:00,66,Friday,True
6001,u_167,Student Center,2026-08-28T16:17:00,2026-08-28T17:16:00,59,Friday,True
6042,u_196,Science Library,2026-08-28T16:18:00,2026-08-28T17:47:00,89,Friday,False
5794,u_024,Main Library,2026-08-28T16:22:00,2026-08-28T17:06:00,44,Friday,False
6043,u_196,Science Library,2026-08-28T16:22:00,2026-08-28T18:28:00,126,Friday,True
5810,u_033,Indoor Sports Complex,2026-08-28T16:34:00,2026-08-28T18:21:00,107,Friday,True
6005,u_170,Gymnasium,2026-08-28T16:39:00,2026-08-28T17:56:00,77,Friday,True
6022,u_183,Science Library,2026-08-28T16:40:00,2026-08-28T18:24:00,104,Friday,True
5967,u_146,Gymnasium,2026-08-28T16:41:00,2026-08-28T17:29:00,48,Friday,True
5906,u_107,WiFi Zone North,2026-08-28T16:50:00,2026-08-28T17:14:00,24,Friday,False
6011,u_173,Gymnasium,2026-08-28T16:53:00,2026-08-28T18:33:00,100,Friday,True
5845,u_058,Science Library,2026-08-28T16:57:00,2026-08-28T18:00:00,63,Friday,True
5991,u_162,Indoor Sports Complex,2026-08-28T16:59:00,2026-08-28T18:18:00,79,Friday,True
5919,u_115,Main Library,2026-08-28T17:00:00,2026-08-28T19:55:00,175,Friday,True
5873,u_082,Gymnasium,2026-08-28T17:01:00,2026-08-28T18:48:00,107,Friday,True
5918,u_115,Gymnasium,2026-08-28T17:02:00,2026-08-28T18:10:00,68,Friday,True
5955,u_140,Gymnasium,2026-08-28T17:07:00,2026-08-28T18:08:00,61,Friday,True
5791,u_021,Gymnasium,2026-08-28T17:10:00,2026-08-28T18:48:00,98,Friday,True
5902,u_104,Gymnasium,2026-08-28T17:15:00,2026-08-28T18:10:00,55,Friday,True
6026,u_185,Science Library,2026-08-28T17:15:00,2026-08-28T20:25:00,190,Friday,True
5956,u_141,Main Library,2026-08-28T17:17:00,2026-08-28T20:14:00,177,Friday,True
5799,u_027,Indoor Sports Complex,2026-08-28T17:21:00,2026-08-28T18:09:00,48,Friday,True
5965,u_145,Science Library,2026-08-28T17:44:00,2026-08-28T19:42:00,118,Friday,True
5841,u_053,Gymnasium,2026-08-28T17:51:00,2026-08-28T19:19:00,88,Friday,True
5824,u_040,Gymnasium,2026-08-28T17:53:00,2026-08-28T19:02:00,69,Friday,True
5812,u_034,Indoor Sports Complex,2026-08-28T17:54:00,2026-08-28T19:16:00,82,Friday,True
5945,u_133,Indoor Sports Complex,2026-08-28T17:54:00,2026-08-28T18:30:00,36,Friday,True
5960,u_143,Main Library,2026-08-28T17:55:00,2026-08-28T18:54:00,59,Friday,True
5861,u_072,Indoor Sports Complex,2026-08-28T17:57:00,2026-08-28T18:52:00,55,Friday,True
5849,u_063,Science Library,2026-08-28T17:58:00,2026-08-28T19:51:00,113,Friday,True
5827,u_043,Science Library,2026-08-28T17:59:00,2026-08-28T21:08:00,189,Friday,True
5805,u_031,Science Library,2026-08-28T18:01:00,2026-08-28T21:20:00,199,Friday,True
5963,u_144,Indoor Sports Complex,2026-08-28T18:03:00,2026-08-28T18:45:00,42,Friday,True
5790,u_021,Main Library,2026-08-28T18:05:00,2026-08-28T19:11:00,66,Friday,True
5897,u_101,Science Library,2026-08-28T18:05:00,2026-08-28T19:58:00,113,Friday,True
5774,u_010,Main Library,2026-08-28T18:07:00,2026-08-28T20:01:00,114,Friday,True
5981,u_156,Science Library,2026-08-28T18:10:00,2026-08-28T19:41:00,91,Friday,True
5806,u_032,Indoor Sports Complex,2026-08-28T18:12:00,2026-08-28T19:03:00,51,Friday,True
5766,u_004,Gymnasium,2026-08-28T18:14:00,2026-08-28T19:48:00,94,Friday,True
5912,u_111,Indoor Sports Complex,2026-08-28T18:15:00,2026-08-28T19:41:00,86,Friday,True
6010,u_173,WiFi Zone North,2026-08-28T18:18:00,2026-08-28T19:03:00,45,Friday,False
5818,u_037,Gymnasium,2026-08-28T18:45:00,2026-08-28T20:27:00,102,Friday,True
5843,u_055,Food Court,2026-08-28T18:45:00,2026-08-28T19:07:00,22,Friday,True
5835,u_049,Central Cafeteria,2026-08-28T18:48:00,2026-08-28T19:47:00,59,Friday,True
5862,u_073,Central Cafeteria,2026-08-28T18:51:00,2026-08-28T19:49:00,58,Friday,True
5865,u_075,Food Court,2026-08-28T18:52:00,2026-08-28T19:40:00,48,Friday,True
5857,u_069,Main Library,2026-08-28T18:54:00,2026-08-28T20:53:00,119,Friday,True
6012,u_174,Indoor Sports Complex,2026-08-28T18:57:00,2026-08-28T20:28:00,91,Friday,True
5820,u_038,Food Court,2026-08-28T18:58:00,2026-08-28T19:52:00,54,Friday,True
5907,u_108,Central Cafeteria,2026-08-28T18:58:00,2026-08-28T19:43:00,45,Friday,True
6034,u_191,Main Library,2026-08-28T18:59:00,2026-08-28T19:54:00,55,Friday,True
5789,u_020,Central Cafeteria,2026-08-28T19:00:00,2026-08-28T19:47:00,47,Friday,True
5837,u_049,Science Library,2026-08-28T19:00:00,2026-08-28T21:12:00,132,Friday,True
5852,u_065,Main Library,2026-08-28T19:01:00,2026-08-28T19:54:00,53,Friday,True
6032,u_191,Food Court,2026-08-28T19:01:00,2026-08-28T19:45:00,44,Friday,True
5842,u_054,Central Cafeteria,2026-08-28T19:03:00,2026-08-28T19:49:00,46,Friday,True
5983,u_156,Gymnasium,2026-08-28T19:03:00,2026-08-28T19:52:00,49,Friday,True
5894,u_098,Science Library,2026-08-28T19:05:00,2026-08-28T19:55:00,50,Friday,True
5989,u_161,Food Court,2026-08-28T19:05:00,2026-08-28T20:17:00,72,Friday,True
6009,u_172,Central Cafeteria,2026-08-28T19:05:00,2026-08-28T19:40:00,35,Friday,True
5946,u_133,Central Cafeteria,2026-08-28T19:06:00,2026-08-28T20:11:00,65,Friday,True
5920,u_116,Food Court,2026-08-28T19:07:00,2026-08-28T19:54:00,47,Friday,True
6015,u_176,Food Court,2026-08-28T19:07:00,2026-08-28T20:26:00,79,Friday,True
6036,u_192,Food Court,2026-08-28T19:07:00,2026-08-28T20:21:00,74,Friday,True
5828,u_045,Main Library,2026-08-28T19:08:00,2026-08-28T21:25:00,137,Friday,True
5867,u_078,Food Court,2026-08-28T19:09:00,2026-08-28T19:50:00,41,Friday,True
5868,u_078,Indoor Sports Complex,2026-08-28T19:10:00,2026-08-28T20:54:00,104,Friday,True
5834,u_048,Science Library,2026-08-28T19:11:00,2026-08-28T21:24:00,133,Friday,True
5872,u_081,Main Library,2026-08-28T19:15:00,2026-08-28T21:05:00,110,Friday,True
5770,u_007,Gymnasium,2026-08-28T19:16:00,2026-08-28T20:19:00,63,Friday,True
5978,u_154,Food Court,2026-08-28T19:17:00,2026-08-28T20:16:00,59,Friday,True
5786,u_019,Science Library,2026-08-28T19:23:00,2026-08-28T22:42:00,199,Friday,True
5969,u_148,Central Cafeteria,2026-08-28T19:24:00,2026-08-28T20:14:00,50,Friday,False
5869,u_079,Central Cafeteria,2026-08-28T19:43:00,2026-08-28T20:02:00,19,Friday,False
5813,u_034,Main Library,2026-08-28T19:56:00,2026-08-28T23:08:00,192,Friday,True
5832,u_048,Gymnasium,2026-08-28T19:59:00,2026-08-28T20:57:00,58,Friday,True
5904,u_105,Main Library,2026-08-28T19:59:00,2026-08-28T20:49:00,50,Friday,True
5891,u_095,Indoor Sports Complex,2026-08-28T20:01:00,2026-08-28T20:40:00,39,Friday,True
5879,u_085,Main Library,2026-08-28T20:02:00,2026-08-28T23:18:00,196,Friday,True
6028,u_187,Science Library,2026-08-28T20:02:00,2026-08-28T21:25:00,83,Friday,True
5880,u_086,Main Library,2026-08-28T20:06:00,2026-08-28T22:00:00,114,Friday,True
5793,u_023,Indoor Sports Complex,2026-08-28T20:07:00,2026-08-28T21:24:00,77,Friday,True
6035,u_192,Main Library,2026-08-28T20:08:00,2026-08-28T22:06:00,118,Friday,True
5939,u_127,Main Library,2026-08-28T20:14:00,2026-08-28T22:09:00,115,Friday,True
5908,u_108,Gymnasium,2026-08-28T20:15:00,2026-08-28T21:00:00,45,Friday,True
5923,u_118,Science Library,2026-08-28T20:19:00,2026-08-28T21:22:00,63,Friday,True
5839,u_051,Main Library,2026-08-28T20:23:00,2026-08-28T20:38:00,15,Friday,False
6045,u_199,WiFi Zone North,2026-08-28T20:32:00,2026-08-28T21:40:00,68,Friday,False
5830,u_046,Main Library,2026-08-28T20:41:00,2026-08-28T21:45:00,64,Friday,True
5931,u_124,Computer Lab B,2026-08-28T20:42:00,2026-08-28T21:35:00,53,Friday,False
5833,u_048,Main Library,2026-08-28T20:55:00,2026-08-28T22:22:00,87,Friday,True
5937,u_126,Main Library,2026-08-28T20:56:00,2026-08-28T23:05:00,129,Friday,True
5935,u_125,Main Library,2026-08-28T20:57:00,2026-08-28T21:57:00,60,Friday,True
5932,u_124,Science Library,2026-08-28T20:58:00,2026-08-28T23:08:00,130,Friday,True
5901,u_103,Main Library,2026-08-28T21:00:00,2026-08-28T23:53:00,173,Friday,True
5779,u_015,Science Library,2026-08-28T21:04:00,2026-08-28T22:56:00,112,Friday,True
5916,u_114,Science Library,2026-08-28T21:06:00,2026-08-28T22:23:00,77,Friday,True
5773,u_009,Main Library,2026-08-28T21:08:00,2026-08-28T22:01:00,53,Friday,True
6261,u_150,Indoor Sports Complex,2026-08-29T05:42:00,2026-08-29T06:38:00,56,Saturday,True
6174,u_096,Gymnasium,2026-08-29T05:51:00,2026-08-29T07:36:00,105,Saturday,True
6249,u_143,Gymnasium,2026-08-29T05:58:00,2026-08-29T07:27:00,89,Saturday,True
6049,u_001,Gymnasium,2026-08-29T06:00:00,2026-08-29T06:52:00,52,Saturday,True
6244,u_139,Gymnasium,2026-08-29T06:00:00,2026-08-29T07:31:00,91,Saturday,True
6288,u_166,Gymnasium,2026-08-29T06:05:00,2026-08-29T06:59:00,54,Saturday,True
6272,u_155,Indoor Sports Complex,2026-08-29T06:11:00,2026-08-29T07:05:00,54,Saturday,True
6330,u_195,Indoor Sports Complex,2026-08-29T06:39:00,2026-08-29T08:09:00,90,Saturday,True
6255,u_147,Indoor Sports Complex,2026-08-29T06:50:00,2026-08-29T07:52:00,62,Saturday,True
6295,u_171,Indoor Sports Complex,2026-08-29T06:50:00,2026-08-29T07:45:00,55,Saturday,True
6123,u_062,Indoor Sports Complex,2026-08-29T06:52:00,2026-08-29T08:40:00,108,Saturday,True
6104,u_045,Indoor Sports Complex,2026-08-29T06:56:00,2026-08-29T07:53:00,57,Saturday,True
6182,u_102,Gymnasium,2026-08-29T06:56:00,2026-08-29T07:48:00,52,Saturday,True
6194,u_109,Gymnasium,2026-08-29T06:56:00,2026-08-29T07:46:00,50,Saturday,True
6185,u_104,Indoor Sports Complex,2026-08-29T06:57:00,2026-08-29T07:46:00,49,Saturday,True
6140,u_071,Indoor Sports Complex,2026-08-29T06:59:00,2026-08-29T07:54:00,55,Saturday,True
6266,u_152,Indoor Sports Complex,2026-08-29T06:59:00,2026-08-29T08:24:00,85,Saturday,True
6188,u_106,Indoor Sports Complex,2026-08-29T07:05:00,2026-08-29T08:24:00,79,Saturday,True
6118,u_057,Indoor Sports Complex,2026-08-29T07:08:00,2026-08-29T08:27:00,79,Saturday,True
6108,u_050,Gymnasium,2026-08-29T07:09:00,2026-08-29T08:28:00,79,Saturday,True
6120,u_060,Gymnasium,2026-08-29T07:42:00,2026-08-29T08:21:00,39,Saturday,True
6312,u_184,Gymnasium,2026-08-29T07:51:00,2026-08-29T09:36:00,105,Saturday,True
6079,u_029,Indoor Sports Complex,2026-08-29T07:52:00,2026-08-29T09:22:00,90,Saturday,True
6056,u_008,Gymnasium,2026-08-29T07:58:00,2026-08-29T09:17:00,79,Saturday,True
6280,u_161,Indoor Sports Complex,2026-08-29T07:59:00,2026-08-29T08:56:00,57,Saturday,True
6321,u_190,Indoor Sports Complex,2026-08-29T07:59:00,2026-08-29T08:41:00,42,Saturday,True
6197,u_111,Gymnasium,2026-08-29T08:00:00,2026-08-29T09:08:00,68,Saturday,True
6082,u_031,Indoor Sports Complex,2026-08-29T08:02:00,2026-08-29T09:37:00,95,Saturday,True
6213,u_123,Gymnasium,2026-08-29T08:07:00,2026-08-29T09:01:00,54,Saturday,True
6055,u_006,Gymnasium,2026-08-29T08:08:00,2026-08-29T09:22:00,74,Saturday,True
6109,u_050,Indoor Sports Complex,2026-08-29T08:09:00,2026-08-29T09:11:00,62,Saturday,True
6137,u_070,Indoor Sports Complex,2026-08-29T08:11:00,2026-08-29T09:51:00,100,Saturday,True
6102,u_045,Gymnasium,2026-08-29T08:14:00,2026-08-29T08:51:00,37,Saturday,True
6216,u_123,Central Cafeteria,2026-08-29T08:20:00,2026-08-29T08:57:00,37,Saturday,True
6241,u_137,Food Court,2026-08-29T08:22:00,2026-08-29T09:08:00,46,Saturday,False
6269,u_154,Central Cafeteria,2026-08-29T08:25:00,2026-08-29T09:22:00,57,Saturday,True
6227,u_127,Food Court,2026-08-29T08:27:00,2026-08-29T09:12:00,45,Saturday,True
6071,u_021,Food Court,2026-08-29T08:28:00,2026-08-29T09:37:00,69,Saturday,True
6131,u_067,Central Cafeteria,2026-08-29T08:29:00,2026-08-29T09:47:00,78,Saturday,True
6135,u_070,Central Cafeteria,2026-08-29T08:30:00,2026-08-29T09:11:00,41,Saturday,True
6152,u_081,Central Cafeteria,2026-08-29T08:32:00,2026-08-29T09:38:00,66,Saturday,True
6133,u_069,Central Cafeteria,2026-08-29T08:33:00,2026-08-29T09:45:00,72,Saturday,True
6179,u_101,Computer Lab A,2026-08-29T08:37:00,2026-08-29T09:21:00,44,Saturday,True
6273,u_156,Central Cafeteria,2026-08-29T08:37:00,2026-08-29T09:09:00,32,Saturday,True
6308,u_182,Student Center,2026-08-29T08:38:00,2026-08-29T10:15:00,97,Saturday,True
6177,u_100,Central Cafeteria,2026-08-29T08:39:00,2026-08-29T09:46:00,67,Saturday,True
6092,u_041,Computer Lab B,2026-08-29T08:40:00,2026-08-29T09:38:00,58,Saturday,True
6151,u_080,Central Cafeteria,2026-08-29T08:40:00,2026-08-29T09:12:00,32,Saturday,True
6314,u_185,Central Cafeteria,2026-08-29T08:46:00,2026-08-29T09:08:00,22,Saturday,True
6239,u_135,Computer Lab A,2026-08-29T08:47:00,2026-08-29T10:02:00,75,Saturday,True
6155,u_084,Computer Lab A,2026-08-29T08:49:00,2026-08-29T09:32:00,43,Saturday,True
6136,u_070,Student Center,2026-08-29T08:51:00,2026-08-29T09:27:00,36,Saturday,True
6189,u_106,Computer Lab A,2026-08-29T08:55:00,2026-08-29T09:34:00,39,Saturday,True
6138,u_071,Gymnasium,2026-08-29T08:56:00,2026-08-29T09:28:00,32,Saturday,False
6142,u_074,Computer Lab B,2026-08-29T08:57:00,2026-08-29T10:27:00,90,Saturday,True
6222,u_125,Computer Lab B,2026-08-29T09:23:00,2026-08-29T10:38:00,75,Saturday,True
6130,u_066,Computer Lab B,2026-08-29T09:50:00,2026-08-29T11:12:00,82,Saturday,True
6054,u_005,Computer Lab A,2026-08-29T09:53:00,2026-08-29T11:04:00,71,Saturday,True
6098,u_043,Computer Lab B,2026-08-29T09:55:00,2026-08-29T10:54:00,59,Saturday,True
6073,u_021,Student Center,2026-08-29T09:58:00,2026-08-29T10:43:00,45,Saturday,True
6144,u_076,Student Center,2026-08-29T09:59:00,2026-08-29T10:45:00,46,Saturday,True
6285,u_163,Computer Lab B,2026-08-29T09:59:00,2026-08-29T11:30:00,91,Saturday,True
6328,u_193,Student Center,2026-08-29T10:08:00,2026-08-29T10:52:00,44,Saturday,True
6190,u_107,Computer Lab B,2026-08-29T10:41:00,2026-08-29T11:03:00,22,Saturday,False
6097,u_043,Food Court,2026-08-29T10:50:00,2026-08-29T12:23:00,93,Saturday,False
6080,u_029,Computer Lab A,2026-08-29T10:51:00,2026-08-29T11:40:00,49,Saturday,True
6210,u_122,Student Center,2026-08-29T10:57:00,2026-08-29T12:08:00,71,Saturday,True
6286,u_164,Student Center,2026-08-29T10:57:00,2026-08-29T12:24:00,87,Saturday,True
6062,u_012,Student Center,2026-08-29T11:02:00,2026-08-29T11:57:00,55,Saturday,True
6068,u_019,Gymnasium,2026-08-29T11:02:00,2026-08-29T12:18:00,76,Saturday,False
6270,u_154,Computer Lab A,2026-08-29T11:02:00,2026-08-29T12:15:00,73,Saturday,True
6275,u_157,Computer Lab B,2026-08-29T11:05:00,2026-08-29T12:37:00,92,Saturday,True
6063,u_016,Computer Lab B,2026-08-29T11:07:00,2026-08-29T12:07:00,60,Saturday,True
6303,u_177,Computer Lab B,2026-08-29T11:07:00,2026-08-29T11:56:00,49,Saturday,True
6089,u_038,Computer Lab A,2026-08-29T11:11:00,2026-08-29T12:10:00,59,Saturday,True
6237,u_134,Student Center,2026-08-29T11:11:00,2026-08-29T12:02:00,51,Saturday,True
6310,u_183,Computer Lab B,2026-08-29T11:11:00,2026-08-29T12:59:00,108,Saturday,True
6200,u_113,Student Center,2026-08-29T11:12:00,2026-08-29T12:07:00,55,Saturday,True
6170,u_094,Student Center,2026-08-29T11:16:00,2026-08-29T12:23:00,67,Saturday,True
6219,u_124,Student Center,2026-08-29T11:38:00,2026-08-29T12:58:00,80,Saturday,True
6183,u_103,Computer Lab B,2026-08-29T11:47:00,2026-08-29T13:44:00,117,Saturday,False
6313,u_185,Student Center,2026-08-29T11:47:00,2026-08-29T13:02:00,75,Saturday,True
6231,u_130,Student Center,2026-08-29T11:51:00,2026-08-29T12:55:00,64,Saturday,True
6220,u_124,Computer Lab B,2026-08-29T11:54:00,2026-08-29T12:42:00,48,Saturday,True
6324,u_190,Student Center,2026-08-29T12:01:00,2026-08-29T13:23:00,82,Saturday,True
6235,u_134,Computer Lab A,2026-08-29T12:04:00,2026-08-29T12:55:00,51,Saturday,True
6064,u_017,Student Center,2026-08-29T12:06:00,2026-08-29T13:36:00,90,Saturday,True
6106,u_049,Food Court,2026-08-29T12:11:00,2026-08-29T12:34:00,23,Saturday,False
6180,u_101,Central Cafeteria,2026-08-29T12:13:00,2026-08-29T13:06:00,53,Saturday,True
6317,u_187,Central Cafeteria,2026-08-29T12:14:00,2026-08-29T13:30:00,76,Saturday,True
6302,u_177,Food Court,2026-08-29T12:15:00,2026-08-29T13:01:00,46,Saturday,True
6236,u_134,Food Court,2026-08-29T12:18:00,2026-08-29T13:16:00,58,Saturday,True
6267,u_152,Food Court,2026-08-29T12:20:00,2026-08-29T13:30:00,70,Saturday,True
6186,u_105,Food Court,2026-08-29T12:22:00,2026-08-29T13:12:00,50,Saturday,True
6283,u_162,Central Cafeteria,2026-08-29T12:23:00,2026-08-29T13:12:00,49,Saturday,True
6265,u_151,Central Cafeteria,2026-08-29T12:24:00,2026-08-29T13:13:00,49,Saturday,True
6052,u_004,Food Court,2026-08-29T12:25:00,2026-08-29T13:15:00,50,Saturday,True
6322,u_190,Central Cafeteria,2026-08-29T12:26:00,2026-08-29T12:48:00,22,Saturday,True
6291,u_168,Central Cafeteria,2026-08-29T12:28:00,2026-08-29T13:42:00,74,Saturday,True
6205,u_117,Central Cafeteria,2026-08-29T12:29:00,2026-08-29T13:44:00,75,Saturday,True
6207,u_119,Central Cafeteria,2026-08-29T12:30:00,2026-08-29T13:31:00,61,Saturday,True
6233,u_132,Food Court,2026-08-29T12:30:00,2026-08-29T13:18:00,48,Saturday,True
6208,u_120,Food Court,2026-08-29T12:31:00,2026-08-29T13:07:00,36,Saturday,True
6268,u_153,Food Court,2026-08-29T12:32:00,2026-08-29T13:07:00,35,Saturday,True
6162,u_090,Central Cafeteria,2026-08-29T12:33:00,2026-08-29T12:57:00,24,Saturday,True
6263,u_151,Food Court,2026-08-29T12:35:00,2026-08-29T13:14:00,39,Saturday,True
6262,u_151,WiFi Zone South,2026-08-29T12:36:00,2026-08-29T14:08:00,92,Saturday,False
6331,u_197,Central Cafeteria,2026-08-29T12:37:00,2026-08-29T13:30:00,53,Saturday,True
6169,u_093,Food Court,2026-08-29T12:40:00,2026-08-29T13:51:00,71,Saturday,True
6065,u_017,Food Court,2026-08-29T12:44:00,2026-08-29T13:19:00,35,Saturday,True
6159,u_086,WiFi Zone South,2026-08-29T12:49:00,2026-08-29T14:05:00,76,Saturday,False
6284,u_162,Student Center,2026-08-29T12:50:00,2026-08-29T14:14:00,84,Saturday,True
6252,u_144,Computer Lab B,2026-08-29T12:52:00,2026-08-29T13:54:00,62,Saturday,True
6141,u_073,Student Center,2026-08-29T12:54:00,2026-08-29T14:07:00,73,Saturday,True
6187,u_106,Student Center,2026-08-29T12:54:00,2026-08-29T14:20:00,86,Saturday,True
6299,u_175,Student Center,2026-08-29T12:54:00,2026-08-29T13:38:00,44,Saturday,True
6329,u_193,Computer Lab B,2026-08-29T12:54:00,2026-08-29T13:44:00,50,Saturday,True
6297,u_173,Student Center,2026-08-29T12:55:00,2026-08-29T14:20:00,85,Saturday,True
6254,u_146,Computer Lab A,2026-08-29T12:59:00,2026-08-29T13:50:00,51,Saturday,True
6333,u_198,Student Center,2026-08-29T12:59:00,2026-08-29T14:16:00,77,Saturday,True
6278,u_160,Student Center,2026-08-29T13:03:00,2026-08-29T14:48:00,105,Saturday,True
6264,u_151,Computer Lab B,2026-08-29T13:04:00,2026-08-29T13:59:00,55,Saturday,True
6332,u_198,Computer Lab A,2026-08-29T13:04:00,2026-08-29T14:23:00,79,Saturday,True
6193,u_109,Computer Lab B,2026-08-29T13:09:00,2026-08-29T14:08:00,59,Saturday,True
6260,u_150,Student Center,2026-08-29T13:12:00,2026-08-29T14:16:00,64,Saturday,True
6154,u_081,Computer Lab A,2026-08-29T13:15:00,2026-08-29T14:52:00,97,Saturday,True
6149,u_079,Computer Lab A,2026-08-29T13:16:00,2026-08-29T14:11:00,55,Saturday,True
6192,u_108,Computer Lab A,2026-08-29T13:36:00,2026-08-29T14:53:00,77,Saturday,False
6051,u_001,Student Center,2026-08-29T13:43:00,2026-08-29T15:33:00,110,Saturday,True
6087,u_036,Student Center,2026-08-29T13:46:00,2026-08-29T14:50:00,64,Saturday,True
6168,u_093,Computer Lab B,2026-08-29T13:49:00,2026-08-29T14:54:00,65,Saturday,True
6132,u_067,Student Center,2026-08-29T13:50:00,2026-08-29T14:41:00,51,Saturday,True
6196,u_111,Computer Lab B,2026-08-29T13:55:00,2026-08-29T15:42:00,107,Saturday,False
6121,u_061,Computer Lab A,2026-08-29T13:56:00,2026-08-29T14:45:00,49,Saturday,True
6248,u_141,Computer Lab A,2026-08-29T13:59:00,2026-08-29T14:34:00,35,Saturday,True
6126,u_064,Student Center,2026-08-29T14:00:00,2026-08-29T15:17:00,77,Saturday,True
6128,u_065,Student Center,2026-08-29T14:00:00,2026-08-29T14:51:00,51,Saturday,True
6058,u_009,Student Center,2026-08-29T14:01:00,2026-08-29T15:25:00,84,Saturday,True
6336,u_199,Computer Lab A,2026-08-29T14:01:00,2026-08-29T15:30:00,89,Saturday,True
6204,u_116,Student Center,2026-08-29T14:04:00,2026-08-29T14:55:00,51,Saturday,True
6101,u_044,Student Center,2026-08-29T14:05:00,2026-08-29T14:51:00,46,Saturday,True
6195,u_110,Computer Lab A,2026-08-29T14:11:00,2026-08-29T15:31:00,80,Saturday,True
6301,u_177,Computer Lab A,2026-08-29T14:11:00,2026-08-29T15:53:00,102,Saturday,False
6318,u_187,Computer Lab B,2026-08-29T14:18:00,2026-08-29T15:35:00,77,Saturday,True
6066,u_018,Computer Lab A,2026-08-29T14:49:00,2026-08-29T15:39:00,50,Saturday,True
6110,u_051,Central Cafeteria,2026-08-29T14:58:00,2026-08-29T16:08:00,70,Saturday,False
6335,u_199,Student Center,2026-08-29T14:58:00,2026-08-29T15:49:00,51,Saturday,True
6094,u_041,Computer Lab A,2026-08-29T15:00:00,2026-08-29T16:12:00,72,Saturday,True
6173,u_095,Computer Lab B,2026-08-29T15:00:00,2026-08-29T15:58:00,58,Saturday,True
6277,u_159,Student Center,2026-08-29T15:14:00,2026-08-29T16:12:00,58,Saturday,True
6161,u_087,Student Center,2026-08-29T15:18:00,2026-08-29T16:04:00,46,Saturday,True
6256,u_147,Main Library,2026-08-29T15:43:00,2026-08-29T17:40:00,117,Saturday,True
6274,u_156,Computer Lab B,2026-08-29T15:46:00,2026-08-29T17:15:00,89,Saturday,True
6088,u_038,Science Library,2026-08-29T15:47:00,2026-08-29T18:45:00,178,Saturday,True
6157,u_085,Student Center,2026-08-29T15:48:00,2026-08-29T17:07:00,79,Saturday,True
6181,u_102,Science Library,2026-08-29T15:53:00,2026-08-29T17:44:00,111,Saturday,True
6077,u_025,Computer Lab B,2026-08-29T15:56:00,2026-08-29T17:07:00,71,Saturday,True
6124,u_063,Student Center,2026-08-29T15:58:00,2026-08-29T17:23:00,85,Saturday,True
6226,u_126,Computer Lab B,2026-08-29T15:58:00,2026-08-29T16:40:00,42,Saturday,True
6107,u_049,Computer Lab A,2026-08-29T15:59:00,2026-08-29T17:01:00,62,Saturday,True
6214,u_123,Computer Lab B,2026-08-29T15:59:00,2026-08-29T16:54:00,55,Saturday,True
6061,u_010,Science Library,2026-08-29T16:02:00,2026-08-29T18:10:00,128,Saturday,True
6139,u_071,Computer Lab A,2026-08-29T16:02:00,2026-08-29T17:18:00,76,Saturday,True
6257,u_147,Student Center,2026-08-29T16:03:00,2026-08-29T17:29:00,86,Saturday,True
6060,u_010,WiFi Zone North,2026-08-29T16:04:00,2026-08-29T17:40:00,96,Saturday,False
6146,u_077,Science Library,2026-08-29T16:05:00,2026-08-29T17:11:00,66,Saturday,True
6164,u_091,Computer Lab B,2026-08-29T16:05:00,2026-08-29T16:56:00,51,Saturday,True
6289,u_167,Student Center,2026-08-29T16:05:00,2026-08-29T16:59:00,54,Saturday,True
6221,u_125,Science Library,2026-08-29T16:09:00,2026-08-29T17:26:00,77,Saturday,True
6090,u_039,Main Library,2026-08-29T16:10:00,2026-08-29T17:53:00,103,Saturday,True
6134,u_070,Main Library,2026-08-29T16:11:00,2026-08-29T17:30:00,79,Saturday,True
6158,u_085,Science Library,2026-08-29T16:12:00,2026-08-29T17:46:00,94,Saturday,True
6212,u_122,Main Library,2026-08-29T16:17:00,2026-08-29T18:20:00,123,Saturday,True
6156,u_084,Science Library,2026-08-29T16:21:00,2026-08-29T17:15:00,54,Saturday,True
6117,u_056,Student Center,2026-08-29T16:27:00,2026-08-29T18:08:00,101,Saturday,True
6057,u_009,WiFi Zone South,2026-08-29T16:41:00,2026-08-29T17:43:00,62,Saturday,False
6246,u_140,Science Library,2026-08-29T16:49:00,2026-08-29T18:46:00,117,Saturday,True
6240,u_136,Science Library,2026-08-29T16:53:00,2026-08-29T19:50:00,177,Saturday,True
6258,u_148,Indoor Sports Complex,2026-08-29T16:54:00,2026-08-29T18:38:00,104,Saturday,True
6165,u_092,Indoor Sports Complex,2026-08-29T16:59:00,2026-08-29T18:39:00,100,Saturday,True
6287,u_164,Indoor Sports Complex,2026-08-29T17:00:00,2026-08-29T18:34:00,94,Saturday,True
6112,u_051,Science Library,2026-08-29T17:02:00,2026-08-29T20:04:00,182,Saturday,True
6247,u_141,Main Library,2026-08-29T17:02:00,2026-08-29T20:08:00,186,Saturday,True
6100,u_044,Indoor Sports Complex,2026-08-29T17:05:00,2026-08-29T18:25:00,80,Saturday,True
6238,u_135,Main Library,2026-08-29T17:05:00,2026-08-29T18:49:00,104,Saturday,True
6119,u_058,Science Library,2026-08-29T17:07:00,2026-08-29T18:00:00,53,Saturday,True
6259,u_150,Science Library,2026-08-29T17:07:00,2026-08-29T18:50:00,103,Saturday,True
6074,u_022,Indoor Sports Complex,2026-08-29T17:08:00,2026-08-29T17:44:00,36,Saturday,True
6203,u_115,Main Library,2026-08-29T17:10:00,2026-08-29T20:30:00,200,Saturday,True
6176,u_099,Main Library,2026-08-29T17:11:00,2026-08-29T18:14:00,63,Saturday,True
6311,u_183,Science Library,2026-08-29T17:11:00,2026-08-29T18:53:00,102,Saturday,True
6282,u_162,Indoor Sports Complex,2026-08-29T17:12:00,2026-08-29T18:25:00,73,Saturday,True
6245,u_140,Gymnasium,2026-08-29T17:23:00,2026-08-29T18:18:00,55,Saturday,True
6215,u_123,Main Library,2026-08-29T17:38:00,2026-08-29T19:14:00,96,Saturday,True
6234,u_133,Indoor Sports Complex,2026-08-29T17:43:00,2026-08-29T18:24:00,41,Saturday,True
6078,u_027,Science Library,2026-08-29T17:55:00,2026-08-29T19:32:00,97,Saturday,True
6053,u_004,Gymnasium,2026-08-29T17:56:00,2026-08-29T19:40:00,104,Saturday,True
6091,u_040,Indoor Sports Complex,2026-08-29T17:56:00,2026-08-29T19:10:00,74,Saturday,True
6125,u_063,Science Library,2026-08-29T17:56:00,2026-08-29T20:10:00,134,Saturday,True
6148,u_078,Science Library,2026-08-29T17:57:00,2026-08-29T19:45:00,108,Saturday,True
6083,u_031,Science Library,2026-08-29T18:00:00,2026-08-29T20:53:00,173,Saturday,True
6084,u_032,Indoor Sports Complex,2026-08-29T18:00:00,2026-08-29T19:03:00,63,Saturday,True
6085,u_034,Indoor Sports Complex,2026-08-29T18:00:00,2026-08-29T19:50:00,110,Saturday,True
6178,u_100,Science Library,2026-08-29T18:00:00,2026-08-29T19:27:00,87,Saturday,True
6072,u_021,Main Library,2026-08-29T18:01:00,2026-08-29T18:59:00,58,Saturday,True
6250,u_144,Indoor Sports Complex,2026-08-29T18:03:00,2026-08-29T18:43:00,40,Saturday,True
6113,u_051,Indoor Sports Complex,2026-08-29T18:04:00,2026-08-29T19:04:00,60,Saturday,True
6096,u_042,Science Library,2026-08-29T18:05:00,2026-08-29T19:26:00,81,Saturday,True
6253,u_145,Science Library,2026-08-29T18:05:00,2026-08-29T20:07:00,122,Saturday,True
6223,u_125,Indoor Sports Complex,2026-08-29T18:10:00,2026-08-29T19:03:00,53,Saturday,True
6224,u_126,Indoor Sports Complex,2026-08-29T18:10:00,2026-08-29T19:10:00,60,Saturday,True
6290,u_167,Main Library,2026-08-29T18:10:00,2026-08-29T20:08:00,118,Saturday,True
6070,u_020,Central Cafeteria,2026-08-29T18:31:00,2026-08-29T19:05:00,34,Saturday,True
6281,u_162,Central Cafeteria,2026-08-29T18:41:00,2026-08-29T19:57:00,76,Saturday,False
6116,u_055,Gymnasium,2026-08-29T18:44:00,2026-08-29T20:04:00,80,Saturday,True
6296,u_172,Central Cafeteria,2026-08-29T18:44:00,2026-08-29T19:32:00,48,Saturday,True
6242,u_137,Central Cafeteria,2026-08-29T18:46:00,2026-08-29T19:44:00,58,Saturday,True
6294,u_170,Central Cafeteria,2026-08-29T18:49:00,2026-08-29T20:00:00,71,Saturday,True
6095,u_042,Food Court,2026-08-29T18:50:00,2026-08-29T19:44:00,54,Saturday,True
6086,u_036,Food Court,2026-08-29T18:53:00,2026-08-29T20:07:00,74,Saturday,True
6225,u_126,Science Library,2026-08-29T18:53:00,2026-08-29T21:49:00,176,Saturday,True
6319,u_189,Science Library,2026-08-29T18:53:00,2026-08-29T20:23:00,90,Saturday,True
6315,u_186,Main Library,2026-08-29T18:55:00,2026-08-29T20:15:00,80,Saturday,True
6232,u_131,Main Library,2026-08-29T18:56:00,2026-08-29T21:52:00,176,Saturday,True
6320,u_189,Gymnasium,2026-08-29T18:56:00,2026-08-29T20:38:00,102,Saturday,True
6325,u_191,Main Library,2026-08-29T18:57:00,2026-08-29T20:10:00,73,Saturday,True
6199,u_112,Central Cafeteria,2026-08-29T18:58:00,2026-08-29T19:48:00,50,Saturday,True
6293,u_169,Main Library,2026-08-29T18:58:00,2026-08-29T21:09:00,131,Saturday,True
6050,u_001,Indoor Sports Complex,2026-08-29T18:59:00,2026-08-29T19:46:00,47,Saturday,True
6298,u_174,Indoor Sports Complex,2026-08-29T18:59:00,2026-08-29T20:42:00,103,Saturday,True
6069,u_019,Science Library,2026-08-29T19:00:00,2026-08-29T21:51:00,171,Saturday,True
6075,u_023,Gymnasium,2026-08-29T19:00:00,2026-08-29T20:34:00,94,Saturday,True
6153,u_081,Indoor Sports Complex,2026-08-29T19:00:00,2026-08-29T20:40:00,100,Saturday,True
6323,u_190,Science Library,2026-08-29T19:00:00,2026-08-29T21:51:00,171,Saturday,True
6327,u_192,Food Court,2026-08-29T19:00:00,2026-08-29T19:56:00,56,Saturday,True
6076,u_023,Central Cafeteria,2026-08-29T19:01:00,2026-08-29T19:45:00,44,Saturday,True
6172,u_095,Science Library,2026-08-29T19:01:00,2026-08-29T20:32:00,91,Saturday,True
6218,u_124,Central Cafeteria,2026-08-29T19:02:00,2026-08-29T19:40:00,38,Saturday,True
6115,u_054,Central Cafeteria,2026-08-29T19:03:00,2026-08-29T20:06:00,63,Saturday,True
6175,u_098,Science Library,2026-08-29T19:03:00,2026-08-29T19:55:00,52,Saturday,True
6127,u_064,Central Cafeteria,2026-08-29T19:04:00,2026-08-29T19:56:00,52,Saturday,True
6292,u_168,Food Court,2026-08-29T19:04:00,2026-08-29T20:19:00,75,Saturday,True
6305,u_179,Food Court,2026-08-29T19:04:00,2026-08-29T20:04:00,60,Saturday,True
6081,u_030,Science Library,2026-08-29T19:05:00,2026-08-29T20:50:00,105,Saturday,True
6129,u_065,Main Library,2026-08-29T19:05:00,2026-08-29T20:13:00,68,Saturday,True
6271,u_154,Food Court,2026-08-29T19:06:00,2026-08-29T20:15:00,69,Saturday,True
6304,u_177,Science Library,2026-08-29T19:06:00,2026-08-29T20:19:00,73,Saturday,True
6198,u_112,Main Library,2026-08-29T19:07:00,2026-08-29T20:49:00,102,Saturday,True
6279,u_161,Food Court,2026-08-29T19:07:00,2026-08-29T20:03:00,56,Saturday,True
6307,u_181,Food Court,2026-08-29T19:07:00,2026-08-29T20:09:00,62,Saturday,True
6334,u_199,Gymnasium,2026-08-29T19:07:00,2026-08-29T20:36:00,89,Saturday,True
6300,u_176,Food Court,2026-08-29T19:08:00,2026-08-29T20:05:00,57,Saturday,True
6309,u_183,Central Cafeteria,2026-08-29T19:08:00,2026-08-29T19:53:00,45,Saturday,True
6143,u_075,Food Court,2026-08-29T19:09:00,2026-08-29T19:54:00,45,Saturday,True
6211,u_122,Central Cafeteria,2026-08-29T19:09:00,2026-08-29T20:17:00,68,Saturday,True
6230,u_129,Science Library,2026-08-29T19:09:00,2026-08-29T20:21:00,72,Saturday,True
6147,u_078,Food Court,2026-08-29T19:10:00,2026-08-29T19:48:00,38,Saturday,True
6103,u_045,Main Library,2026-08-29T19:15:00,2026-08-29T21:06:00,111,Saturday,True
6114,u_054,Food Court,2026-08-29T19:16:00,2026-08-29T20:32:00,76,Saturday,True
6209,u_121,Indoor Sports Complex,2026-08-29T19:16:00,2026-08-29T20:15:00,59,Saturday,True
6326,u_192,Main Library,2026-08-29T19:43:00,2026-08-29T21:58:00,135,Saturday,True
6167,u_092,Gymnasium,2026-08-29T19:45:00,2026-08-29T20:57:00,72,Saturday,True
6206,u_118,Science Library,2026-08-29T19:46:00,2026-08-29T20:42:00,56,Saturday,True
6150,u_079,Main Library,2026-08-29T19:48:00,2026-08-29T20:51:00,63,Saturday,True
6105,u_048,Gymnasium,2026-08-29T19:49:00,2026-08-29T20:53:00,64,Saturday,True
6171,u_095,Indoor Sports Complex,2026-08-29T19:51:00,2026-08-29T20:28:00,37,Saturday,True
6160,u_086,Main Library,2026-08-29T19:52:00,2026-08-29T21:45:00,113,Saturday,True
6191,u_107,Indoor Sports Complex,2026-08-29T19:54:00,2026-08-29T20:52:00,58,Saturday,True
6163,u_091,WiFi Zone North,2026-08-29T19:56:00,2026-08-29T20:34:00,38,Saturday,False
6229,u_129,Main Library,2026-08-29T19:57:00,2026-08-29T21:10:00,73,Saturday,True
6093,u_041,Main Library,2026-08-29T20:00:00,2026-08-29T21:32:00,92,Saturday,True
6251,u_144,Main Library,2026-08-29T20:00:00,2026-08-29T21:48:00,108,Saturday,True
6306,u_179,Indoor Sports Complex,2026-08-29T20:00:00,2026-08-29T21:03:00,63,Saturday,True
6316,u_187,Science Library,2026-08-29T20:02:00,2026-08-29T21:27:00,85,Saturday,True
6122,u_062,Science Library,2026-08-29T20:04:00,2026-08-29T22:04:00,120,Saturday,True
6243,u_138,Indoor Sports Complex,2026-08-29T20:05:00,2026-08-29T20:40:00,35,Saturday,True
6202,u_114,Main Library,2026-08-29T20:11:00,2026-08-29T22:29:00,138,Saturday,True
6276,u_159,Food Court,2026-08-29T20:13:00,2026-08-29T22:06:00,113,Saturday,False
6228,u_129,Main Library,2026-08-29T20:36:00,2026-08-29T22:18:00,102,Saturday,False
6184,u_103,Main Library,2026-08-29T20:48:00,2026-08-29T23:47:00,179,Saturday,True
6067,u_018,Science Library,2026-08-29T20:51:00,2026-08-30T00:06:00,195,Saturday,True
6166,u_092,Main Library,2026-08-29T20:56:00,2026-08-29T22:00:00,64,Saturday,True
6201,u_114,WiFi Zone North,2026-08-29T20:59:00,2026-08-29T22:07:00,68,Saturday,False
6099,u_043,Main Library,2026-08-29T21:00:00,2026-08-29T22:55:00,115,Saturday,True
6217,u_124,Science Library,2026-08-29T21:01:00,2026-08-29T23:16:00,135,Saturday,True
6059,u_009,Main Library,2026-08-29T21:04:00,2026-08-29T22:20:00,76,Saturday,True
6111,u_051,Main Library,2026-08-29T21:05:00,2026-08-30T00:02:00,177,Saturday,True
6145,u_077,Main Library,2026-08-29T21:20:00,2026-08-30T00:12:00,172,Saturday,True
6519,u_119,Gymnasium,2026-08-30T05:41:00,2026-08-30T06:28:00,47,Sunday,True
6456,u_072,Gymnasium,2026-08-30T05:44:00,2026-08-30T07:17:00,93,Sunday,True
6648,u_196,Indoor Sports Complex,2026-08-30T05:48:00,2026-08-30T07:10:00,82,Sunday,True
6551,u_136,Indoor Sports Complex,2026-08-30T05:50:00,2026-08-30T06:35:00,45,Sunday,True
6338,u_001,Gymnasium,2026-08-30T05:58:00,2026-08-30T06:37:00,39,Sunday,True
6642,u_194,Indoor Sports Complex,2026-08-30T05:59:00,2026-08-30T07:26:00,87,Sunday,True
6443,u_063,Gymnasium,2026-08-30T06:00:00,2026-08-30T06:42:00,42,Sunday,True
6388,u_032,Gymnasium,2026-08-30T06:06:00,2026-08-30T07:52:00,106,Sunday,True
6490,u_103,Gymnasium,2026-08-30T06:06:00,2026-08-30T07:03:00,57,Sunday,True
6557,u_139,Gymnasium,2026-08-30T06:06:00,2026-08-30T07:45:00,99,Sunday,True
6574,u_150,Indoor Sports Complex,2026-08-30T06:08:00,2026-08-30T07:01:00,53,Sunday,True
6508,u_112,Indoor Sports Complex,2026-08-30T06:09:00,2026-08-30T07:14:00,65,Sunday,True
6475,u_089,Indoor Sports Complex,2026-08-30T06:10:00,2026-08-30T07:58:00,108,Sunday,True
6401,u_041,Indoor Sports Complex,2026-08-30T06:13:00,2026-08-30T07:25:00,72,Sunday,True
6448,u_065,Gymnasium,2026-08-30T06:46:00,2026-08-30T07:38:00,52,Sunday,True
6655,u_200,Gymnasium,2026-08-30T06:46:00,2026-08-30T07:56:00,70,Sunday,True
6420,u_050,Gymnasium,2026-08-30T06:54:00,2026-08-30T08:09:00,75,Sunday,True
6639,u_193,Indoor Sports Complex,2026-08-30T06:58:00,2026-08-30T08:04:00,66,Sunday,True
6454,u_071,Indoor Sports Complex,2026-08-30T06:59:00,2026-08-30T07:51:00,52,Sunday,True
6489,u_102,Gymnasium,2026-08-30T06:59:00,2026-08-30T08:08:00,69,Sunday,True
6441,u_062,Indoor Sports Complex,2026-08-30T07:00:00,2026-08-30T08:47:00,107,Sunday,True
6474,u_087,Gymnasium,2026-08-30T07:00:00,2026-08-30T08:05:00,65,Sunday,True
6640,u_194,Gymnasium,2026-08-30T07:00:00,2026-08-30T08:00:00,60,Sunday,True
6496,u_106,Indoor Sports Complex,2026-08-30T07:02:00,2026-08-30T07:54:00,52,Sunday,True
6646,u_195,Indoor Sports Complex,2026-08-30T07:05:00,2026-08-30T08:44:00,99,Sunday,True
6619,u_175,Gymnasium,2026-08-30T07:07:00,2026-08-30T08:06:00,59,Sunday,True
6412,u_045,Indoor Sports Complex,2026-08-30T07:08:00,2026-08-30T08:01:00,53,Sunday,True
6439,u_060,Gymnasium,2026-08-30T07:47:00,2026-08-30T08:39:00,52,Sunday,True
6385,u_031,Indoor Sports Complex,2026-08-30T07:50:00,2026-08-30T09:25:00,95,Sunday,True
6592,u_161,Indoor Sports Complex,2026-08-30T07:52:00,2026-08-30T09:01:00,69,Sunday,True
6380,u_029,Indoor Sports Complex,2026-08-30T07:54:00,2026-08-30T09:19:00,85,Sunday,True
6505,u_111,Gymnasium,2026-08-30T07:56:00,2026-08-30T08:52:00,56,Sunday,True
6651,u_198,Indoor Sports Complex,2026-08-30T07:59:00,2026-08-30T08:47:00,48,Sunday,True
6341,u_004,Indoor Sports Complex,2026-08-30T08:00:00,2026-08-30T09:22:00,82,Sunday,True
6383,u_030,Indoor Sports Complex,2026-08-30T08:04:00,2026-08-30T09:14:00,70,Sunday,True
6458,u_073,Gymnasium,2026-08-30T08:04:00,2026-08-30T09:10:00,66,Sunday,True
6608,u_170,Indoor Sports Complex,2026-08-30T08:06:00,2026-08-30T08:59:00,53,Sunday,True
6424,u_052,Indoor Sports Complex,2026-08-30T08:07:00,2026-08-30T08:58:00,51,Sunday,True
6451,u_068,Indoor Sports Complex,2026-08-30T08:07:00,2026-08-30T09:56:00,109,Sunday,True
6469,u_083,Indoor Sports Complex,2026-08-30T08:09:00,2026-08-30T08:44:00,35,Sunday,True
6410,u_045,Gymnasium,2026-08-30T08:10:00,2026-08-30T09:00:00,50,Sunday,True
6442,u_063,Main Library,2026-08-30T08:13:00,2026-08-30T10:09:00,116,Sunday,False
6525,u_123,Gymnasium,2026-08-30T08:15:00,2026-08-30T09:24:00,69,Sunday,True
6550,u_135,Central Cafeteria,2026-08-30T08:19:00,2026-08-30T09:27:00,68,Sunday,True
6555,u_138,Gymnasium,2026-08-30T08:19:00,2026-08-30T10:01:00,102,Sunday,True
6431,u_056,Central Cafeteria,2026-08-30T08:24:00,2026-08-30T08:50:00,26,Sunday,True
6472,u_084,Food Court,2026-08-30T08:24:00,2026-08-30T09:06:00,42,Sunday,True
6355,u_014,Central Cafeteria,2026-08-30T08:27:00,2026-08-30T09:11:00,44,Sunday,True
6517,u_119,Food Court,2026-08-30T08:28:00,2026-08-30T09:01:00,33,Sunday,True
6453,u_070,Central Cafeteria,2026-08-30T08:29:00,2026-08-30T09:32:00,63,Sunday,True
6467,u_081,Central Cafeteria,2026-08-30T08:29:00,2026-08-30T09:34:00,65,Sunday,True
6353,u_013,Central Cafeteria,2026-08-30T08:30:00,2026-08-30T08:55:00,25,Sunday,True
6392,u_036,Central Cafeteria,2026-08-30T08:30:00,2026-08-30T09:19:00,49,Sunday,True
6539,u_130,Food Court,2026-08-30T08:30:00,2026-08-30T09:31:00,61,Sunday,True
6488,u_102,Gymnasium,2026-08-30T08:33:00,2026-08-30T09:52:00,79,Sunday,False
6445,u_063,Central Cafeteria,2026-08-30T08:35:00,2026-08-30T09:16:00,41,Sunday,True
6486,u_099,Food Court,2026-08-30T08:36:00,2026-08-30T09:36:00,60,Sunday,True
6492,u_104,Food Court,2026-08-30T08:42:00,2026-08-30T09:06:00,24,Sunday,True
6589,u_161,Computer Lab B,2026-08-30T08:43:00,2026-08-30T10:03:00,80,Sunday,True
6346,u_006,Central Cafeteria,2026-08-30T08:47:00,2026-08-30T09:22:00,35,Sunday,True
6578,u_154,Central Cafeteria,2026-08-30T08:51:00,2026-08-30T09:50:00,59,Sunday,True
6561,u_145,Food Court,2026-08-30T08:52:00,2026-08-30T09:55:00,63,Sunday,True
6373,u_023,Computer Lab B,2026-08-30T08:54:00,2026-08-30T09:29:00,35,Sunday,True
6626,u_182,Student Center,2026-08-30T09:00:00,2026-08-30T10:26:00,86,Sunday,True
6457,u_073,Computer Lab A,2026-08-30T09:04:00,2026-08-30T09:59:00,55,Sunday,True
6407,u_043,Indoor Sports Complex,2026-08-30T09:06:00,2026-08-30T10:20:00,74,Sunday,False
6529,u_125,Computer Lab B,2026-08-30T09:07:00,2026-08-30T10:06:00,59,Sunday,True
6497,u_106,Computer Lab A,2026-08-30T09:09:00,2026-08-30T09:47:00,38,Sunday,True
6627,u_183,Computer Lab A,2026-08-30T09:09:00,2026-08-30T10:42:00,93,Sunday,True
6580,u_155,Computer Lab B,2026-08-30T09:10:00,2026-08-30T10:02:00,52,Sunday,True
6540,u_131,Computer Lab A,2026-08-30T09:12:00,2026-08-30T10:40:00,88,Sunday,False
6470,u_084,Computer Lab A,2026-08-30T09:13:00,2026-08-30T09:51:00,38,Sunday,True
6437,u_060,Science Library,2026-08-30T09:43:00,2026-08-30T10:55:00,72,Sunday,False
6408,u_043,Computer Lab B,2026-08-30T09:52:00,2026-08-30T10:36:00,44,Sunday,True
6356,u_014,Student Center,2026-08-30T09:57:00,2026-08-30T10:53:00,56,Sunday,True
6575,u_151,Computer Lab A,2026-08-30T10:00:00,2026-08-30T11:03:00,63,Sunday,True
6595,u_163,Computer Lab B,2026-08-30T10:01:00,2026-08-30T11:43:00,102,Sunday,True
6464,u_078,Computer Lab B,2026-08-30T10:03:00,2026-08-30T11:03:00,60,Sunday,True
6344,u_005,Computer Lab A,2026-08-30T10:04:00,2026-08-30T10:57:00,53,Sunday,True
6378,u_027,Computer Lab A,2026-08-30T10:09:00,2026-08-30T11:38:00,89,Sunday,True
6436,u_059,Gymnasium,2026-08-30T10:10:00,2026-08-30T11:53:00,103,Sunday,False
6371,u_021,Student Center,2026-08-30T10:15:00,2026-08-30T11:20:00,65,Sunday,True
6430,u_056,WiFi Zone North,2026-08-30T10:15:00,2026-08-30T10:38:00,23,Sunday,False
6461,u_076,Student Center,2026-08-30T10:26:00,2026-08-30T11:28:00,62,Sunday,True
6568,u_149,Central Cafeteria,2026-08-30T10:31:00,2026-08-30T11:43:00,72,Sunday,False
6579,u_154,Computer Lab A,2026-08-30T10:41:00,2026-08-30T11:49:00,68,Sunday,True
6597,u_164,Student Center,2026-08-30T10:53:00,2026-08-30T12:26:00,93,Sunday,True
6359,u_016,Computer Lab B,2026-08-30T10:54:00,2026-08-30T11:51:00,57,Sunday,True
6396,u_038,Computer Lab A,2026-08-30T10:58:00,2026-08-30T11:40:00,42,Sunday,True
6583,u_157,Computer Lab B,2026-08-30T10:58:00,2026-08-30T12:40:00,102,Sunday,True
6405,u_042,Student Center,2026-08-30T10:59:00,2026-08-30T12:26:00,87,Sunday,True
6499,u_108,Student Center,2026-08-30T10:59:00,2026-08-30T11:49:00,50,Sunday,True
6381,u_029,Computer Lab A,2026-08-30T11:00:00,2026-08-30T11:39:00,39,Sunday,True
6347,u_006,Computer Lab B,2026-08-30T11:02:00,2026-08-30T11:48:00,46,Sunday,True
6628,u_183,Computer Lab B,2026-08-30T11:06:00,2026-08-30T12:43:00,97,Sunday,True
6545,u_133,Student Center,2026-08-30T11:09:00,2026-08-30T12:45:00,96,Sunday,True
6549,u_135,Student Center,2026-08-30T11:12:00,2026-08-30T12:57:00,105,Sunday,True
6462,u_077,Main Library,2026-08-30T11:14:00,2026-08-30T12:22:00,68,Sunday,False
6510,u_113,Student Center,2026-08-30T11:20:00,2026-08-30T12:20:00,60,Sunday,True
6612,u_173,Computer Lab A,2026-08-30T11:20:00,2026-08-30T12:17:00,57,Sunday,True
6481,u_094,Computer Lab B,2026-08-30T11:52:00,2026-08-30T12:47:00,55,Sunday,True
6570,u_149,Student Center,2026-08-30T11:53:00,2026-08-30T13:20:00,87,Sunday,True
6630,u_185,Student Center,2026-08-30T12:00:00,2026-08-30T13:05:00,65,Sunday,True
6649,u_197,Computer Lab B,2026-08-30T12:02:00,2026-08-30T13:11:00,69,Sunday,True
6566,u_148,Student Center,2026-08-30T12:05:00,2026-08-30T13:35:00,90,Sunday,True
6468,u_082,Computer Lab B,2026-08-30T12:06:00,2026-08-30T13:01:00,55,Sunday,True
6515,u_117,Student Center,2026-08-30T12:06:00,2026-08-30T13:30:00,84,Sunday,True
6547,u_134,Computer Lab A,2026-08-30T12:07:00,2026-08-30T12:56:00,49,Sunday,True
6600,u_166,Student Center,2026-08-30T12:10:00,2026-08-30T13:11:00,61,Sunday,True
6584,u_158,Central Cafeteria,2026-08-30T12:17:00,2026-08-30T12:40:00,23,Sunday,True
6376,u_025,Food Court,2026-08-30T12:18:00,2026-08-30T13:10:00,52,Sunday,True
6465,u_079,Food Court,2026-08-30T12:20:00,2026-08-30T12:56:00,36,Sunday,False
6625,u_180,Food Court,2026-08-30T12:22:00,2026-08-30T13:21:00,59,Sunday,True
6629,u_185,Food Court,2026-08-30T12:22:00,2026-08-30T13:34:00,72,Sunday,True
6438,u_060,Food Court,2026-08-30T12:23:00,2026-08-30T13:08:00,45,Sunday,True
6611,u_171,Food Court,2026-08-30T12:23:00,2026-08-30T13:03:00,40,Sunday,True
6577,u_153,Food Court,2026-08-30T12:24:00,2026-08-30T13:08:00,44,Sunday,True
6650,u_197,Central Cafeteria,2026-08-30T12:25:00,2026-08-30T13:36:00,71,Sunday,True
6538,u_130,Gymnasium,2026-08-30T12:28:00,2026-08-30T13:20:00,52,Sunday,False
6593,u_162,Central Cafeteria,2026-08-30T12:28:00,2026-08-30T13:09:00,41,Sunday,True
6471,u_084,Central Cafeteria,2026-08-30T12:30:00,2026-08-30T13:31:00,61,Sunday,True
6351,u_011,Food Court,2026-08-30T12:31:00,2026-08-30T13:14:00,43,Sunday,True
6514,u_117,Central Cafeteria,2026-08-30T12:31:00,2026-08-30T13:35:00,64,Sunday,True
6362,u_017,Food Court,2026-08-30T12:34:00,2026-08-30T13:21:00,47,Sunday,True
6493,u_105,Food Court,2026-08-30T12:34:00,2026-08-30T13:24:00,50,Sunday,True
6518,u_119,Central Cafeteria,2026-08-30T12:35:00,2026-08-30T13:29:00,54,Sunday,True
6604,u_169,Central Cafeteria,2026-08-30T12:39:00,2026-08-30T13:36:00,57,Sunday,True
6588,u_160,Computer Lab A,2026-08-30T12:43:00,2026-08-30T13:39:00,56,Sunday,True
6342,u_004,Food Court,2026-08-30T12:44:00,2026-08-30T13:19:00,35,Sunday,True
6425,u_053,Central Cafeteria,2026-08-30T12:47:00,2026-08-30T13:24:00,37,Sunday,True
6414,u_047,Central Cafeteria,2026-08-30T12:48:00,2026-08-30T14:00:00,72,Sunday,True
6620,u_176,Computer Lab B,2026-08-30T12:49:00,2026-08-30T14:24:00,95,Sunday,True
6576,u_152,Computer Lab A,2026-08-30T12:50:00,2026-08-30T13:48:00,58,Sunday,True
6617,u_175,Student Center,2026-08-30T12:56:00,2026-08-30T13:49:00,53,Sunday,True
6643,u_194,Student Center,2026-08-30T12:56:00,2026-08-30T13:45:00,49,Sunday,True
6455,u_072,Computer Lab B,2026-08-30T13:01:00,2026-08-30T14:25:00,84,Sunday,True
6495,u_106,Student Center,2026-08-30T13:01:00,2026-08-30T14:25:00,84,Sunday,True
6466,u_079,Computer Lab A,2026-08-30T13:02:00,2026-08-30T13:49:00,47,Sunday,True
6502,u_109,Computer Lab A,2026-08-30T13:03:00,2026-08-30T13:58:00,55,Sunday,True
6594,u_162,Student Center,2026-08-30T13:03:00,2026-08-30T14:34:00,91,Sunday,True
6501,u_109,Computer Lab B,2026-08-30T13:05:00,2026-08-30T13:59:00,54,Sunday,True
6573,u_150,Student Center,2026-08-30T13:05:00,2026-08-30T13:43:00,38,Sunday,True
6587,u_160,Student Center,2026-08-30T13:05:00,2026-08-30T14:49:00,104,Sunday,True
6534,u_129,Indoor Sports Complex,2026-08-30T13:06:00,2026-08-30T13:32:00,26,Sunday,False
6473,u_086,Computer Lab B,2026-08-30T13:15:00,2026-08-30T14:34:00,79,Sunday,True
6526,u_123,Student Center,2026-08-30T13:40:00,2026-08-30T15:22:00,102,Sunday,True
6391,u_036,Student Center,2026-08-30T13:50:00,2026-08-30T14:54:00,64,Sunday,True
6398,u_039,Student Center,2026-08-30T13:53:00,2026-08-30T15:29:00,96,Sunday,True
6654,u_200,Computer Lab B,2026-08-30T13:53:00,2026-08-30T14:54:00,61,Sunday,True
6365,u_019,Computer Lab B,2026-08-30T13:54:00,2026-08-30T14:57:00,63,Sunday,True
6484,u_097,Student Center,2026-08-30T13:58:00,2026-08-30T15:07:00,69,Sunday,True
6358,u_016,Computer Lab A,2026-08-30T14:00:00,2026-08-30T15:02:00,62,Sunday,True
6449,u_065,Student Center,2026-08-30T14:00:00,2026-08-30T14:42:00,42,Sunday,True
6354,u_013,Computer Lab B,2026-08-30T14:03:00,2026-08-30T15:23:00,80,Sunday,True
6400,u_040,Computer Lab A,2026-08-30T14:05:00,2026-08-30T15:28:00,83,Sunday,True
6543,u_131,Student Center,2026-08-30T14:05:00,2026-08-30T15:06:00,61,Sunday,True
6440,u_061,Computer Lab A,2026-08-30T14:06:00,2026-08-30T15:05:00,59,Sunday,True
6382,u_030,Student Center,2026-08-30T14:11:00,2026-08-30T16:05:00,114,Sunday,False
6482,u_095,Computer Lab B,2026-08-30T14:39:00,2026-08-30T15:33:00,54,Sunday,True
6403,u_041,Computer Lab A,2026-08-30T14:43:00,2026-08-30T15:52:00,69,Sunday,True
6446,u_063,Computer Lab A,2026-08-30T14:46:00,2026-08-30T16:29:00,103,Sunday,True
6337,u_001,Computer Lab B,2026-08-30T15:00:00,2026-08-30T16:46:00,106,Sunday,True
6349,u_008,Computer Lab A,2026-08-30T15:00:00,2026-08-30T15:36:00,36,Sunday,True
6541,u_131,Computer Lab B,2026-08-30T15:00:00,2026-08-30T16:12:00,72,Sunday,True
6644,u_194,Computer Lab B,2026-08-30T15:02:00,2026-08-30T16:16:00,74,Sunday,True
6364,u_018,Computer Lab A,2026-08-30T15:04:00,2026-08-30T15:52:00,48,Sunday,True
6645,u_195,Student Center,2026-08-30T15:06:00,2026-08-30T16:28:00,82,Sunday,True
6521,u_122,Indoor Sports Complex,2026-08-30T15:10:00,2026-08-30T15:27:00,17,Sunday,False
6483,u_095,Computer Lab A,2026-08-30T15:11:00,2026-08-30T16:45:00,94,Sunday,True
6506,u_112,Student Center,2026-08-30T15:15:00,2026-08-30T16:18:00,63,Sunday,True
6452,u_070,Computer Lab A,2026-08-30T15:19:00,2026-08-30T16:28:00,69,Sunday,True
6564,u_147,Main Library,2026-08-30T15:30:00,2026-08-30T17:21:00,111,Sunday,True
6480,u_093,Student Center,2026-08-30T15:47:00,2026-08-30T17:00:00,73,Sunday,True
6601,u_167,Student Center,2026-08-30T15:47:00,2026-08-30T16:46:00,59,Sunday,True
6571,u_150,Main Library,2026-08-30T15:49:00,2026-08-30T17:28:00,99,Sunday,True
6507,u_112,Computer Lab A,2026-08-30T15:52:00,2026-08-30T17:33:00,101,Sunday,True
6618,u_175,Main Library,2026-08-30T15:55:00,2026-08-30T18:15:00,140,Sunday,True
6653,u_199,Science Library,2026-08-30T15:56:00,2026-08-30T16:53:00,57,Sunday,True
6478,u_091,Computer Lab B,2026-08-30T15:57:00,2026-08-30T16:35:00,38,Sunday,True
6444,u_063,Student Center,2026-08-30T15:58:00,2026-08-30T17:27:00,89,Sunday,True
6616,u_175,Computer Lab B,2026-08-30T15:58:00,2026-08-30T16:52:00,54,Sunday,True
6560,u_144,Student Center,2026-08-30T16:00:00,2026-08-30T16:37:00,37,Sunday,True
6415,u_048,Student Center,2026-08-30T16:03:00,2026-08-30T16:53:00,50,Sunday,True
6606,u_170,Computer Lab A,2026-08-30T16:04:00,2026-08-30T16:43:00,39,Sunday,True
6621,u_177,Student Center,2026-08-30T16:05:00,2026-08-30T17:23:00,78,Sunday,True
6528,u_125,Science Library,2026-08-30T16:07:00,2026-08-30T17:15:00,68,Sunday,True
6533,u_126,Computer Lab B,2026-08-30T16:07:00,2026-08-30T17:00:00,53,Sunday,True
6360,u_017,Main Library,2026-08-30T16:10:00,2026-08-30T19:09:00,179,Sunday,True
6524,u_122,Main Library,2026-08-30T16:12:00,2026-08-30T18:04:00,112,Sunday,True
6631,u_186,Main Library,2026-08-30T16:12:00,2026-08-30T17:12:00,60,Sunday,False
6581,u_156,Computer Lab B,2026-08-30T16:13:00,2026-08-30T18:01:00,108,Sunday,True
6596,u_163,Main Library,2026-08-30T16:13:00,2026-08-30T17:17:00,64,Sunday,True
6565,u_147,Student Center,2026-08-30T16:17:00,2026-08-30T17:54:00,97,Sunday,True
6513,u_115,Main Library,2026-08-30T16:37:00,2026-08-30T19:57:00,200,Sunday,True
6554,u_137,Main Library,2026-08-30T16:43:00,2026-08-30T18:52:00,129,Sunday,True
6409,u_044,Indoor Sports Complex,2026-08-30T16:44:00,2026-08-30T17:58:00,74,Sunday,True
6641,u_194,Main Library,2026-08-30T16:45:00,2026-08-30T17:56:00,71,Sunday,True
6610,u_170,Gymnasium,2026-08-30T16:48:00,2026-08-30T17:50:00,62,Sunday,True
6433,u_058,Science Library,2026-08-30T16:49:00,2026-08-30T17:40:00,51,Sunday,True
6379,u_027,Indoor Sports Complex,2026-08-30T16:52:00,2026-08-30T17:50:00,58,Sunday,True
6477,u_091,Science Library,2026-08-30T16:53:00,2026-08-30T18:38:00,105,Sunday,True
6613,u_173,Gymnasium,2026-08-30T16:56:00,2026-08-30T18:32:00,96,Sunday,True
6389,u_033,Indoor Sports Complex,2026-08-30T16:57:00,2026-08-30T18:19:00,82,Sunday,True
6393,u_037,Main Library,2026-08-30T16:57:00,2026-08-30T17:51:00,54,Sunday,True
6572,u_150,Science Library,2026-08-30T16:57:00,2026-08-30T18:30:00,93,Sunday,True
6558,u_140,Gymnasium,2026-08-30T17:00:00,2026-08-30T18:06:00,66,Sunday,True
6562,u_146,Gymnasium,2026-08-30T17:00:00,2026-08-30T17:36:00,36,Sunday,True
6599,u_164,Indoor Sports Complex,2026-08-30T17:00:00,2026-08-30T18:42:00,102,Sunday,True
6348,u_008,Main Library,2026-08-30T17:01:00,2026-08-30T19:07:00,126,Sunday,True
6423,u_051,Science Library,2026-08-30T17:01:00,2026-08-30T19:55:00,174,Sunday,True
6491,u_104,Gymnasium,2026-08-30T17:05:00,2026-08-30T17:56:00,51,Sunday,True
6498,u_107,Main Library,2026-08-30T17:07:00,2026-08-30T18:42:00,95,Sunday,True
6372,u_022,Indoor Sports Complex,2026-08-30T17:13:00,2026-08-30T18:07:00,54,Sunday,True
6357,u_016,Gymnasium,2026-08-30T17:16:00,2026-08-30T18:51:00,95,Sunday,False
6548,u_135,Main Library,2026-08-30T17:18:00,2026-08-30T18:40:00,82,Sunday,True
6542,u_131,Science Library,2026-08-30T17:20:00,2026-08-30T18:36:00,76,Sunday,True
6585,u_159,Gymnasium,2026-08-30T17:31:00,2026-08-30T18:15:00,44,Sunday,False
6614,u_174,Central Cafeteria,2026-08-30T17:48:00,2026-08-30T19:11:00,83,Sunday,False
6520,u_121,Science Library,2026-08-30T17:51:00,2026-08-30T19:16:00,85,Sunday,True
6387,u_032,Indoor Sports Complex,2026-08-30T17:52:00,2026-08-30T19:05:00,73,Sunday,True
6406,u_042,Science Library,2026-08-30T17:52:00,2026-08-30T19:42:00,110,Sunday,True
6343,u_004,Gymnasium,2026-08-30T17:53:00,2026-08-30T19:14:00,81,Sunday,True
6350,u_010,Main Library,2026-08-30T17:54:00,2026-08-30T20:08:00,134,Sunday,True
6386,u_031,Science Library,2026-08-30T17:57:00,2026-08-30T21:16:00,199,Sunday,True
6516,u_118,Indoor Sports Complex,2026-08-30T17:57:00,2026-08-30T18:40:00,43,Sunday,True
6536,u_129,Gymnasium,2026-08-30T17:57:00,2026-08-30T18:59:00,62,Sunday,True
6459,u_073,Main Library,2026-08-30T17:58:00,2026-08-30T21:02:00,184,Sunday,True
6487,u_101,Science Library,2026-08-30T17:58:00,2026-08-30T20:05:00,127,Sunday,True
6531,u_126,Indoor Sports Complex,2026-08-30T17:58:00,2026-08-30T18:53:00,55,Sunday,True
6503,u_109,Science Library,2026-08-30T17:59:00,2026-08-30T20:57:00,178,Sunday,True
6426,u_053,Gymnasium,2026-08-30T18:00:00,2026-08-30T19:40:00,100,Sunday,True
6370,u_021,Main Library,2026-08-30T18:03:00,2026-08-30T19:16:00,73,Sunday,True
6399,u_040,Indoor Sports Complex,2026-08-30T18:04:00,2026-08-30T19:07:00,63,Sunday,True
6567,u_148,Main Library,2026-08-30T18:04:00,2026-08-30T20:57:00,173,Sunday,True
6603,u_167,Main Library,2026-08-30T18:08:00,2026-08-30T20:26:00,138,Sunday,True
6609,u_170,Main Library,2026-08-30T18:10:00,2026-08-30T19:03:00,53,Sunday,True
6352,u_013,WiFi Zone South,2026-08-30T18:42:00,2026-08-30T20:17:00,95,Sunday,False
6369,u_020,Central Cafeteria,2026-08-30T18:45:00,2026-08-30T19:25:00,40,Sunday,True
6432,u_057,Gymnasium,2026-08-30T18:46:00,2026-08-30T19:42:00,56,Sunday,True
6377,u_026,Science Library,2026-08-30T18:49:00,2026-08-30T20:34:00,105,Sunday,True
6367,u_019,Science Library,2026-08-30T18:50:00,2026-08-30T22:09:00,199,Sunday,True
6563,u_147,Gymnasium,2026-08-30T18:50:00,2026-08-30T19:40:00,50,Sunday,True
6450,u_065,Main Library,2026-08-30T18:51:00,2026-08-30T19:48:00,57,Sunday,True
6339,u_001,Indoor Sports Complex,2026-08-30T18:52:00,2026-08-30T19:30:00,38,Sunday,True
6384,u_030,Science Library,2026-08-30T18:52:00,2026-08-30T20:42:00,110,Sunday,True
6397,u_038,Food Court,2026-08-30T18:52:00,2026-08-30T20:04:00,72,Sunday,True
6427,u_054,Food Court,2026-08-30T18:52:00,2026-08-30T19:50:00,58,Sunday,True
6607,u_170,Central Cafeteria,2026-08-30T18:52:00,2026-08-30T19:48:00,56,Sunday,True
6363,u_018,Gymnasium,2026-08-30T18:53:00,2026-08-30T20:24:00,91,Sunday,False
6636,u_191,Food Court,2026-08-30T18:53:00,2026-08-30T19:42:00,49,Sunday,True
6652,u_199,Gymnasium,2026-08-30T18:53:00,2026-08-30T20:17:00,84,Sunday,True
6429,u_055,Food Court,2026-08-30T18:54:00,2026-08-30T19:23:00,29,Sunday,True
6552,u_137,Central Cafeteria,2026-08-30T18:54:00,2026-08-30T20:03:00,69,Sunday,True
6411,u_045,Main Library,2026-08-30T18:55:00,2026-08-30T20:51:00,116,Sunday,True
6527,u_124,Central Cafeteria,2026-08-30T18:55:00,2026-08-30T19:42:00,47,Sunday,True
6635,u_190,Science Library,2026-08-30T18:55:00,2026-08-30T21:52:00,177,Sunday,True
6569,u_149,Gymnasium,2026-08-30T18:56:00,2026-08-30T19:47:00,51,Sunday,True
6447,u_064,Central Cafeteria,2026-08-30T18:57:00,2026-08-30T19:55:00,58,Sunday,True
6623,u_179,Food Court,2026-08-30T18:57:00,2026-08-30T19:54:00,57,Sunday,True
6340,u_002,Gymnasium,2026-08-30T18:58:00,2026-08-30T20:26:00,88,Sunday,True
6421,u_050,Central Cafeteria,2026-08-30T18:59:00,2026-08-30T20:18:00,79,Sunday,True
6435,u_058,Gymnasium,2026-08-30T18:59:00,2026-08-30T20:12:00,73,Sunday,True
6602,u_167,Food Court,2026-08-30T18:59:00,2026-08-30T19:36:00,37,Sunday,True
6374,u_023,Central Cafeteria,2026-08-30T19:00:00,2026-08-30T19:51:00,51,Sunday,True
6509,u_112,Central Cafeteria,2026-08-30T19:00:00,2026-08-30T19:43:00,43,Sunday,True
6544,u_131,Main Library,2026-08-30T19:00:00,2026-08-30T21:51:00,171,Sunday,True
6416,u_048,Science Library,2026-08-30T19:01:00,2026-08-30T21:13:00,132,Sunday,True
6522,u_122,Central Cafeteria,2026-08-30T19:01:00,2026-08-30T20:07:00,66,Sunday,True
6546,u_133,Central Cafeteria,2026-08-30T19:01:00,2026-08-30T19:52:00,51,Sunday,True
6361,u_017,Indoor Sports Complex,2026-08-30T19:02:00,2026-08-30T19:43:00,41,Sunday,True
6375,u_025,Gymnasium,2026-08-30T19:02:00,2026-08-30T20:23:00,81,Sunday,True
6428,u_054,Central Cafeteria,2026-08-30T19:04:00,2026-08-30T19:49:00,45,Sunday,True
6395,u_038,Gymnasium,2026-08-30T19:05:00,2026-08-30T20:10:00,65,Sunday,True
6460,u_073,Central Cafeteria,2026-08-30T19:05:00,2026-08-30T20:20:00,75,Sunday,True
6500,u_108,Central Cafeteria,2026-08-30T19:06:00,2026-08-30T20:10:00,64,Sunday,True
6404,u_042,Indoor Sports Complex,2026-08-30T19:07:00,2026-08-30T19:56:00,49,Sunday,True
6418,u_049,Science Library,2026-08-30T19:07:00,2026-08-30T21:21:00,134,Sunday,True
6366,u_019,Central Cafeteria,2026-08-30T19:08:00,2026-08-30T20:11:00,63,Sunday,True
6417,u_049,Central Cafeteria,2026-08-30T19:08:00,2026-08-30T20:11:00,63,Sunday,True
6390,u_035,Science Library,2026-08-30T19:09:00,2026-08-30T22:00:00,171,Sunday,True
6553,u_137,Science Library,2026-08-30T19:09:00,2026-08-30T20:44:00,95,Sunday,True
6622,u_178,Food Court,2026-08-30T19:09:00,2026-08-30T19:44:00,35,Sunday,True
6633,u_188,Indoor Sports Complex,2026-08-30T19:09:00,2026-08-30T19:53:00,44,Sunday,True
6476,u_090,Indoor Sports Complex,2026-08-30T19:10:00,2026-08-30T20:53:00,103,Sunday,True
6590,u_161,Gymnasium,2026-08-30T19:10:00,2026-08-30T20:12:00,62,Sunday,True
6419,u_049,Main Library,2026-08-30T19:14:00,2026-08-30T21:04:00,110,Sunday,True
6537,u_129,Science Library,2026-08-30T19:15:00,2026-08-30T20:20:00,65,Sunday,True
6605,u_169,Main Library,2026-08-30T19:16:00,2026-08-30T21:13:00,117,Sunday,True
6434,u_058,Food Court,2026-08-30T19:19:00,2026-08-30T19:56:00,37,Sunday,True
6394,u_037,Gymnasium,2026-08-30T19:20:00,2026-08-30T20:59:00,99,Sunday,True
6485,u_098,Science Library,2026-08-30T19:20:00,2026-08-30T20:14:00,54,Sunday,True
6532,u_126,Science Library,2026-08-30T19:20:00,2026-08-30T22:25:00,185,Sunday,True
6586,u_160,Student Center,2026-08-30T19:24:00,2026-08-30T19:42:00,18,Sunday,False
6523,u_122,Gymnasium,2026-08-30T19:33:00,2026-08-30T21:21:00,108,Sunday,True
6494,u_105,Main Library,2026-08-30T19:49:00,2026-08-30T20:51:00,62,Sunday,True
6647,u_196,Gymnasium,2026-08-30T19:49:00,2026-08-30T20:26:00,37,Sunday,True
6624,u_179,Indoor Sports Complex,2026-08-30T19:50:00,2026-08-30T20:40:00,50,Sunday,True
6402,u_041,Main Library,2026-08-30T19:55:00,2026-08-30T21:40:00,105,Sunday,True
6535,u_129,Indoor Sports Complex,2026-08-30T20:04:00,2026-08-30T21:03:00,59,Sunday,True
6582,u_157,Science Library,2026-08-30T20:04:00,2026-08-30T21:53:00,109,Sunday,True
6591,u_161,Main Library,2026-08-30T20:05:00,2026-08-30T20:55:00,50,Sunday,True
6556,u_138,Indoor Sports Complex,2026-08-30T20:06:00,2026-08-30T20:48:00,42,Sunday,True
6632,u_187,Science Library,2026-08-30T20:08:00,2026-08-30T21:43:00,95,Sunday,True
6637,u_191,Gymnasium,2026-08-30T20:13:00,2026-08-30T21:04:00,51,Sunday,True
6512,u_115,Computer Lab B,2026-08-30T20:27:00,2026-08-30T21:47:00,80,Sunday,False
6479,u_092,Main Library,2026-08-30T20:40:00,2026-08-30T22:00:00,80,Sunday,True
6511,u_114,Science Library,2026-08-30T20:47:00,2026-08-30T21:43:00,56,Sunday,True
6634,u_188,Main Library,2026-08-30T20:48:00,2026-08-30T23:59:00,191,Sunday,True
6463,u_077,Main Library,2026-08-30T20:51:00,2026-08-31T00:00:00,189,Sunday,True
6530,u_125,Main Library,2026-08-30T20:53:00,2026-08-30T21:53:00,60,Sunday,True
6368,u_020,Food Court,2026-08-30T20:57:00,2026-08-30T22:16:00,79,Sunday,False
6559,u_142,Science Library,2026-08-30T20:59:00,2026-08-30T22:30:00,91,Sunday,True
6638,u_191,Science Library,2026-08-30T21:01:00,2026-08-30T23:10:00,129,Sunday,True
6345,u_005,Main Library,2026-08-30T21:02:00,2026-08-30T22:59:00,117,Sunday,True
6504,u_109,Main Library,2026-08-30T21:04:00,2026-08-30T22:44:00,100,Sunday,True
6422,u_051,Main Library,2026-08-30T21:05:00,2026-08-31T00:05:00,180,Sunday,True
6598,u_164,Main Library,2026-08-30T21:05:00,2026-08-31T00:23:00,198,Sunday,True
6615,u_174,Science Library,2026-08-30T21:07:00,2026-08-30T21:59:00,52,Sunday,True
6413,u_046,Main Library,2026-08-30T21:09:00,2026-08-30T21:59:00,50,Sunday,True
6823,u_130,Indoor Sports Complex,2026-08-31T05:47:00,2026-08-31T07:37:00,110,Monday,True
6693,u_032,Gymnasium,2026-08-31T05:48:00,2026-08-31T07:28:00,100,Monday,True
6732,u_063,Gymnasium,2026-08-31T05:52:00,2026-08-31T06:45:00,53,Monday,True
6711,u_046,Gymnasium,2026-08-31T05:54:00,2026-08-31T06:48:00,54,Monday,True
6702,u_041,Indoor Sports Complex,2026-08-31T05:55:00,2026-08-31T07:04:00,69,Monday,True
6829,u_136,Indoor Sports Complex,2026-08-31T05:59:00,2026-08-31T06:51:00,52,Monday,True
6745,u_072,Gymnasium,2026-08-31T06:01:00,2026-08-31T07:24:00,83,Monday,True
6659,u_003,Indoor Sports Complex,2026-08-31T06:02:00,2026-08-31T06:58:00,56,Monday,True
6837,u_143,Gymnasium,2026-08-31T06:03:00,2026-08-31T07:31:00,88,Monday,True
6827,u_134,Gymnasium,2026-08-31T06:04:00,2026-08-31T07:07:00,63,Monday,True
6773,u_096,Gymnasium,2026-08-31T06:06:00,2026-08-31T07:34:00,88,Monday,True
6781,u_102,Indoor Sports Complex,2026-08-31T06:07:00,2026-08-31T07:32:00,85,Monday,True
6766,u_089,Indoor Sports Complex,2026-08-31T06:09:00,2026-08-31T07:46:00,97,Monday,True
6790,u_109,Gymnasium,2026-08-31T06:47:00,2026-08-31T07:37:00,50,Monday,True
6906,u_194,Gymnasium,2026-08-31T06:49:00,2026-08-31T07:33:00,44,Monday,True
6880,u_171,Indoor Sports Complex,2026-08-31T06:50:00,2026-08-31T07:43:00,53,Monday,True
6786,u_106,Indoor Sports Complex,2026-08-31T06:55:00,2026-08-31T07:56:00,61,Monday,True
6714,u_048,Indoor Sports Complex,2026-08-31T07:00:00,2026-08-31T08:05:00,65,Monday,True
6848,u_152,Indoor Sports Complex,2026-08-31T07:00:00,2026-08-31T08:27:00,87,Monday,True
6908,u_195,Indoor Sports Complex,2026-08-31T07:00:00,2026-08-31T08:38:00,98,Monday,True
6743,u_071,Indoor Sports Complex,2026-08-31T07:14:00,2026-08-31T07:56:00,42,Monday,True
6758,u_080,Gymnasium,2026-08-31T07:18:00,2026-08-31T08:01:00,43,Monday,True
6690,u_030,Indoor Sports Complex,2026-08-31T07:45:00,2026-08-31T08:36:00,51,Monday,True
6863,u_160,Gymnasium,2026-08-31T07:45:00,2026-08-31T09:16:00,91,Monday,True
6738,u_068,Indoor Sports Complex,2026-08-31T07:48:00,2026-08-31T09:17:00,89,Monday,True
6833,u_138,Gymnasium,2026-08-31T07:52:00,2026-08-31T09:42:00,110,Monday,True
6674,u_017,Gymnasium,2026-08-31T07:54:00,2026-08-31T08:59:00,65,Monday,True
6895,u_184,Gymnasium,2026-08-31T07:54:00,2026-08-31T09:40:00,106,Monday,True
6731,u_060,Gymnasium,2026-08-31T07:55:00,2026-08-31T08:30:00,35,Monday,True
6769,u_093,Gymnasium,2026-08-31T07:55:00,2026-08-31T09:23:00,88,Monday,True
6803,u_119,Indoor Sports Complex,2026-08-31T07:56:00,2026-08-31T09:37:00,101,Monday,True
6742,u_070,Indoor Sports Complex,2026-08-31T07:57:00,2026-08-31T09:29:00,92,Monday,True
6819,u_126,Gymnasium,2026-08-31T08:01:00,2026-08-31T08:45:00,44,Monday,True
6678,u_019,Gymnasium,2026-08-31T08:03:00,2026-08-31T08:38:00,35,Monday,True
6779,u_101,Main Library,2026-08-31T08:18:00,2026-08-31T09:04:00,46,Monday,False
6797,u_113,Food Court,2026-08-31T08:20:00,2026-08-31T09:12:00,52,Monday,True
6910,u_198,Central Cafeteria,2026-08-31T08:20:00,2026-08-31T09:40:00,80,Monday,True
6759,u_080,Central Cafeteria,2026-08-31T08:21:00,2026-08-31T08:50:00,29,Monday,True
6834,u_138,Central Cafeteria,2026-08-31T08:24:00,2026-08-31T09:02:00,38,Monday,True
6671,u_014,Central Cafeteria,2026-08-31T08:27:00,2026-08-31T09:09:00,42,Monday,True
6679,u_020,Food Court,2026-08-31T08:28:00,2026-08-31T09:29:00,61,Monday,True
6784,u_104,Food Court,2026-08-31T08:28:00,2026-08-31T08:59:00,31,Monday,True
6821,u_127,Food Court,2026-08-31T08:28:00,2026-08-31T09:11:00,43,Monday,True
6765,u_088,Central Cafeteria,2026-08-31T08:29:00,2026-08-31T09:14:00,45,Monday,True
6763,u_084,Food Court,2026-08-31T08:30:00,2026-08-31T08:50:00,20,Monday,True
6892,u_180,Indoor Sports Complex,2026-08-31T08:30:00,2026-08-31T10:26:00,116,Monday,False
6894,u_182,Central Cafeteria,2026-08-31T08:34:00,2026-08-31T09:31:00,57,Monday,True
6736,u_067,Central Cafeteria,2026-08-31T08:37:00,2026-08-31T09:30:00,53,Monday,True
6776,u_099,Food Court,2026-08-31T08:38:00,2026-08-31T09:35:00,57,Monday,True
6777,u_100,Central Cafeteria,2026-08-31T08:38:00,2026-08-31T09:28:00,50,Monday,True
6741,u_070,Central Cafeteria,2026-08-31T08:40:00,2026-08-31T09:33:00,53,Monday,True
6775,u_098,Computer Lab A,2026-08-31T08:43:00,2026-08-31T09:03:00,20,Monday,False
6668,u_012,Computer Lab B,2026-08-31T08:49:00,2026-08-31T09:35:00,46,Monday,True
6734,u_065,Computer Lab B,2026-08-31T08:49:00,2026-08-31T09:43:00,54,Monday,True
6896,u_185,Central Cafeteria,2026-08-31T08:49:00,2026-08-31T09:22:00,33,Monday,True
6854,u_155,Computer Lab B,2026-08-31T08:55:00,2026-08-31T09:47:00,52,Monday,True
6817,u_125,Computer Lab B,2026-08-31T09:00:00,2026-08-31T09:52:00,52,Monday,True
6746,u_073,Computer Lab A,2026-08-31T09:02:00,2026-08-31T10:17:00,75,Monday,True
6787,u_106,Computer Lab A,2026-08-31T09:04:00,2026-08-31T09:42:00,38,Monday,True
6749,u_074,Computer Lab B,2026-08-31T09:09:00,2026-08-31T10:38:00,89,Monday,True
6828,u_135,Computer Lab A,2026-08-31T09:10:00,2026-08-31T10:23:00,73,Monday,True
6808,u_120,Computer Lab A,2026-08-31T09:18:00,2026-08-31T10:20:00,62,Monday,True
6902,u_193,Student Center,2026-08-31T09:38:00,2026-08-31T10:22:00,44,Monday,True
6700,u_040,Student Center,2026-08-31T09:45:00,2026-08-31T10:36:00,51,Monday,True
6751,u_076,Student Center,2026-08-31T09:46:00,2026-08-31T10:48:00,62,Monday,True
6830,u_136,Computer Lab A,2026-08-31T09:51:00,2026-08-31T10:49:00,58,Monday,True
6667,u_011,Computer Lab A,2026-08-31T09:54:00,2026-08-31T11:17:00,83,Monday,True
6697,u_035,Student Center,2026-08-31T09:55:00,2026-08-31T10:49:00,54,Monday,True
6898,u_188,Computer Lab B,2026-08-31T09:59:00,2026-08-31T11:36:00,97,Monday,True
6709,u_046,Computer Lab B,2026-08-31T10:03:00,2026-08-31T11:48:00,105,Monday,True
6672,u_014,Student Center,2026-08-31T10:06:00,2026-08-31T11:05:00,59,Monday,True
6878,u_169,Student Center,2026-08-31T10:07:00,2026-08-31T11:37:00,90,Monday,True
6839,u_145,Main Library,2026-08-31T10:12:00,2026-08-31T10:47:00,35,Monday,False
6681,u_021,Student Center,2026-08-31T10:18:00,2026-08-31T11:14:00,56,Monday,True
6847,u_151,Computer Lab A,2026-08-31T10:26:00,2026-08-31T11:18:00,52,Monday,True
6716,u_049,Central Cafeteria,2026-08-31T10:34:00,2026-08-31T11:37:00,63,Monday,False
6855,u_155,Computer Lab A,2026-08-31T10:48:00,2026-08-31T12:10:00,82,Monday,True
6723,u_054,Student Center,2026-08-31T10:50:00,2026-08-31T11:54:00,64,Monday,True
6888,u_176,Computer Lab A,2026-08-31T10:55:00,2026-08-31T12:15:00,80,Monday,True
6882,u_173,Computer Lab A,2026-08-31T10:56:00,2026-08-31T11:34:00,38,Monday,True
6891,u_177,Computer Lab B,2026-08-31T10:57:00,2026-08-31T11:36:00,39,Monday,True
6871,u_164,Student Center,2026-08-31T11:00:00,2026-08-31T12:46:00,106,Monday,True
6826,u_134,Student Center,2026-08-31T11:04:00,2026-08-31T11:59:00,55,Monday,True
6706,u_042,Student Center,2026-08-31T11:08:00,2026-08-31T12:51:00,103,Monday,True
6713,u_047,Student Center,2026-08-31T11:14:00,2026-08-31T12:17:00,63,Monday,True
6699,u_038,Computer Lab A,2026-08-31T11:17:00,2026-08-31T12:11:00,54,Monday,True
6670,u_013,Student Center,2026-08-31T11:20:00,2026-08-31T12:12:00,52,Monday,True
6669,u_012,Student Center,2026-08-31T11:27:00,2026-08-31T12:37:00,70,Monday,True
6774,u_097,Computer Lab A,2026-08-31T11:40:00,2026-08-31T13:04:00,84,Monday,True
6815,u_124,Student Center,2026-08-31T11:57:00,2026-08-31T12:50:00,53,Monday,True
6864,u_161,Computer Lab B,2026-08-31T12:01:00,2026-08-31T13:45:00,104,Monday,False
6757,u_080,Gymnasium,2026-08-31T12:06:00,2026-08-31T12:23:00,17,Monday,False
6873,u_166,Student Center,2026-08-31T12:07:00,2026-08-31T13:09:00,62,Monday,True
6816,u_124,Computer Lab B,2026-08-31T12:09:00,2026-08-31T12:53:00,44,Monday,True
6712,u_047,Central Cafeteria,2026-08-31T12:14:00,2026-08-31T13:27:00,73,Monday,True
6835,u_142,Central Cafeteria,2026-08-31T12:14:00,2026-08-31T13:07:00,53,Monday,True
6724,u_055,Central Cafeteria,2026-08-31T12:17:00,2026-08-31T13:16:00,59,Monday,True
6767,u_090,Central Cafeteria,2026-08-31T12:17:00,2026-08-31T12:51:00,34,Monday,True
6673,u_017,Student Center,2026-08-31T12:19:00,2026-08-31T14:04:00,105,Monday,True
6785,u_105,Food Court,2026-08-31T12:19:00,2026-08-31T13:05:00,46,Monday,True
6804,u_119,Central Cafeteria,2026-08-31T12:19:00,2026-08-31T13:39:00,80,Monday,True
6730,u_059,Central Cafeteria,2026-08-31T12:21:00,2026-08-31T13:02:00,41,Monday,True
6780,u_101,Central Cafeteria,2026-08-31T12:22:00,2026-08-31T13:24:00,62,Monday,True
6748,u_074,Food Court,2026-08-31T12:24:00,2026-08-31T13:02:00,38,Monday,True
6845,u_151,Food Court,2026-08-31T12:27:00,2026-08-31T13:12:00,45,Monday,True
6867,u_162,Central Cafeteria,2026-08-31T12:30:00,2026-08-31T13:12:00,42,Monday,True
6890,u_177,Food Court,2026-08-31T12:30:00,2026-08-31T12:53:00,23,Monday,True
6660,u_004,Food Court,2026-08-31T12:31:00,2026-08-31T13:14:00,43,Monday,True
6685,u_025,Food Court,2026-08-31T12:31:00,2026-08-31T13:24:00,53,Monday,True
6903,u_193,Food Court,2026-08-31T12:31:00,2026-08-31T13:33:00,62,Monday,True
6875,u_168,Central Cafeteria,2026-08-31T12:33:00,2026-08-31T13:51:00,78,Monday,True
6899,u_190,Central Cafeteria,2026-08-31T12:35:00,2026-08-31T13:07:00,32,Monday,True
6846,u_151,Central Cafeteria,2026-08-31T12:36:00,2026-08-31T13:30:00,54,Monday,True
6881,u_171,Food Court,2026-08-31T12:37:00,2026-08-31T13:24:00,47,Monday,True
6851,u_152,Food Court,2026-08-31T12:38:00,2026-08-31T13:54:00,76,Monday,True
6744,u_072,Computer Lab B,2026-08-31T12:39:00,2026-08-31T14:25:00,106,Monday,True
6877,u_169,Central Cafeteria,2026-08-31T12:39:00,2026-08-31T13:42:00,63,Monday,True
6805,u_120,Central Cafeteria,2026-08-31T12:41:00,2026-08-31T14:11:00,90,Monday,False
6859,u_158,Central Cafeteria,2026-08-31T12:41:00,2026-08-31T13:03:00,22,Monday,True
6868,u_162,Student Center,2026-08-31T12:41:00,2026-08-31T14:17:00,96,Monday,True
6874,u_167,Indoor Sports Complex,2026-08-31T12:42:00,2026-08-31T13:01:00,19,Monday,False
6831,u_137,WiFi Zone North,2026-08-31T12:46:00,2026-08-31T14:24:00,98,Monday,False
6688,u_026,Food Court,2026-08-31T12:47:00,2026-08-31T13:13:00,26,Monday,True
6844,u_150,Student Center,2026-08-31T12:47:00,2026-08-31T13:28:00,41,Monday,True
6904,u_193,Computer Lab B,2026-08-31T12:53:00,2026-08-31T13:40:00,47,Monday,True
6872,u_165,Computer Lab B,2026-08-31T12:57:00,2026-08-31T14:06:00,69,Monday,True
6798,u_114,Computer Lab A,2026-08-31T13:00:00,2026-08-31T13:58:00,58,Monday,True
6862,u_160,Student Center,2026-08-31T13:01:00,2026-08-31T14:41:00,100,Monday,True
6761,u_081,Computer Lab A,2026-08-31T13:02:00,2026-08-31T14:45:00,103,Monday,True
6887,u_176,Computer Lab B,2026-08-31T13:02:00,2026-08-31T14:36:00,94,Monday,True
6911,u_198,Student Center,2026-08-31T13:09:00,2026-08-31T14:15:00,66,Monday,True
6694,u_033,Computer Lab B,2026-08-31T13:12:00,2026-08-31T14:57:00,105,Monday,True
6850,u_152,Computer Lab A,2026-08-31T13:12:00,2026-08-31T14:01:00,49,Monday,True
6755,u_079,Computer Lab A,2026-08-31T13:19:00,2026-08-31T14:19:00,60,Monday,True
6796,u_113,Computer Lab A,2026-08-31T13:20:00,2026-08-31T15:10:00,110,Monday,True
6704,u_042,Computer Lab B,2026-08-31T13:38:00,2026-08-31T15:03:00,85,Monday,False
6733,u_065,Student Center,2026-08-31T13:50:00,2026-08-31T14:45:00,55,Monday,True
6897,u_187,Computer Lab B,2026-08-31T13:53:00,2026-08-31T14:51:00,58,Monday,True
6822,u_128,Computer Lab A,2026-08-31T13:56:00,2026-08-31T15:10:00,74,Monday,True
6665,u_009,Student Center,2026-08-31T13:57:00,2026-08-31T15:45:00,108,Monday,True
6812,u_123,Student Center,2026-08-31T14:00:00,2026-08-31T15:49:00,109,Monday,True
6737,u_067,Student Center,2026-08-31T14:01:00,2026-08-31T14:47:00,46,Monday,True
6658,u_001,Student Center,2026-08-31T14:04:00,2026-08-31T15:42:00,98,Monday,True
6793,u_110,Computer Lab A,2026-08-31T14:05:00,2026-08-31T15:23:00,78,Monday,True
6752,u_076,Computer Lab A,2026-08-31T14:08:00,2026-08-31T15:11:00,63,Monday,True
6750,u_076,Student Center,2026-08-31T14:09:00,2026-08-31T15:34:00,85,Monday,False
6905,u_193,Computer Lab A,2026-08-31T14:50:00,2026-08-31T15:55:00,65,Monday,True
6907,u_195,Student Center,2026-08-31T14:51:00,2026-08-31T16:38:00,107,Monday,True
6792,u_110,Student Center,2026-08-31T15:02:00,2026-08-31T16:05:00,63,Monday,True
6656,u_001,Computer Lab B,2026-08-31T15:03:00,2026-08-31T16:44:00,101,Monday,True
6861,u_159,Student Center,2026-08-31T15:05:00,2026-08-31T16:14:00,69,Monday,True
6909,u_196,Science Library,2026-08-31T15:47:00,2026-08-31T17:54:00,127,Monday,True
6825,u_132,WiFi Zone North,2026-08-31T15:48:00,2026-08-31T16:04:00,16,Monday,False
6840,u_147,Main Library,2026-08-31T15:49:00,2026-08-31T18:05:00,136,Monday,True
6720,u_052,Main Library,2026-08-31T15:53:00,2026-08-31T16:59:00,66,Monday,True
6820,u_126,Computer Lab B,2026-08-31T15:53:00,2026-08-31T16:34:00,41,Monday,True
6841,u_147,Student Center,2026-08-31T15:54:00,2026-08-31T17:35:00,101,Monday,True
6811,u_122,Main Library,2026-08-31T15:57:00,2026-08-31T18:01:00,124,Monday,True
6807,u_120,Student Center,2026-08-31T16:00:00,2026-08-31T17:23:00,83,Monday,True
6675,u_017,Main Library,2026-08-31T16:01:00,2026-08-31T19:21:00,200,Monday,True
6832,u_137,Student Center,2026-08-31T16:01:00,2026-08-31T17:02:00,61,Monday,True
6879,u_170,Computer Lab A,2026-08-31T16:02:00,2026-08-31T16:51:00,49,Monday,True
6886,u_175,Computer Lab B,2026-08-31T16:03:00,2026-08-31T17:04:00,61,Monday,True
6768,u_091,Computer Lab B,2026-08-31T16:04:00,2026-08-31T16:54:00,50,Monday,True
6870,u_163,Main Library,2026-08-31T16:04:00,2026-08-31T16:59:00,55,Monday,True
6801,u_117,Computer Lab B,2026-08-31T16:05:00,2026-08-31T17:53:00,108,Monday,True
6676,u_018,Main Library,2026-08-31T16:06:00,2026-08-31T18:01:00,115,Monday,True
6735,u_066,Main Library,2026-08-31T16:07:00,2026-08-31T17:00:00,53,Monday,True
6684,u_025,Computer Lab A,2026-08-31T16:09:00,2026-08-31T17:32:00,83,Monday,True
6762,u_084,Science Library,2026-08-31T16:09:00,2026-08-31T17:11:00,62,Monday,True
6740,u_070,Main Library,2026-08-31T16:14:00,2026-08-31T17:17:00,63,Monday,True
6662,u_007,Computer Lab A,2026-08-31T16:15:00,2026-08-31T17:43:00,88,Monday,True
6794,u_112,Computer Lab A,2026-08-31T16:16:00,2026-08-31T17:41:00,85,Monday,True
6858,u_157,Student Center,2026-08-31T16:17:00,2026-08-31T18:06:00,109,Monday,True
6843,u_150,Science Library,2026-08-31T16:36:00,2026-08-31T18:18:00,102,Monday,True
6883,u_173,Gymnasium,2026-08-31T16:45:00,2026-08-31T18:26:00,101,Monday,True
6722,u_054,Main Library,2026-08-31T16:52:00,2026-08-31T18:02:00,70,Monday,True
6852,u_153,Gymnasium,2026-08-31T17:00:00,2026-08-31T18:49:00,109,Monday,True
6885,u_174,Gymnasium,2026-08-31T17:12:00,2026-08-31T18:22:00,70,Monday,True
6664,u_008,Main Library,2026-08-31T17:15:00,2026-08-31T19:30:00,135,Monday,True
6889,u_177,Science Library,2026-08-31T17:42:00,2026-08-31T19:02:00,80,Monday,False
6770,u_094,Science Library,2026-08-31T17:53:00,2026-08-31T20:49:00,176,Monday,True
6869,u_163,Indoor Sports Complex,2026-08-31T17:56:00,2026-08-31T19:28:00,92,Monday,True
6806,u_120,Indoor Sports Complex,2026-08-31T17:59:00,2026-08-31T19:16:00,77,Monday,True
6691,u_031,Science Library,2026-08-31T18:00:00,2026-08-31T20:51:00,171,Monday,True
6719,u_051,Indoor Sports Complex,2026-08-31T18:00:00,2026-08-31T19:04:00,64,Monday,True
6689,u_027,Science Library,2026-08-31T18:02:00,2026-08-31T19:51:00,109,Monday,True
6747,u_073,Main Library,2026-08-31T18:02:00,2026-08-31T20:55:00,173,Monday,True
6754,u_078,Science Library,2026-08-31T18:02:00,2026-08-31T19:35:00,93,Monday,True
6778,u_100,Science Library,2026-08-31T18:02:00,2026-08-31T19:35:00,93,Monday,True
6692,u_032,Indoor Sports Complex,2026-08-31T18:04:00,2026-08-31T18:59:00,55,Monday,True
6791,u_109,Science Library,2026-08-31T18:06:00,2026-08-31T21:00:00,174,Monday,True
6813,u_123,Main Library,2026-08-31T18:07:00,2026-08-31T19:36:00,89,Monday,True
6680,u_021,Main Library,2026-08-31T18:09:00,2026-08-31T19:04:00,55,Monday,True
6818,u_125,Indoor Sports Complex,2026-08-31T18:15:00,2026-08-31T18:54:00,39,Monday,True
6856,u_156,Science Library,2026-08-31T18:16:00,2026-08-31T19:50:00,94,Monday,True
6729,u_059,Main Library,2026-08-31T18:40:00,2026-08-31T19:45:00,65,Monday,True
6857,u_156,Gymnasium,2026-08-31T18:43:00,2026-08-31T19:33:00,50,Monday,True
6795,u_112,Main Library,2026-08-31T18:44:00,2026-08-31T20:08:00,84,Monday,True
6698,u_038,Gymnasium,2026-08-31T18:46:00,2026-08-31T19:56:00,70,Monday,True
6912,u_199,Gymnasium,2026-08-31T18:47:00,2026-08-31T20:10:00,83,Monday,True
6782,u_102,Central Cafeteria,2026-08-31T18:48:00,2026-08-31T19:26:00,38,Monday,True
6687,u_026,Central Cafeteria,2026-08-31T18:49:00,2026-08-31T19:24:00,35,Monday,True
6703,u_041,Food Court,2026-08-31T18:50:00,2026-08-31T20:05:00,75,Monday,True
6760,u_081,Main Library,2026-08-31T18:51:00,2026-08-31T20:41:00,110,Monday,True
6717,u_049,Science Library,2026-08-31T18:52:00,2026-08-31T20:44:00,112,Monday,True
6728,u_059,Food Court,2026-08-31T18:52:00,2026-08-31T19:54:00,62,Monday,True
6661,u_004,Central Cafeteria,2026-08-31T18:53:00,2026-08-31T19:55:00,62,Monday,True
6663,u_007,Gymnasium,2026-08-31T18:55:00,2026-08-31T19:56:00,61,Monday,True
6686,u_026,Science Library,2026-08-31T18:57:00,2026-08-31T20:30:00,93,Monday,True
6739,u_069,Main Library,2026-08-31T18:57:00,2026-08-31T21:02:00,125,Monday,True
6809,u_122,Central Cafeteria,2026-08-31T18:57:00,2026-08-31T20:05:00,68,Monday,True
6893,u_181,Food Court,2026-08-31T18:57:00,2026-08-31T20:11:00,74,Monday,True
6705,u_042,Indoor Sports Complex,2026-08-31T19:00:00,2026-08-31T20:04:00,64,Monday,True
6788,u_108,Central Cafeteria,2026-08-31T19:00:00,2026-08-31T19:39:00,39,Monday,True
6865,u_161,Gymnasium,2026-08-31T19:00:00,2026-08-31T19:58:00,58,Monday,True
6725,u_055,Gymnasium,2026-08-31T19:02:00,2026-08-31T20:15:00,73,Monday,True
6876,u_168,Food Court,2026-08-31T19:03:00,2026-08-31T20:00:00,57,Monday,True
6657,u_001,Indoor Sports Complex,2026-08-31T19:04:00,2026-08-31T19:45:00,41,Monday,True
6696,u_035,Science Library,2026-08-31T19:04:00,2026-08-31T21:59:00,175,Monday,True
6727,u_058,Food Court,2026-08-31T19:04:00,2026-08-31T19:57:00,53,Monday,True
6666,u_011,Gymnasium,2026-08-31T19:06:00,2026-08-31T20:27:00,81,Monday,True
6718,u_050,Central Cafeteria,2026-08-31T19:07:00,2026-08-31T19:58:00,51,Monday,True
6695,u_034,Science Library,2026-08-31T19:08:00,2026-08-31T20:50:00,102,Monday,True
6853,u_154,Food Court,2026-08-31T19:11:00,2026-08-31T20:04:00,53,Monday,True
6884,u_174,Indoor Sports Complex,2026-08-31T19:14:00,2026-08-31T20:45:00,91,Monday,True
6824,u_131,Main Library,2026-08-31T19:15:00,2026-08-31T22:32:00,197,Monday,True
6772,u_095,Science Library,2026-08-31T19:17:00,2026-08-31T20:58:00,101,Monday,True
6726,u_057,Gymnasium,2026-08-31T19:18:00,2026-08-31T20:08:00,50,Monday,True
6800,u_116,Food Court,2026-08-31T19:29:00,2026-08-31T19:53:00,24,Monday,False
6789,u_108,Gymnasium,2026-08-31T19:47:00,2026-08-31T20:51:00,64,Monday,True
6838,u_144,Main Library,2026-08-31T19:49:00,2026-08-31T21:30:00,101,Monday,True
6756,u_079,Main Library,2026-08-31T19:52:00,2026-08-31T20:42:00,50,Monday,True
6682,u_022,Gymnasium,2026-08-31T19:53:00,2026-08-31T21:01:00,68,Monday,False
6715,u_048,Gymnasium,2026-08-31T19:53:00,2026-08-31T20:45:00,52,Monday,True
6860,u_159,Science Library,2026-08-31T19:55:00,2026-08-31T22:15:00,140,Monday,True
6701,u_040,Main Library,2026-08-31T19:56:00,2026-08-31T22:06:00,130,Monday,True
6810,u_122,Gymnasium,2026-08-31T19:56:00,2026-08-31T21:26:00,90,Monday,True
6900,u_191,Gymnasium,2026-08-31T20:00:00,2026-08-31T21:17:00,77,Monday,True
6721,u_052,Gymnasium,2026-08-31T20:03:00,2026-08-31T21:02:00,59,Monday,True
6764,u_086,Main Library,2026-08-31T20:05:00,2026-08-31T22:23:00,138,Monday,True
6866,u_161,Main Library,2026-08-31T20:08:00,2026-08-31T21:00:00,52,Monday,True
6802,u_118,Science Library,2026-08-31T20:10:00,2026-08-31T21:01:00,51,Monday,True
6771,u_095,Indoor Sports Complex,2026-08-31T20:16:00,2026-08-31T21:04:00,48,Monday,True
6683,u_024,WiFi Zone South,2026-08-31T20:36:00,2026-08-31T21:29:00,53,Monday,False
6707,u_043,WiFi Zone South,2026-08-31T20:41:00,2026-08-31T22:24:00,103,Monday,False
6849,u_152,Science Library,2026-08-31T20:53:00,2026-08-31T22:30:00,97,Monday,True
6783,u_103,Main Library,2026-08-31T20:54:00,2026-08-31T23:54:00,180,Monday,True
6753,u_077,Main Library,2026-08-31T20:58:00,2026-08-31T23:50:00,172,Monday,True
6814,u_124,Science Library,2026-08-31T20:58:00,2026-08-31T22:56:00,118,Monday,True
6836,u_142,Science Library,2026-08-31T20:58:00,2026-08-31T22:32:00,94,Monday,True
6710,u_046,Main Library,2026-08-31T21:00:00,2026-08-31T21:50:00,50,Monday,True
6799,u_114,Science Library,2026-08-31T21:00:00,2026-08-31T22:18:00,78,Monday,True
6842,u_149,Science Library,2026-08-31T21:00:00,2026-08-31T23:05:00,125,Monday,True
6708,u_043,Main Library,2026-08-31T21:02:00,2026-08-31T23:22:00,140,Monday,True
6677,u_018,Science Library,2026-08-31T21:07:00,2026-09-01T00:21:00,194,Monday,True
6901,u_191,Science Library,2026-08-31T21:24:00,2026-08-31T23:26:00,122,Monday,True
6913,u_001,Gymnasium,2026-09-01T05:41:00,2026-09-01T06:27:00,46,Tuesday,True
6934,u_018,Gymnasium,2026-09-01T05:41:00,2026-09-01T06:27:00,46,Tuesday,True
7008,u_072,Gymnasium,2026-09-01T05:41:00,2026-09-01T07:31:00,110,Tuesday,True
6971,u_046,Gymnasium,2026-09-01T05:50:00,2026-09-01T06:58:00,68,Tuesday,True
7104,u_139,Gymnasium,2026-09-01T05:54:00,2026-09-01T07:32:00,98,Tuesday,True
7186,u_194,Indoor Sports Complex,2026-09-01T06:00:00,2026-09-01T07:43:00,103,Tuesday,True
7072,u_119,Gymnasium,2026-09-01T06:03:00,2026-09-01T06:53:00,50,Tuesday,True
6917,u_003,Indoor Sports Complex,2026-09-01T06:04:00,2026-09-01T07:16:00,72,Tuesday,True
7191,u_197,Indoor Sports Complex,2026-09-01T06:09:00,2026-09-01T07:02:00,53,Tuesday,True
7130,u_155,Indoor Sports Complex,2026-09-01T06:23:00,2026-09-01T07:17:00,54,Tuesday,True
7056,u_104,Indoor Sports Complex,2026-09-01T06:53:00,2026-09-01T07:41:00,48,Tuesday,True
6991,u_060,Indoor Sports Complex,2026-09-01T06:55:00,2026-09-01T08:05:00,70,Tuesday,True
7196,u_200,Gymnasium,2026-09-01T07:01:00,2026-09-01T07:55:00,54,Tuesday,True
7061,u_109,Gymnasium,2026-09-01T07:02:00,2026-09-01T08:12:00,70,Tuesday,True
7114,u_147,Indoor Sports Complex,2026-09-01T07:05:00,2026-09-01T08:06:00,61,Tuesday,True
6978,u_049,Indoor Sports Complex,2026-09-01T07:09:00,2026-09-01T08:40:00,91,Tuesday,True
7053,u_102,Gymnasium,2026-09-01T07:17:00,2026-09-01T08:16:00,59,Tuesday,True
7025,u_087,Gymnasium,2026-09-01T07:18:00,2026-09-01T08:15:00,57,Tuesday,True
7132,u_156,Indoor Sports Complex,2026-09-01T07:18:00,2026-09-01T09:02:00,104,Tuesday,True
6922,u_006,Gymnasium,2026-09-01T07:42:00,2026-09-01T08:47:00,65,Tuesday,True
7062,u_111,Gymnasium,2026-09-01T07:42:00,2026-09-01T09:00:00,78,Tuesday,True
7037,u_093,Gymnasium,2026-09-01T07:46:00,2026-09-01T09:20:00,94,Tuesday,True
7138,u_160,Gymnasium,2026-09-01T07:47:00,2026-09-01T09:14:00,87,Tuesday,True
6992,u_060,Gymnasium,2026-09-01T07:52:00,2026-09-01T08:27:00,35,Tuesday,True
7071,u_119,Indoor Sports Complex,2026-09-01T07:55:00,2026-09-01T09:43:00,108,Tuesday,True
7193,u_198,Indoor Sports Complex,2026-09-01T07:55:00,2026-09-01T08:43:00,48,Tuesday,True
7031,u_091,Central Cafeteria,2026-09-01T08:04:00,2026-09-01T09:12:00,68,Tuesday,False
6947,u_028,Food Court,2026-09-01T08:11:00,2026-09-01T09:30:00,79,Tuesday,True
7156,u_170,Indoor Sports Complex,2026-09-01T08:11:00,2026-09-01T09:05:00,54,Tuesday,True
7143,u_161,Indoor Sports Complex,2026-09-01T08:12:00,2026-09-01T09:26:00,74,Tuesday,True
7177,u_190,Indoor Sports Complex,2026-09-01T08:14:00,2026-09-01T09:14:00,60,Tuesday,True
7102,u_138,Central Cafeteria,2026-09-01T08:15:00,2026-09-01T09:03:00,48,Tuesday,True
6949,u_031,Indoor Sports Complex,2026-09-01T08:18:00,2026-09-01T09:59:00,101,Tuesday,True
7019,u_082,Food Court,2026-09-01T08:18:00,2026-09-01T09:36:00,78,Tuesday,True
7005,u_069,Food Court,2026-09-01T08:19:00,2026-09-01T09:02:00,43,Tuesday,True
7028,u_088,Central Cafeteria,2026-09-01T08:21:00,2026-09-01T09:11:00,50,Tuesday,True
7009,u_073,Gymnasium,2026-09-01T08:23:00,2026-09-01T09:29:00,66,Tuesday,True
7192,u_198,Central Cafeteria,2026-09-01T08:26:00,2026-09-01T09:38:00,72,Tuesday,True
7001,u_067,Central Cafeteria,2026-09-01T08:29:00,2026-09-01T09:44:00,75,Tuesday,True
6954,u_034,Central Cafeteria,2026-09-01T08:30:00,2026-09-01T08:53:00,23,Tuesday,True
7036,u_093,Central Cafeteria,2026-09-01T08:30:00,2026-09-01T09:22:00,52,Tuesday,True
7050,u_100,Central Cafeteria,2026-09-01T08:30:00,2026-09-01T09:45:00,75,Tuesday,True
7086,u_127,Food Court,2026-09-01T08:30:00,2026-09-01T09:02:00,32,Tuesday,True
7131,u_155,Central Cafeteria,2026-09-01T08:30:00,2026-09-01T08:59:00,29,Tuesday,True
7012,u_075,Central Cafeteria,2026-09-01T08:32:00,2026-09-01T09:11:00,39,Tuesday,True
7017,u_081,Central Cafeteria,2026-09-01T08:40:00,2026-09-01T09:32:00,52,Tuesday,True
7140,u_161,Computer Lab B,2026-09-01T08:41:00,2026-09-01T10:29:00,108,Tuesday,True
7006,u_070,Central Cafeteria,2026-09-01T08:44:00,2026-09-01T09:32:00,48,Tuesday,True
7068,u_117,Food Court,2026-09-01T08:45:00,2026-09-01T09:44:00,59,Tuesday,True
7049,u_099,Food Court,2026-09-01T08:48:00,2026-09-01T09:44:00,56,Tuesday,True
7052,u_101,Computer Lab A,2026-09-01T09:02:00,2026-09-01T09:38:00,36,Tuesday,True
7129,u_155,Student Center,2026-09-01T09:06:00,2026-09-01T10:40:00,94,Tuesday,True
7003,u_069,Computer Lab A,2026-09-01T09:11:00,2026-09-01T10:06:00,55,Tuesday,True
6945,u_027,Computer Lab A,2026-09-01T09:43:00,2026-09-01T11:28:00,105,Tuesday,True
7013,u_076,Student Center,2026-09-01T09:59:00,2026-09-01T11:04:00,65,Tuesday,True
7063,u_113,Computer Lab B,2026-09-01T10:00:00,2026-09-01T11:09:00,69,Tuesday,True
7128,u_153,Student Center,2026-09-01T10:02:00,2026-09-01T10:57:00,55,Tuesday,True
7147,u_163,Computer Lab B,2026-09-01T10:02:00,2026-09-01T11:24:00,82,Tuesday,True
7016,u_078,Computer Lab B,2026-09-01T10:03:00,2026-09-01T10:53:00,50,Tuesday,True
6920,u_005,Computer Lab A,2026-09-01T10:05:00,2026-09-01T10:58:00,53,Tuesday,True
7010,u_075,Indoor Sports Complex,2026-09-01T10:05:00,2026-09-01T11:03:00,58,Tuesday,False
7097,u_136,Computer Lab A,2026-09-01T10:05:00,2026-09-01T11:06:00,61,Tuesday,True
6970,u_046,Computer Lab B,2026-09-01T10:08:00,2026-09-01T11:46:00,98,Tuesday,True
7020,u_083,WiFi Zone North,2026-09-01T10:10:00,2026-09-01T10:38:00,28,Tuesday,False
7173,u_187,Computer Lab A,2026-09-01T10:14:00,2026-09-01T11:17:00,63,Tuesday,True
6984,u_054,Student Center,2026-09-01T10:46:00,2026-09-01T11:32:00,46,Tuesday,True
7087,u_127,Student Center,2026-09-01T10:48:00,2026-09-01T12:24:00,96,Tuesday,True
7039,u_094,Student Center,2026-09-01T10:49:00,2026-09-01T12:06:00,77,Tuesday,True
7160,u_173,Computer Lab A,2026-09-01T10:49:00,2026-09-01T11:34:00,45,Tuesday,True
6916,u_002,Student Center,2026-09-01T10:50:00,2026-09-01T11:56:00,66,Tuesday,True
7164,u_176,Computer Lab A,2026-09-01T10:58:00,2026-09-01T12:23:00,85,Tuesday,True
7103,u_139,Central Cafeteria,2026-09-01T11:02:00,2026-09-01T11:50:00,48,Tuesday,False
7076,u_122,Student Center,2026-09-01T11:03:00,2026-09-01T11:58:00,55,Tuesday,True
7146,u_162,Computer Lab B,2026-09-01T11:04:00,2026-09-01T11:42:00,38,Tuesday,True
7085,u_127,Computer Lab B,2026-09-01T11:05:00,2026-09-01T12:08:00,63,Tuesday,True
7149,u_164,Student Center,2026-09-01T11:06:00,2026-09-01T12:53:00,107,Tuesday,True
7096,u_133,Student Center,2026-09-01T11:07:00,2026-09-01T12:55:00,108,Tuesday,True
7099,u_136,Computer Lab B,2026-09-01T11:07:00,2026-09-01T12:47:00,100,Tuesday,True
6948,u_029,Computer Lab A,2026-09-01T11:11:00,2026-09-01T11:48:00,37,Tuesday,True
6929,u_012,Student Center,2026-09-01T11:12:00,2026-09-01T12:26:00,74,Tuesday,True
6973,u_047,Student Center,2026-09-01T11:29:00,2026-09-01T12:18:00,49,Tuesday,True
6988,u_056,Computer Lab A,2026-09-01T11:39:00,2026-09-01T13:39:00,120,Tuesday,False
7179,u_190,Student Center,2026-09-01T11:45:00,2026-09-01T13:08:00,83,Tuesday,True
6932,u_017,Student Center,2026-09-01T11:55:00,2026-09-01T13:31:00,96,Tuesday,True
7144,u_162,Computer Lab A,2026-09-01T11:56:00,2026-09-01T13:10:00,74,Tuesday,True
7080,u_124,Student Center,2026-09-01T11:57:00,2026-09-01T13:17:00,80,Tuesday,True
7054,u_103,Student Center,2026-09-01T11:58:00,2026-09-01T13:29:00,91,Tuesday,True
7040,u_094,Computer Lab B,2026-09-01T12:00:00,2026-09-01T12:54:00,54,Tuesday,True
7172,u_187,Central Cafeteria,2026-09-01T12:05:00,2026-09-01T13:07:00,62,Tuesday,True
7181,u_192,Gymnasium,2026-09-01T12:08:00,2026-09-01T13:09:00,61,Tuesday,False
7157,u_171,Computer Lab B,2026-09-01T12:11:00,2026-09-01T13:14:00,63,Tuesday,True
7178,u_190,Central Cafeteria,2026-09-01T12:13:00,2026-09-01T12:55:00,42,Tuesday,True
7150,u_165,Central Cafeteria,2026-09-01T12:18:00,2026-09-01T13:09:00,51,Tuesday,True
7190,u_197,Central Cafeteria,2026-09-01T12:22:00,2026-09-01T13:21:00,59,Tuesday,True
7183,u_193,Food Court,2026-09-01T12:23:00,2026-09-01T13:14:00,51,Tuesday,True
7124,u_151,Central Cafeteria,2026-09-01T12:24:00,2026-09-01T13:21:00,57,Tuesday,True
7038,u_093,Food Court,2026-09-01T12:25:00,2026-09-01T13:26:00,61,Tuesday,True
7123,u_151,Food Court,2026-09-01T12:29:00,2026-09-01T12:53:00,24,Tuesday,True
7145,u_162,Central Cafeteria,2026-09-01T12:31:00,2026-09-01T13:33:00,62,Tuesday,True
7169,u_185,Food Court,2026-09-01T12:31:00,2026-09-01T13:48:00,77,Tuesday,True
7166,u_178,Central Cafeteria,2026-09-01T12:33:00,2026-09-01T13:24:00,51,Tuesday,True
6972,u_047,Central Cafeteria,2026-09-01T12:34:00,2026-09-01T13:27:00,53,Tuesday,True
7136,u_158,Central Cafeteria,2026-09-01T12:35:00,2026-09-01T13:24:00,49,Tuesday,True
7069,u_117,Central Cafeteria,2026-09-01T12:36:00,2026-09-01T13:28:00,52,Tuesday,True
7134,u_157,Central Cafeteria,2026-09-01T12:36:00,2026-09-01T13:16:00,40,Tuesday,True
7127,u_152,Food Court,2026-09-01T12:42:00,2026-09-01T13:46:00,64,Tuesday,True
7152,u_168,Central Cafeteria,2026-09-01T12:47:00,2026-09-01T13:51:00,64,Tuesday,True
7126,u_152,Computer Lab A,2026-09-01T12:54:00,2026-09-01T13:54:00,60,Tuesday,True
7057,u_106,Student Center,2026-09-01T12:56:00,2026-09-01T14:17:00,81,Tuesday,True
7187,u_194,Student Center,2026-09-01T12:56:00,2026-09-01T13:37:00,41,Tuesday,True
6952,u_033,Computer Lab B,2026-09-01T12:58:00,2026-09-01T14:40:00,102,Tuesday,True
7111,u_144,Computer Lab B,2026-09-01T12:59:00,2026-09-01T14:14:00,75,Tuesday,True
7060,u_109,Computer Lab A,2026-09-01T13:01:00,2026-09-01T14:14:00,73,Tuesday,True
7158,u_171,Student Center,2026-09-01T13:01:00,2026-09-01T13:56:00,55,Tuesday,True
7064,u_114,Computer Lab A,2026-09-01T13:02:00,2026-09-01T14:03:00,61,Tuesday,True
7184,u_193,Computer Lab B,2026-09-01T13:04:00,2026-09-01T13:53:00,49,Tuesday,True
6950,u_031,Student Center,2026-09-01T13:07:00,2026-09-01T14:56:00,109,Tuesday,True
7159,u_173,Student Center,2026-09-01T13:08:00,2026-09-01T14:51:00,103,Tuesday,True
7007,u_072,Computer Lab B,2026-09-01T13:12:00,2026-09-01T14:51:00,99,Tuesday,True
7122,u_150,Student Center,2026-09-01T13:13:00,2026-09-01T13:49:00,36,Tuesday,True
7194,u_198,Student Center,2026-09-01T13:15:00,2026-09-01T14:18:00,63,Tuesday,True
7139,u_161,Student Center,2026-09-01T13:20:00,2026-09-01T14:30:00,70,Tuesday,False
6925,u_009,Student Center,2026-09-01T13:41:00,2026-09-01T15:28:00,107,Tuesday,True
7084,u_127,Student Center,2026-09-01T13:41:00,2026-09-01T15:02:00,81,Tuesday,False
7066,u_116,Student Center,2026-09-01T13:50:00,2026-09-01T14:42:00,52,Tuesday,True
6914,u_001,Student Center,2026-09-01T13:51:00,2026-09-01T15:15:00,84,Tuesday,True
7045,u_097,Student Center,2026-09-01T13:55:00,2026-09-01T15:15:00,80,Tuesday,True
6935,u_019,Computer Lab B,2026-09-01T13:56:00,2026-09-01T14:49:00,53,Tuesday,True
7079,u_123,Student Center,2026-09-01T13:56:00,2026-09-01T15:45:00,109,Tuesday,True
6930,u_013,Computer Lab B,2026-09-01T13:59:00,2026-09-01T15:15:00,76,Tuesday,True
6997,u_064,Student Center,2026-09-01T14:01:00,2026-09-01T15:01:00,60,Tuesday,True
7014,u_076,Computer Lab A,2026-09-01T14:01:00,2026-09-01T14:40:00,39,Tuesday,True
7035,u_093,Computer Lab B,2026-09-01T14:03:00,2026-09-01T14:56:00,53,Tuesday,True
7174,u_187,Computer Lab B,2026-09-01T14:05:00,2026-09-01T14:59:00,54,Tuesday,True
6983,u_052,Gymnasium,2026-09-01T14:16:00,2026-09-01T14:56:00,40,Tuesday,False
7182,u_192,Computer Lab A,2026-09-01T14:22:00,2026-09-01T15:36:00,74,Tuesday,True
7044,u_096,Student Center,2026-09-01T14:32:00,2026-09-01T16:07:00,95,Tuesday,True
7188,u_194,Computer Lab B,2026-09-01T14:49:00,2026-09-01T16:06:00,77,Tuesday,True
7051,u_100,Student Center,2026-09-01T14:51:00,2026-09-01T15:47:00,56,Tuesday,True
7022,u_085,Computer Lab B,2026-09-01T14:55:00,2026-09-01T16:29:00,94,Tuesday,True
6924,u_008,Computer Lab A,2026-09-01T14:57:00,2026-09-01T15:50:00,53,Tuesday,True
6933,u_018,Computer Lab B,2026-09-01T15:00:00,2026-09-01T16:08:00,68,Tuesday,True
6996,u_063,Computer Lab A,2026-09-01T15:01:00,2026-09-01T16:43:00,102,Tuesday,True
7043,u_095,Computer Lab A,2026-09-01T15:01:00,2026-09-01T16:33:00,92,Tuesday,True
7092,u_131,Computer Lab B,2026-09-01T15:01:00,2026-09-01T16:11:00,70,Tuesday,True
7185,u_193,Computer Lab A,2026-09-01T15:01:00,2026-09-01T16:04:00,63,Tuesday,True
7042,u_095,Computer Lab B,2026-09-01T15:03:00,2026-09-01T16:03:00,60,Tuesday,True
7195,u_199,Student Center,2026-09-01T15:16:00,2026-09-01T16:15:00,59,Tuesday,True
7067,u_117,Computer Lab B,2026-09-01T15:32:00,2026-09-01T17:20:00,108,Tuesday,True
7101,u_137,Student Center,2026-09-01T15:43:00,2026-09-01T16:39:00,56,Tuesday,True
7121,u_150,Main Library,2026-09-01T15:47:00,2026-09-01T17:37:00,110,Tuesday,True
6926,u_009,Computer Lab A,2026-09-01T15:48:00,2026-09-01T17:08:00,80,Tuesday,True
7073,u_120,Student Center,2026-09-01T15:50:00,2026-09-01T17:30:00,100,Tuesday,True
7021,u_083,Main Library,2026-09-01T15:53:00,2026-09-01T17:23:00,90,Tuesday,True
7098,u_136,Student Center,2026-09-01T15:54:00,2026-09-01T16:57:00,63,Tuesday,True
7000,u_066,Main Library,2026-09-01T15:55:00,2026-09-01T16:52:00,57,Tuesday,True
7135,u_157,Student Center,2026-09-01T15:55:00,2026-09-01T17:39:00,104,Tuesday,True
7154,u_170,Computer Lab A,2026-09-01T15:55:00,2026-09-01T16:56:00,61,Tuesday,True
7163,u_175,Main Library,2026-09-01T15:56:00,2026-09-01T17:50:00,114,Tuesday,True
7027,u_087,Computer Lab A,2026-09-01T15:57:00,2026-09-01T16:55:00,58,Tuesday,True
6962,u_039,Main Library,2026-09-01T16:00:00,2026-09-01T17:20:00,80,Tuesday,True
7078,u_122,Main Library,2026-09-01T16:00:00,2026-09-01T18:00:00,120,Tuesday,True
6953,u_033,Student Center,2026-09-01T16:01:00,2026-09-01T17:42:00,101,Tuesday,True
7162,u_175,Computer Lab B,2026-09-01T16:01:00,2026-09-01T16:52:00,51,Tuesday,True
7117,u_147,Student Center,2026-09-01T16:05:00,2026-09-01T17:36:00,91,Tuesday,True
6995,u_063,Student Center,2026-09-01T16:06:00,2026-09-01T17:39:00,93,Tuesday,True
7116,u_147,Main Library,2026-09-01T16:06:00,2026-09-01T18:23:00,137,Tuesday,True
6944,u_026,Computer Lab B,2026-09-01T16:11:00,2026-09-01T17:32:00,81,Tuesday,True
7133,u_156,Computer Lab B,2026-09-01T16:13:00,2026-09-01T17:55:00,102,Tuesday,True
6974,u_048,Student Center,2026-09-01T16:14:00,2026-09-01T17:30:00,76,Tuesday,True
7088,u_128,Main Library,2026-09-01T16:15:00,2026-09-01T17:39:00,84,Tuesday,False
6957,u_036,Main Library,2026-09-01T16:18:00,2026-09-01T19:34:00,196,Tuesday,True
6961,u_038,Science Library,2026-09-01T16:19:00,2026-09-01T19:12:00,173,Tuesday,True
7189,u_196,Science Library,2026-09-01T16:21:00,2026-09-01T18:35:00,134,Tuesday,True
7108,u_142,Main Library,2026-09-01T16:24:00,2026-09-01T17:29:00,65,Tuesday,True
6982,u_051,Science Library,2026-09-01T16:37:00,2026-09-01T19:51:00,194,Tuesday,True
7018,u_082,Gymnasium,2026-09-01T16:46:00,2026-09-01T18:20:00,94,Tuesday,True
6946,u_027,Indoor Sports Complex,2026-09-01T16:52:00,2026-09-01T17:45:00,53,Tuesday,True
6989,u_058,Science Library,2026-09-01T16:52:00,2026-09-01T18:10:00,78,Tuesday,True
7047,u_098,Gymnasium,2026-09-01T16:52:00,2026-09-01T17:37:00,45,Tuesday,True
6963,u_039,Science Library,2026-09-01T16:56:00,2026-09-01T19:53:00,177,Tuesday,True
6939,u_021,Gymnasium,2026-09-01T16:58:00,2026-09-01T18:47:00,109,Tuesday,True
7107,u_141,Main Library,2026-09-01T16:58:00,2026-09-01T20:10:00,192,Tuesday,True
7106,u_140,Science Library,2026-09-01T17:00:00,2026-09-01T18:58:00,118,Tuesday,True
7065,u_115,Main Library,2026-09-01T17:01:00,2026-09-01T20:19:00,198,Tuesday,True
7093,u_131,Science Library,2026-09-01T17:01:00,2026-09-01T18:20:00,79,Tuesday,True
6958,u_037,Main Library,2026-09-01T17:02:00,2026-09-01T18:19:00,77,Tuesday,True
7055,u_104,Gymnasium,2026-09-01T17:02:00,2026-09-01T17:52:00,50,Tuesday,True
7113,u_146,Gymnasium,2026-09-01T17:04:00,2026-09-01T17:47:00,43,Tuesday,True
7033,u_092,Indoor Sports Complex,2026-09-01T17:05:00,2026-09-01T18:47:00,102,Tuesday,True
7105,u_140,Gymnasium,2026-09-01T17:06:00,2026-09-01T18:17:00,71,Tuesday,True
7032,u_091,Science Library,2026-09-01T17:07:00,2026-09-01T18:49:00,102,Tuesday,True
7075,u_122,Main Library,2026-09-01T17:18:00,2026-09-01T17:44:00,26,Tuesday,False
6994,u_063,WiFi Zone South,2026-09-01T17:35:00,2026-09-01T18:36:00,61,Tuesday,False
6951,u_033,Gymnasium,2026-09-01T17:47:00,2026-09-01T19:04:00,77,Tuesday,True
7118,u_148,Main Library,2026-09-01T17:48:00,2026-09-01T21:03:00,195,Tuesday,True
7046,u_098,Indoor Sports Complex,2026-09-01T17:51:00,2026-09-01T19:20:00,89,Tuesday,True
6955,u_034,Indoor Sports Complex,2026-09-01T17:55:00,2026-09-01T19:38:00,103,Tuesday,True
7074,u_121,Science Library,2026-09-01T17:58:00,2026-09-01T19:33:00,95,Tuesday,True
7148,u_163,Indoor Sports Complex,2026-09-01T17:59:00,2026-09-01T19:42:00,103,Tuesday,True
7112,u_145,Science Library,2026-09-01T18:00:00,2026-09-01T20:03:00,123,Tuesday,True
7151,u_167,Main Library,2026-09-01T18:00:00,2026-09-01T20:00:00,120,Tuesday,True
6964,u_040,Gymnasium,2026-09-01T18:01:00,2026-09-01T19:03:00,62,Tuesday,True
6943,u_024,Indoor Sports Complex,2026-09-01T18:06:00,2026-09-01T19:51:00,105,Tuesday,True
7109,u_143,Main Library,2026-09-01T18:06:00,2026-09-01T18:56:00,50,Tuesday,True
6965,u_040,Indoor Sports Complex,2026-09-01T18:08:00,2026-09-01T19:24:00,76,Tuesday,True
6919,u_004,Gymnasium,2026-09-01T18:11:00,2026-09-01T20:00:00,109,Tuesday,True
7082,u_126,Indoor Sports Complex,2026-09-01T18:11:00,2026-09-01T19:15:00,64,Tuesday,True
7094,u_133,Indoor Sports Complex,2026-09-01T18:12:00,2026-09-01T19:00:00,48,Tuesday,True
7011,u_075,Science Library,2026-09-01T18:16:00,2026-09-01T21:33:00,197,Tuesday,True
7110,u_144,Indoor Sports Complex,2026-09-01T18:22:00,2026-09-01T19:06:00,44,Tuesday,True
7023,u_086,Computer Lab B,2026-09-01T18:30:00,2026-09-01T20:19:00,109,Tuesday,False
6928,u_011,Student Center,2026-09-01T18:31:00,2026-09-01T20:25:00,114,Tuesday,False
6918,u_004,Central Cafeteria,2026-09-01T18:37:00,2026-09-01T19:33:00,56,Tuesday,True
6986,u_055,Food Court,2026-09-01T18:40:00,2026-09-01T19:22:00,42,Tuesday,True
6980,u_049,Main Library,2026-09-01T18:41:00,2026-09-01T20:52:00,131,Tuesday,True
6936,u_019,Central Cafeteria,2026-09-01T18:44:00,2026-09-01T19:45:00,61,Tuesday,True
7041,u_095,Science Library,2026-09-01T18:46:00,2026-09-01T20:30:00,104,Tuesday,True
6941,u_023,Gymnasium,2026-09-01T18:48:00,2026-09-01T20:17:00,89,Tuesday,True
7030,u_090,Indoor Sports Complex,2026-09-01T18:51:00,2026-09-01T20:12:00,81,Tuesday,True
7175,u_188,Food Court,2026-09-01T18:51:00,2026-09-01T19:51:00,60,Tuesday,True
6966,u_042,Science Library,2026-09-01T18:53:00,2026-09-01T19:14:00,21,Tuesday,False
6968,u_044,Indoor Sports Complex,2026-09-01T18:54:00,2026-09-01T20:08:00,74,Tuesday,False
7155,u_170,Central Cafeteria,2026-09-01T18:54:00,2026-09-01T19:47:00,53,Tuesday,True
6985,u_054,Central Cafeteria,2026-09-01T18:55:00,2026-09-01T19:34:00,39,Tuesday,True
7059,u_108,Central Cafeteria,2026-09-01T18:55:00,2026-09-01T19:46:00,51,Tuesday,True
7153,u_169,Main Library,2026-09-01T18:55:00,2026-09-01T20:58:00,123,Tuesday,True
7167,u_178,Food Court,2026-09-01T18:55:00,2026-09-01T19:57:00,62,Tuesday,True
6938,u_020,Central Cafeteria,2026-09-01T18:58:00,2026-09-01T19:18:00,20,Tuesday,True
6999,u_064,Central Cafeteria,2026-09-01T18:58:00,2026-09-01T19:48:00,50,Tuesday,True
6959,u_037,Gymnasium,2026-09-01T18:59:00,2026-09-01T20:30:00,91,Tuesday,True
6976,u_048,Science Library,2026-09-01T18:59:00,2026-09-01T20:52:00,113,Tuesday,True
7168,u_179,Food Court,2026-09-01T18:59:00,2026-09-01T20:03:00,64,Tuesday,True
6967,u_042,Food Court,2026-09-01T19:00:00,2026-09-01T19:59:00,59,Tuesday,True
6977,u_049,Central Cafeteria,2026-09-01T19:00:00,2026-09-01T20:01:00,61,Tuesday,True
6981,u_050,Central Cafeteria,2026-09-01T19:00:00,2026-09-01T19:54:00,54,Tuesday,True
7119,u_149,Gymnasium,2026-09-01T19:00:00,2026-09-01T19:38:00,38,Tuesday,True
7161,u_174,Indoor Sports Complex,2026-09-01T19:00:00,2026-09-01T20:23:00,83,Tuesday,True
7170,u_186,Main Library,2026-09-01T19:00:00,2026-09-01T19:55:00,55,Tuesday,True
7083,u_126,Science Library,2026-09-01T19:01:00,2026-09-01T22:17:00,196,Tuesday,True
7142,u_161,Food Court,2026-09-01T19:01:00,2026-09-01T20:00:00,59,Tuesday,True
6915,u_002,Gymnasium,2026-09-01T19:02:00,2026-09-01T20:26:00,84,Tuesday,True
7015,u_078,Indoor Sports Complex,2026-09-01T19:02:00,2026-09-01T20:22:00,80,Tuesday,True
6990,u_059,Food Court,2026-09-01T19:03:00,2026-09-01T19:55:00,52,Tuesday,True
6998,u_064,Main Library,2026-09-01T19:04:00,2026-09-01T20:17:00,73,Tuesday,True
7176,u_189,Science Library,2026-09-01T19:04:00,2026-09-01T20:33:00,89,Tuesday,True
6937,u_019,Science Library,2026-09-01T19:06:00,2026-09-01T22:14:00,188,Tuesday,True
6987,u_055,Gymnasium,2026-09-01T19:06:00,2026-09-01T20:25:00,79,Tuesday,True
6942,u_023,Central Cafeteria,2026-09-01T19:07:00,2026-09-01T19:49:00,42,Tuesday,True
6923,u_007,Gymnasium,2026-09-01T19:08:00,2026-09-01T20:01:00,53,Tuesday,True
6969,u_045,Main Library,2026-09-01T19:08:00,2026-09-01T21:16:00,128,Tuesday,True
7077,u_122,Central Cafeteria,2026-09-01T19:08:00,2026-09-01T20:06:00,58,Tuesday,True
7141,u_161,Gymnasium,2026-09-01T19:10:00,2026-09-01T20:12:00,62,Tuesday,True
7048,u_098,Science Library,2026-09-01T19:12:00,2026-09-01T20:15:00,63,Tuesday,True
7095,u_133,Main Library,2026-09-01T19:14:00,2026-09-01T20:53:00,99,Tuesday,True
7004,u_069,Main Library,2026-09-01T19:16:00,2026-09-01T21:14:00,118,Tuesday,True
7100,u_137,Science Library,2026-09-01T19:17:00,2026-09-01T20:46:00,89,Tuesday,True
6940,u_022,Central Cafeteria,2026-09-01T19:18:00,2026-09-01T20:31:00,73,Tuesday,True
7089,u_128,Food Court,2026-09-01T19:19:00,2026-09-01T19:57:00,38,Tuesday,True
7115,u_147,Gymnasium,2026-09-01T19:19:00,2026-09-01T20:21:00,62,Tuesday,True
7165,u_177,Indoor Sports Complex,2026-09-01T19:21:00,2026-09-01T21:09:00,108,Tuesday,False
6979,u_049,Science Library,2026-09-01T19:23:00,2026-09-01T21:34:00,131,Tuesday,True
7058,u_106,Gymnasium,2026-09-01T19:45:00,2026-09-01T20:39:00,54,Tuesday,True
7180,u_191,Gymnasium,2026-09-01T19:51:00,2026-09-01T20:50:00,59,Tuesday,True
6975,u_048,Gymnasium,2026-09-01T19:52:00,2026-09-01T20:48:00,56,Tuesday,True
7171,u_187,Indoor Sports Complex,2026-09-01T19:52:00,2026-09-01T20:32:00,40,Tuesday,True
7070,u_118,Science Library,2026-09-01T19:53:00,2026-09-01T20:54:00,61,Tuesday,True
6956,u_034,Main Library,2026-09-01T19:56:00,2026-09-01T23:06:00,190,Tuesday,True
6993,u_062,Science Library,2026-09-01T19:56:00,2026-09-01T22:14:00,138,Tuesday,True
7024,u_086,Main Library,2026-09-01T19:58:00,2026-09-01T21:57:00,119,Tuesday,True
7137,u_159,Science Library,2026-09-01T20:02:00,2026-09-01T22:14:00,132,Tuesday,True
7002,u_069,Gymnasium,2026-09-01T20:03:00,2026-09-01T20:40:00,37,Tuesday,False
7090,u_129,Indoor Sports Complex,2026-09-01T20:04:00,2026-09-01T21:02:00,58,Tuesday,True
7091,u_129,Main Library,2026-09-01T20:12:00,2026-09-01T21:12:00,60,Tuesday,True
6927,u_009,Main Library,2026-09-01T20:50:00,2026-09-01T22:08:00,78,Tuesday,True
6960,u_038,Science Library,2026-09-01T20:53:00,2026-09-01T22:05:00,72,Tuesday,False
7026,u_087,Science Library,2026-09-01T20:54:00,2026-09-01T22:54:00,120,Tuesday,True
7125,u_152,Science Library,2026-09-01T20:54:00,2026-09-01T22:42:00,108,Tuesday,True
7120,u_149,Science Library,2026-09-01T20:55:00,2026-09-01T22:52:00,117,Tuesday,True
6931,u_015,Science Library,2026-09-01T20:59:00,2026-09-01T23:00:00,121,Tuesday,True
7081,u_126,Main Library,2026-09-01T20:59:00,2026-09-01T22:53:00,114,Tuesday,True
6921,u_005,Main Library,2026-09-01T21:01:00,2026-09-01T22:52:00,111,Tuesday,True
7034,u_092,Main Library,2026-09-01T21:04:00,2026-09-01T22:07:00,63,Tuesday,True
7029,u_089,Science Library,2026-09-01T21:05:00,2026-09-01T22:50:00,105,Tuesday,True
7252,u_029,Gymnasium,2026-09-02T05:52:00,2026-09-02T06:33:00,41,Wednesday,True
7288,u_046,Gymnasium,2026-09-02T05:58:00,2026-09-02T06:41:00,43,Wednesday,True
7314,u_063,Gymnasium,2026-09-02T05:59:00,2026-09-02T06:38:00,39,Wednesday,True
7198,u_001,Gymnasium,2026-09-02T06:00:00,2026-09-02T06:30:00,30,Wednesday,True
7534,u_196,Indoor Sports Complex,2026-09-02T06:00:00,2026-09-02T07:25:00,85,Wednesday,True
7433,u_139,Gymnasium,2026-09-02T06:01:00,2026-09-02T07:01:00,60,Wednesday,True
7368,u_102,Indoor Sports Complex,2026-09-02T06:02:00,2026-09-02T07:42:00,100,Wednesday,True
7536,u_197,Indoor Sports Complex,2026-09-02T06:02:00,2026-09-02T06:56:00,54,Wednesday,True
7464,u_158,Gymnasium,2026-09-02T06:04:00,2026-09-02T06:40:00,36,Wednesday,True
7358,u_096,Gymnasium,2026-09-02T06:13:00,2026-09-02T07:18:00,65,Wednesday,True
7531,u_195,Indoor Sports Complex,2026-09-02T06:45:00,2026-09-02T08:22:00,97,Wednesday,True
7526,u_194,Gymnasium,2026-09-02T06:57:00,2026-09-02T07:27:00,30,Wednesday,True
7324,u_071,Indoor Sports Complex,2026-09-02T06:59:00,2026-09-02T08:02:00,63,Wednesday,True
7218,u_014,Gymnasium,2026-09-02T07:01:00,2026-09-02T07:56:00,55,Wednesday,True
7311,u_061,Indoor Sports Complex,2026-09-02T07:08:00,2026-09-02T08:08:00,60,Wednesday,True
7371,u_104,Indoor Sports Complex,2026-09-02T07:11:00,2026-09-02T08:12:00,61,Wednesday,True
7203,u_004,Indoor Sports Complex,2026-09-02T07:53:00,2026-09-02T09:39:00,106,Wednesday,True
7463,u_157,Gymnasium,2026-09-02T07:53:00,2026-09-02T08:57:00,64,Wednesday,True
7471,u_161,Indoor Sports Complex,2026-09-02T07:53:00,2026-09-02T09:03:00,70,Wednesday,True
7487,u_170,Indoor Sports Complex,2026-09-02T07:56:00,2026-09-02T08:36:00,40,Wednesday,True
7257,u_031,Indoor Sports Complex,2026-09-02T07:57:00,2026-09-02T09:27:00,90,Wednesday,True
7255,u_030,Indoor Sports Complex,2026-09-02T07:59:00,2026-09-02T09:16:00,77,Wednesday,True
7422,u_132,Indoor Sports Complex,2026-09-02T07:59:00,2026-09-02T08:37:00,38,Wednesday,True
7511,u_184,Gymnasium,2026-09-02T08:00:00,2026-09-02T09:14:00,74,Wednesday,True
7221,u_017,Gymnasium,2026-09-02T08:02:00,2026-09-02T08:55:00,53,Wednesday,True
7342,u_083,Indoor Sports Complex,2026-09-02T08:02:00,2026-09-02T08:38:00,36,Wednesday,True
7411,u_126,Gymnasium,2026-09-02T08:02:00,2026-09-02T08:30:00,28,Wednesday,True
7372,u_105,Gymnasium,2026-09-02T08:03:00,2026-09-02T08:41:00,38,Wednesday,True
7405,u_123,Gymnasium,2026-09-02T08:03:00,2026-09-02T08:56:00,53,Wednesday,True
7353,u_093,Gymnasium,2026-09-02T08:04:00,2026-09-02T09:05:00,61,Wednesday,True
7328,u_075,Gymnasium,2026-09-02T08:07:00,2026-09-02T09:47:00,100,Wednesday,False
7414,u_127,Food Court,2026-09-02T08:09:00,2026-09-02T08:37:00,28,Wednesday,True
7295,u_050,Indoor Sports Complex,2026-09-02T08:16:00,2026-09-02T09:22:00,66,Wednesday,True
7320,u_068,Indoor Sports Complex,2026-09-02T08:16:00,2026-09-02T09:50:00,94,Wednesday,True
7267,u_036,Central Cafeteria,2026-09-02T08:24:00,2026-09-02T09:05:00,41,Wednesday,True
7305,u_056,Central Cafeteria,2026-09-02T08:25:00,2026-09-02T08:53:00,28,Wednesday,True
7228,u_020,Food Court,2026-09-02T08:29:00,2026-09-02T09:36:00,67,Wednesday,True
7289,u_046,Central Cafeteria,2026-09-02T08:30:00,2026-09-02T09:36:00,66,Wednesday,True
7419,u_130,Food Court,2026-09-02T08:30:00,2026-09-02T09:29:00,59,Wednesday,True
7360,u_098,Food Court,2026-09-02T08:31:00,2026-09-02T09:23:00,52,Wednesday,True
7321,u_069,Food Court,2026-09-02T08:32:00,2026-09-02T09:10:00,38,Wednesday,True
7337,u_080,Central Cafeteria,2026-09-02T08:32:00,2026-09-02T09:11:00,39,Wednesday,True
7396,u_119,Food Court,2026-09-02T08:34:00,2026-09-02T09:16:00,42,Wednesday,True
7250,u_028,Food Court,2026-09-02T08:37:00,2026-09-02T09:54:00,77,Wednesday,True
7330,u_075,Central Cafeteria,2026-09-02T08:38:00,2026-09-02T09:32:00,54,Wednesday,True
7506,u_182,Central Cafeteria,2026-09-02T08:45:00,2026-09-02T09:49:00,64,Wednesday,True
7459,u_155,Central Cafeteria,2026-09-02T08:47:00,2026-09-02T09:16:00,29,Wednesday,True
7231,u_021,Food Court,2026-09-02T08:48:00,2026-09-02T10:06:00,78,Wednesday,True
7458,u_155,Student Center,2026-09-02T08:50:00,2026-09-02T10:31:00,101,Wednesday,True
7425,u_135,Computer Lab A,2026-09-02T08:51:00,2026-09-02T10:07:00,76,Wednesday,True
7277,u_041,Computer Lab B,2026-09-02T08:53:00,2026-09-02T09:57:00,64,Wednesday,True
7507,u_183,Computer Lab A,2026-09-02T08:58:00,2026-09-02T10:33:00,95,Wednesday,True
7468,u_161,Computer Lab B,2026-09-02T08:59:00,2026-09-02T10:25:00,86,Wednesday,True
7400,u_120,Computer Lab A,2026-09-02T09:00:00,2026-09-02T09:44:00,44,Wednesday,True
7505,u_182,Student Center,2026-09-02T09:01:00,2026-09-02T10:26:00,85,Wednesday,True
7319,u_065,Computer Lab B,2026-09-02T09:02:00,2026-09-02T09:53:00,51,Wednesday,True
7216,u_011,Computer Lab B,2026-09-02T09:05:00,2026-09-02T10:25:00,80,Wednesday,True
7424,u_133,Computer Lab A,2026-09-02T09:06:00,2026-09-02T09:45:00,39,Wednesday,True
7249,u_027,Computer Lab A,2026-09-02T09:53:00,2026-09-02T11:35:00,102,Wednesday,True
7386,u_113,Computer Lab B,2026-09-02T09:58:00,2026-09-02T11:08:00,70,Wednesday,True
7457,u_153,Student Center,2026-09-02T10:02:00,2026-09-02T11:07:00,65,Wednesday,True
7283,u_043,Computer Lab B,2026-09-02T10:04:00,2026-09-02T10:56:00,52,Wednesday,True
7232,u_021,Student Center,2026-09-02T10:06:00,2026-09-02T10:46:00,40,Wednesday,True
7201,u_003,Student Center,2026-09-02T10:08:00,2026-09-02T12:04:00,116,Wednesday,False
7454,u_151,Computer Lab A,2026-09-02T10:16:00,2026-09-02T11:07:00,51,Wednesday,True
7524,u_193,Student Center,2026-09-02T10:23:00,2026-09-02T11:05:00,42,Wednesday,True
7413,u_127,Computer Lab B,2026-09-02T10:35:00,2026-09-02T11:32:00,57,Wednesday,True
7423,u_133,Student Center,2026-09-02T10:37:00,2026-09-02T12:04:00,87,Wednesday,True
7462,u_157,Gymnasium,2026-09-02T10:37:00,2026-09-02T11:55:00,78,Wednesday,False
7276,u_041,Main Library,2026-09-02T10:45:00,2026-09-02T11:34:00,49,Wednesday,False
7494,u_176,Computer Lab A,2026-09-02T10:46:00,2026-09-02T12:23:00,97,Wednesday,True
7403,u_122,Student Center,2026-09-02T10:51:00,2026-09-02T12:01:00,70,Wednesday,True
7503,u_181,Computer Lab B,2026-09-02T10:52:00,2026-09-02T12:01:00,69,Wednesday,True
7247,u_027,Science Library,2026-09-02T10:55:00,2026-09-02T11:56:00,61,Wednesday,False
7367,u_101,Computer Lab B,2026-09-02T10:58:00,2026-09-02T12:30:00,92,Wednesday,True
7385,u_113,Student Center,2026-09-02T11:00:00,2026-09-02T12:03:00,63,Wednesday,True
7254,u_029,Computer Lab A,2026-09-02T11:02:00,2026-09-02T11:38:00,36,Wednesday,True
7208,u_006,Computer Lab B,2026-09-02T11:05:00,2026-09-02T12:06:00,61,Wednesday,True
7393,u_117,Computer Lab A,2026-09-02T11:10:00,2026-09-02T12:20:00,70,Wednesday,True
7350,u_092,Gymnasium,2026-09-02T11:22:00,2026-09-02T11:49:00,27,Wednesday,False
7498,u_177,Computer Lab B,2026-09-02T11:24:00,2026-09-02T12:19:00,55,Wednesday,True
7341,u_082,Computer Lab B,2026-09-02T11:42:00,2026-09-02T12:24:00,42,Wednesday,True
7519,u_190,Computer Lab B,2026-09-02T11:42:00,2026-09-02T13:22:00,100,Wednesday,True
7449,u_149,Student Center,2026-09-02T11:49:00,2026-09-02T13:23:00,94,Wednesday,True
7434,u_139,Student Center,2026-09-02T11:56:00,2026-09-02T12:48:00,52,Wednesday,True
7408,u_124,Computer Lab B,2026-09-02T11:59:00,2026-09-02T13:03:00,64,Wednesday,True
7488,u_171,Computer Lab B,2026-09-02T12:00:00,2026-09-02T13:05:00,65,Wednesday,True
7258,u_032,Computer Lab B,2026-09-02T12:03:00,2026-09-02T12:49:00,46,Wednesday,True
7481,u_166,Student Center,2026-09-02T12:04:00,2026-09-02T13:19:00,75,Wednesday,True
7364,u_100,Central Cafeteria,2026-09-02T12:09:00,2026-09-02T12:52:00,43,Wednesday,False
7290,u_047,Central Cafeteria,2026-09-02T12:20:00,2026-09-02T13:31:00,71,Wednesday,True
7535,u_197,Central Cafeteria,2026-09-02T12:22:00,2026-09-02T13:31:00,69,Wednesday,True
7301,u_053,Central Cafeteria,2026-09-02T12:25:00,2026-09-02T13:25:00,60,Wednesday,True
7355,u_093,Food Court,2026-09-02T12:25:00,2026-09-02T13:26:00,61,Wednesday,True
7397,u_119,Computer Lab B,2026-09-02T12:29:00,2026-09-02T13:28:00,59,Wednesday,True
7259,u_032,Central Cafeteria,2026-09-02T12:30:00,2026-09-02T13:32:00,62,Wednesday,True
7478,u_165,Central Cafeteria,2026-09-02T12:37:00,2026-09-02T13:35:00,58,Wednesday,True
7456,u_152,Computer Lab A,2026-09-02T12:41:00,2026-09-02T13:17:00,36,Wednesday,True
7465,u_158,Central Cafeteria,2026-09-02T12:41:00,2026-09-02T13:23:00,42,Wednesday,True
7445,u_146,Computer Lab A,2026-09-02T12:42:00,2026-09-02T13:29:00,47,Wednesday,True
7455,u_152,Central Cafeteria,2026-09-02T12:45:00,2026-09-02T13:08:00,23,Wednesday,False
7497,u_177,Food Court,2026-09-02T12:45:00,2026-09-02T13:35:00,50,Wednesday,True
7205,u_004,Food Court,2026-09-02T12:46:00,2026-09-02T13:28:00,42,Wednesday,True
7485,u_168,Central Cafeteria,2026-09-02T12:48:00,2026-09-02T13:53:00,65,Wednesday,True
7375,u_106,Computer Lab B,2026-09-02T12:49:00,2026-09-02T13:51:00,62,Wednesday,True
7510,u_184,WiFi Zone North,2026-09-02T12:50:00,2026-09-02T14:47:00,117,Wednesday,False
7262,u_033,Computer Lab B,2026-09-02T12:54:00,2026-09-02T14:17:00,83,Wednesday,True
7452,u_150,Student Center,2026-09-02T12:54:00,2026-09-02T13:31:00,37,Wednesday,True
7467,u_160,Computer Lab A,2026-09-02T12:56:00,2026-09-02T13:59:00,63,Wednesday,True
7387,u_113,Computer Lab A,2026-09-02T12:57:00,2026-09-02T14:22:00,85,Wednesday,True
7215,u_010,Student Center,2026-09-02T12:59:00,2026-09-02T14:31:00,92,Wednesday,True
7389,u_115,Student Center,2026-09-02T13:02:00,2026-09-02T13:24:00,22,Wednesday,False
7340,u_081,Computer Lab A,2026-09-02T13:06:00,2026-09-02T14:55:00,109,Wednesday,True
7374,u_106,Student Center,2026-09-02T13:06:00,2026-09-02T14:51:00,105,Wednesday,True
7443,u_144,Computer Lab B,2026-09-02T13:08:00,2026-09-02T14:14:00,66,Wednesday,True
7326,u_072,Computer Lab B,2026-09-02T13:10:00,2026-09-02T14:56:00,106,Wednesday,True
7318,u_065,Student Center,2026-09-02T13:42:00,2026-09-02T14:40:00,58,Wednesday,True
7539,u_200,Computer Lab B,2026-09-02T13:46:00,2026-09-02T14:45:00,59,Wednesday,True
7220,u_016,Computer Lab A,2026-09-02T13:51:00,2026-09-02T14:27:00,36,Wednesday,True
7273,u_039,Student Center,2026-09-02T13:56:00,2026-09-02T15:28:00,92,Wednesday,True
7392,u_116,Student Center,2026-09-02T13:56:00,2026-09-02T14:47:00,51,Wednesday,True
7274,u_040,Computer Lab A,2026-09-02T13:57:00,2026-09-02T15:17:00,80,Wednesday,True
7416,u_128,Computer Lab A,2026-09-02T13:58:00,2026-09-02T15:04:00,66,Wednesday,True
7382,u_110,Computer Lab A,2026-09-02T14:00:00,2026-09-02T15:13:00,73,Wednesday,True
7513,u_187,Computer Lab B,2026-09-02T14:03:00,2026-09-02T14:56:00,53,Wednesday,True
7217,u_013,Computer Lab B,2026-09-02T14:06:00,2026-09-02T15:01:00,55,Wednesday,True
7522,u_191,Computer Lab B,2026-09-02T14:06:00,2026-09-02T14:52:00,46,Wednesday,True
7352,u_093,Computer Lab B,2026-09-02T14:07:00,2026-09-02T15:16:00,69,Wednesday,True
7213,u_009,Student Center,2026-09-02T14:11:00,2026-09-02T15:48:00,97,Wednesday,True
7421,u_131,Student Center,2026-09-02T14:11:00,2026-09-02T15:31:00,80,Wednesday,True
7285,u_044,Student Center,2026-09-02T14:13:00,2026-09-02T15:01:00,48,Wednesday,True
7331,u_076,Computer Lab A,2026-09-02T14:13:00,2026-09-02T14:56:00,43,Wednesday,True
7404,u_123,Gymnasium,2026-09-02T14:38:00,2026-09-02T16:17:00,99,Wednesday,False
7308,u_058,Computer Lab B,2026-09-02T14:39:00,2026-09-02T15:40:00,61,Wednesday,True
7197,u_001,Computer Lab B,2026-09-02T14:43:00,2026-09-02T16:18:00,95,Wednesday,True
7525,u_193,Computer Lab A,2026-09-02T14:43:00,2026-09-02T15:28:00,45,Wednesday,True
7345,u_087,Student Center,2026-09-02T14:45:00,2026-09-02T15:42:00,57,Wednesday,True
7316,u_063,Computer Lab A,2026-09-02T14:56:00,2026-09-02T16:32:00,96,Wednesday,True
7365,u_100,Student Center,2026-09-02T14:58:00,2026-09-02T15:43:00,45,Wednesday,True
7226,u_018,Computer Lab A,2026-09-02T14:59:00,2026-09-02T16:01:00,62,Wednesday,True
7475,u_163,Student Center,2026-09-02T14:59:00,2026-09-02T15:48:00,49,Wednesday,True
7530,u_195,Student Center,2026-09-02T15:00:00,2026-09-02T16:40:00,100,Wednesday,True
7225,u_018,Computer Lab B,2026-09-02T15:02:00,2026-09-02T16:03:00,61,Wednesday,True
7490,u_172,Computer Lab B,2026-09-02T15:03:00,2026-09-02T15:59:00,56,Wednesday,True
7391,u_116,Main Library,2026-09-02T15:05:00,2026-09-02T15:38:00,33,Wednesday,False
7528,u_194,Computer Lab B,2026-09-02T15:05:00,2026-09-02T15:59:00,54,Wednesday,True
7237,u_024,Computer Lab A,2026-09-02T15:10:00,2026-09-02T16:18:00,68,Wednesday,True
7279,u_041,Computer Lab A,2026-09-02T15:11:00,2026-09-02T16:17:00,66,Wednesday,True
7381,u_110,Student Center,2026-09-02T15:12:00,2026-09-02T15:49:00,37,Wednesday,True
7537,u_199,Student Center,2026-09-02T15:13:00,2026-09-02T16:10:00,57,Wednesday,True
7234,u_023,Food Court,2026-09-02T15:34:00,2026-09-02T17:05:00,91,Wednesday,False
7245,u_026,Computer Lab B,2026-09-02T15:35:00,2026-09-02T17:14:00,99,Wednesday,True
7343,u_085,Student Center,2026-09-02T15:47:00,2026-09-02T16:51:00,64,Wednesday,True
7294,u_050,WiFi Zone South,2026-09-02T15:50:00,2026-09-02T16:17:00,27,Wednesday,False
7241,u_025,Computer Lab A,2026-09-02T15:51:00,2026-09-02T17:29:00,98,Wednesday,True
7496,u_177,Student Center,2026-09-02T15:51:00,2026-09-02T17:07:00,76,Wednesday,True
7461,u_156,Computer Lab B,2026-09-02T15:52:00,2026-09-02T17:24:00,92,Wednesday,True
7315,u_063,Student Center,2026-09-02T15:59:00,2026-09-02T17:25:00,86,Wednesday,True
7427,u_136,Student Center,2026-09-02T16:00:00,2026-09-02T16:36:00,36,Wednesday,True
7222,u_017,Main Library,2026-09-02T16:01:00,2026-09-02T20:08:00,247,Wednesday,True
7369,u_102,Science Library,2026-09-02T16:01:00,2026-09-02T18:50:00,169,Wednesday,True
7354,u_093,Student Center,2026-09-02T16:02:00,2026-09-02T17:06:00,64,Wednesday,True
7209,u_007,Computer Lab A,2026-09-02T16:03:00,2026-09-02T17:45:00,102,Wednesday,True
7438,u_142,Main Library,2026-09-02T16:04:00,2026-09-02T17:29:00,85,Wednesday,True
7242,u_025,Computer Lab B,2026-09-02T16:07:00,2026-09-02T17:15:00,68,Wednesday,True
7430,u_137,Student Center,2026-09-02T16:07:00,2026-09-02T16:53:00,46,Wednesday,True
7472,u_162,Central Cafeteria,2026-09-02T16:07:00,2026-09-02T17:36:00,89,Wednesday,False
7410,u_125,Science Library,2026-09-02T16:08:00,2026-09-02T17:48:00,100,Wednesday,True
7483,u_167,Student Center,2026-09-02T16:09:00,2026-09-02T17:06:00,57,Wednesday,True
7529,u_195,Central Cafeteria,2026-09-02T16:10:00,2026-09-02T17:41:00,91,Wednesday,False
7298,u_052,Main Library,2026-09-02T16:11:00,2026-09-02T17:47:00,96,Wednesday,True
7322,u_070,Main Library,2026-09-02T16:11:00,2026-09-02T17:30:00,79,Wednesday,True
7540,u_200,Science Library,2026-09-02T16:11:00,2026-09-02T18:02:00,111,Wednesday,True
7480,u_166,WiFi Zone South,2026-09-02T16:13:00,2026-09-02T17:45:00,92,Wednesday,False
7272,u_039,Main Library,2026-09-02T16:16:00,2026-09-02T18:15:00,119,Wednesday,True
7451,u_150,Main Library,2026-09-02T16:22:00,2026-09-02T18:28:00,126,Wednesday,True
7527,u_194,Main Library,2026-09-02T16:50:00,2026-09-02T18:15:00,85,Wednesday,True
7491,u_173,Indoor Sports Complex,2026-09-02T16:53:00,2026-09-02T18:06:00,73,Wednesday,False
7296,u_051,Science Library,2026-09-02T16:54:00,2026-09-02T20:45:00,231,Wednesday,True
7453,u_151,Main Library,2026-09-02T16:55:00,2026-09-02T18:22:00,87,Wednesday,True
7377,u_107,Main Library,2026-09-02T16:56:00,2026-09-02T19:17:00,141,Wednesday,True
7436,u_140,Gymnasium,2026-09-02T16:56:00,2026-09-02T17:40:00,44,Wednesday,True
7426,u_136,Science Library,2026-09-02T16:58:00,2026-09-02T21:01:00,243,Wednesday,True
7493,u_174,Gymnasium,2026-09-02T17:00:00,2026-09-02T17:36:00,36,Wednesday,True
7310,u_061,WiFi Zone South,2026-09-02T17:01:00,2026-09-02T18:49:00,108,Wednesday,False
7349,u_091,Science Library,2026-09-02T17:03:00,2026-09-02T18:49:00,106,Wednesday,True
7370,u_104,Gymnasium,2026-09-02T17:03:00,2026-09-02T17:41:00,38,Wednesday,True
7268,u_037,Main Library,2026-09-02T17:04:00,2026-09-02T18:27:00,83,Wednesday,True
7447,u_148,Indoor Sports Complex,2026-09-02T17:04:00,2026-09-02T18:30:00,86,Wednesday,True
7359,u_098,Gymnasium,2026-09-02T17:05:00,2026-09-02T17:42:00,37,Wednesday,True
7362,u_099,Main Library,2026-09-02T17:08:00,2026-09-02T18:29:00,81,Wednesday,True
7509,u_183,Science Library,2026-09-02T17:09:00,2026-09-02T18:54:00,105,Wednesday,True
7420,u_131,Science Library,2026-09-02T17:11:00,2026-09-02T18:51:00,100,Wednesday,True
7211,u_008,Main Library,2026-09-02T17:14:00,2026-09-02T19:38:00,144,Wednesday,True
7344,u_087,Main Library,2026-09-02T17:16:00,2026-09-02T17:54:00,38,Wednesday,False
7300,u_053,Indoor Sports Complex,2026-09-02T17:25:00,2026-09-02T18:59:00,94,Wednesday,False
7325,u_072,WiFi Zone South,2026-09-02T17:38:00,2026-09-02T19:15:00,97,Wednesday,False
7399,u_120,Indoor Sports Complex,2026-09-02T17:47:00,2026-09-02T19:07:00,80,Wednesday,True
7394,u_118,Indoor Sports Complex,2026-09-02T17:50:00,2026-09-02T18:35:00,45,Wednesday,True
7444,u_145,Indoor Sports Complex,2026-09-02T17:50:00,2026-09-02T18:55:00,65,Wednesday,True
7383,u_111,Indoor Sports Complex,2026-09-02T17:51:00,2026-09-02T19:37:00,106,Wednesday,True
7448,u_148,Main Library,2026-09-02T17:51:00,2026-09-02T22:00:00,249,Wednesday,True
7402,u_121,Science Library,2026-09-02T17:53:00,2026-09-02T19:44:00,111,Wednesday,True
7440,u_144,Indoor Sports Complex,2026-09-02T17:54:00,2026-09-02T18:31:00,37,Wednesday,False
7248,u_027,Science Library,2026-09-02T17:55:00,2026-09-02T19:52:00,117,Wednesday,True
7238,u_024,Indoor Sports Complex,2026-09-02T17:58:00,2026-09-02T19:28:00,90,Wednesday,True
7281,u_042,Science Library,2026-09-02T17:58:00,2026-09-02T19:51:00,113,Wednesday,True
7334,u_078,Science Library,2026-09-02T17:58:00,2026-09-02T19:48:00,110,Wednesday,True
7260,u_032,Indoor Sports Complex,2026-09-02T18:00:00,2026-09-02T18:57:00,57,Wednesday,True
7474,u_163,Indoor Sports Complex,2026-09-02T18:00:00,2026-09-02T19:42:00,102,Wednesday,True
7484,u_167,Main Library,2026-09-02T18:00:00,2026-09-02T20:34:00,154,Wednesday,True
7329,u_075,Science Library,2026-09-02T18:03:00,2026-09-02T22:13:00,250,Wednesday,True
7366,u_101,Science Library,2026-09-02T18:03:00,2026-09-02T20:45:00,162,Wednesday,True
7297,u_051,Indoor Sports Complex,2026-09-02T18:04:00,2026-09-02T19:10:00,66,Wednesday,True
7442,u_144,Indoor Sports Complex,2026-09-02T18:04:00,2026-09-02T18:49:00,45,Wednesday,True
7265,u_034,Indoor Sports Complex,2026-09-02T18:05:00,2026-09-02T19:26:00,81,Wednesday,True
7284,u_043,Science Library,2026-09-02T18:05:00,2026-09-02T21:48:00,223,Wednesday,True
7261,u_033,Gymnasium,2026-09-02T18:07:00,2026-09-02T19:00:00,53,Wednesday,True
7504,u_182,Indoor Sports Complex,2026-09-02T18:08:00,2026-09-02T19:11:00,63,Wednesday,True
7409,u_124,Science Library,2026-09-02T18:11:00,2026-09-02T20:56:00,165,Wednesday,False
7439,u_143,Science Library,2026-09-02T18:13:00,2026-09-02T19:59:00,106,Wednesday,False
7532,u_195,Main Library,2026-09-02T18:13:00,2026-09-02T19:48:00,95,Wednesday,False
7479,u_165,Main Library,2026-09-02T18:14:00,2026-09-02T20:30:00,136,Wednesday,False
7251,u_028,Science Library,2026-09-02T18:22:00,2026-09-02T20:37:00,135,Wednesday,False
7380,u_109,Science Library,2026-09-02T18:24:00,2026-09-02T20:15:00,111,Wednesday,False
7466,u_159,Main Library,2026-09-02T18:35:00,2026-09-02T21:04:00,149,Wednesday,False
7502,u_181,Food Court,2026-09-02T18:40:00,2026-09-02T19:57:00,77,Wednesday,True
7338,u_080,Main Library,2026-09-02T18:42:00,2026-09-02T20:48:00,126,Wednesday,False
7407,u_124,Central Cafeteria,2026-09-02T18:42:00,2026-09-02T19:27:00,45,Wednesday,True
7495,u_176,Science Library,2026-09-02T18:42:00,2026-09-02T20:59:00,137,Wednesday,False
7299,u_052,Central Cafeteria,2026-09-02T18:43:00,2026-09-02T19:44:00,61,Wednesday,True
7271,u_038,Food Court,2026-09-02T18:45:00,2026-09-02T19:54:00,69,Wednesday,True
7339,u_081,Indoor Sports Complex,2026-09-02T18:46:00,2026-09-02T20:10:00,84,Wednesday,True
7450,u_150,Central Cafeteria,2026-09-02T18:47:00,2026-09-02T19:37:00,50,Wednesday,True
7229,u_020,Indoor Sports Complex,2026-09-02T18:48:00,2026-09-02T19:53:00,65,Wednesday,True
7303,u_055,Food Court,2026-09-02T18:49:00,2026-09-02T19:20:00,31,Wednesday,True
7266,u_035,Science Library,2026-09-02T18:50:00,2026-09-02T22:33:00,223,Wednesday,True
7304,u_055,Gymnasium,2026-09-02T18:51:00,2026-09-02T19:28:00,37,Wednesday,True
7240,u_025,Gymnasium,2026-09-02T18:53:00,2026-09-02T20:06:00,73,Wednesday,True
7361,u_098,Science Library,2026-09-02T18:53:00,2026-09-02T21:00:00,127,Wednesday,False
7460,u_156,Gymnasium,2026-09-02T18:53:00,2026-09-02T19:22:00,29,Wednesday,True
7264,u_034,Science Library,2026-09-02T18:54:00,2026-09-02T20:39:00,105,Wednesday,True
7515,u_188,Indoor Sports Complex,2026-09-02T18:55:00,2026-09-02T19:57:00,62,Wednesday,True
7473,u_162,Main Library,2026-09-02T18:57:00,2026-09-02T20:48:00,111,Wednesday,False
7291,u_047,Main Library,2026-09-02T18:58:00,2026-09-02T20:50:00,112,Wednesday,False
7428,u_137,Central Cafeteria,2026-09-02T18:58:00,2026-09-02T19:56:00,58,Wednesday,True
7204,u_004,Science Library,2026-09-02T18:59:00,2026-09-02T23:08:00,249,Wednesday,True
7223,u_017,Indoor Sports Complex,2026-09-02T18:59:00,2026-09-02T19:57:00,58,Wednesday,True
7278,u_041,Food Court,2026-09-02T19:00:00,2026-09-02T20:05:00,65,Wednesday,True
7384,u_112,Main Library,2026-09-02T19:00:00,2026-09-02T21:21:00,141,Wednesday,True
7415,u_128,Food Court,2026-09-02T19:00:00,2026-09-02T20:03:00,63,Wednesday,True
7489,u_172,Central Cafeteria,2026-09-02T19:00:00,2026-09-02T19:37:00,37,Wednesday,True
7199,u_001,Indoor Sports Complex,2026-09-02T19:01:00,2026-09-02T20:02:00,61,Wednesday,True
7412,u_126,Science Library,2026-09-02T19:01:00,2026-09-02T23:02:00,241,Wednesday,True
7499,u_177,Science Library,2026-09-02T19:01:00,2026-09-02T20:25:00,84,Wednesday,True
7280,u_042,Indoor Sports Complex,2026-09-02T19:02:00,2026-09-02T19:38:00,36,Wednesday,True
7269,u_037,Gymnasium,2026-09-02T19:03:00,2026-09-02T20:02:00,59,Wednesday,True
7270,u_038,Gymnasium,2026-09-02T19:04:00,2026-09-02T19:39:00,35,Wednesday,True
7293,u_049,Main Library,2026-09-02T19:04:00,2026-09-02T21:28:00,144,Wednesday,True
7469,u_161,Gymnasium,2026-09-02T19:04:00,2026-09-02T19:40:00,36,Wednesday,True
7256,u_030,Science Library,2026-09-02T19:05:00,2026-09-02T21:25:00,140,Wednesday,True
7508,u_183,Central Cafeteria,2026-09-02T19:05:00,2026-09-02T20:01:00,56,Wednesday,True
7233,u_022,Central Cafeteria,2026-09-02T19:06:00,2026-09-02T20:06:00,60,Wednesday,True
7244,u_026,Science Library,2026-09-02T19:07:00,2026-09-02T21:09:00,122,Wednesday,True
7307,u_057,Gymnasium,2026-09-02T19:07:00,2026-09-02T19:51:00,44,Wednesday,True
7200,u_002,Gymnasium,2026-09-02T19:09:00,2026-09-02T20:07:00,58,Wednesday,True
7263,u_033,Science Library,2026-09-02T19:10:00,2026-09-02T21:24:00,134,Wednesday,False
7441,u_144,Central Cafeteria,2026-09-02T19:11:00,2026-09-02T19:47:00,36,Wednesday,True
7210,u_007,Gymnasium,2026-09-02T19:12:00,2026-09-02T19:51:00,39,Wednesday,True
7317,u_064,Central Cafeteria,2026-09-02T19:13:00,2026-09-02T20:06:00,53,Wednesday,True
7521,u_191,Food Court,2026-09-02T19:13:00,2026-09-02T20:15:00,62,Wednesday,True
7309,u_059,Main Library,2026-09-02T19:17:00,2026-09-02T20:48:00,91,Wednesday,True
7429,u_137,Science Library,2026-09-02T19:17:00,2026-09-02T21:11:00,114,Wednesday,True
7486,u_170,Central Cafeteria,2026-09-02T19:17:00,2026-09-02T20:27:00,70,Wednesday,True
7227,u_019,Science Library,2026-09-02T19:19:00,2026-09-02T23:27:00,248,Wednesday,True
7230,u_020,Science Library,2026-09-02T19:19:00,2026-09-02T21:18:00,119,Wednesday,False
7327,u_072,Science Library,2026-09-02T19:20:00,2026-09-02T21:43:00,143,Wednesday,False
7333,u_078,Food Court,2026-09-02T19:22:00,2026-09-02T20:08:00,46,Wednesday,True
7356,u_094,Main Library,2026-09-02T19:29:00,2026-09-02T20:37:00,68,Wednesday,False
7235,u_023,Indoor Sports Complex,2026-09-02T19:30:00,2026-09-02T20:50:00,80,Wednesday,True
7541,u_200,Main Library,2026-09-02T19:31:00,2026-09-02T20:44:00,73,Wednesday,False
7219,u_014,Science Library,2026-09-02T19:43:00,2026-09-02T21:02:00,79,Wednesday,False
7379,u_108,Gymnasium,2026-09-02T19:44:00,2026-09-02T20:13:00,29,Wednesday,True
7417,u_129,Indoor Sports Complex,2026-09-02T19:47:00,2026-09-02T20:42:00,55,Wednesday,True
7336,u_079,Main Library,2026-09-02T19:48:00,2026-09-02T22:19:00,151,Wednesday,False
7432,u_138,Indoor Sports Complex,2026-09-02T19:51:00,2026-09-02T20:30:00,39,Wednesday,True
7482,u_166,Science Library,2026-09-02T19:51:00,2026-09-02T22:05:00,134,Wednesday,False
7533,u_196,Gymnasium,2026-09-02T19:54:00,2026-09-02T20:22:00,28,Wednesday,True
7395,u_118,Science Library,2026-09-02T19:55:00,2026-09-02T21:37:00,102,Wednesday,True
7523,u_191,Gymnasium,2026-09-02T19:56:00,2026-09-02T20:32:00,36,Wednesday,True
7388,u_114,Main Library,2026-09-02T19:57:00,2026-09-02T22:35:00,158,Wednesday,True
7206,u_004,Main Library,2026-09-02T19:58:00,2026-09-02T22:38:00,160,Wednesday,False
7398,u_119,Science Library,2026-09-02T19:59:00,2026-09-02T22:44:00,165,Wednesday,False
7323,u_070,Main Library,2026-09-02T20:02:00,2026-09-02T22:58:00,176,Wednesday,False
7378,u_107,Indoor Sports Complex,2026-09-02T20:04:00,2026-09-02T21:05:00,61,Wednesday,True
7514,u_188,Computer Lab A,2026-09-02T20:05:00,2026-09-02T21:04:00,59,Wednesday,False
7538,u_199,Science Library,2026-09-02T20:05:00,2026-09-02T22:33:00,148,Wednesday,False
7351,u_092,Gymnasium,2026-09-02T20:06:00,2026-09-02T20:44:00,38,Wednesday,True
7512,u_187,Science Library,2026-09-02T20:06:00,2026-09-02T21:52:00,106,Wednesday,True
7253,u_029,Main Library,2026-09-02T20:07:00,2026-09-02T22:10:00,123,Wednesday,True
7335,u_079,Main Library,2026-09-02T20:08:00,2026-09-02T21:52:00,104,Wednesday,True
7312,u_062,Science Library,2026-09-02T20:09:00,2026-09-02T22:39:00,150,Wednesday,True
7470,u_161,Main Library,2026-09-02T20:10:00,2026-09-02T21:15:00,65,Wednesday,True
7501,u_179,Science Library,2026-09-02T20:10:00,2026-09-02T22:43:00,153,Wednesday,False
7332,u_077,Main Library,2026-09-02T20:11:00,2026-09-02T22:13:00,122,Wednesday,False
7500,u_178,Science Library,2026-09-02T20:12:00,2026-09-02T21:53:00,101,Wednesday,False
7435,u_140,Computer Lab A,2026-09-02T20:16:00,2026-09-02T20:57:00,41,Wednesday,False
7363,u_099,Main Library,2026-09-02T20:21:00,2026-09-02T22:49:00,148,Wednesday,False
7476,u_163,Science Library,2026-09-02T20:27:00,2026-09-02T23:26:00,179,Wednesday,False
7243,u_025,Science Library,2026-09-02T20:30:00,2026-09-02T22:45:00,135,Wednesday,False
7347,u_088,Gymnasium,2026-09-02T20:39:00,2026-09-02T21:53:00,74,Wednesday,False
7437,u_140,Science Library,2026-09-02T20:40:00,2026-09-02T23:16:00,156,Wednesday,False
7287,u_046,Main Library,2026-09-02T20:42:00,2026-09-02T22:22:00,100,Wednesday,True
7282,u_043,Science Library,2026-09-02T20:46:00,2026-09-02T22:17:00,91,Wednesday,False
7224,u_017,Science Library,2026-09-02T20:50:00,2026-09-02T22:29:00,99,Wednesday,False
7477,u_164,Main Library,2026-09-02T20:54:00,2026-09-03T00:59:00,245,Wednesday,True
7346,u_087,Science Library,2026-09-02T20:56:00,2026-09-02T23:51:00,175,Wednesday,True
7518,u_189,WiFi Zone North,2026-09-02T20:56:00,2026-09-02T22:06:00,70,Wednesday,False
7302,u_054,Main Library,2026-09-02T20:57:00,2026-09-02T23:48:00,171,Wednesday,False
7492,u_174,Science Library,2026-09-02T20:57:00,2026-09-02T22:02:00,65,Wednesday,True
7516,u_188,Main Library,2026-09-02T20:59:00,2026-09-03T01:11:00,252,Wednesday,True
7292,u_048,Main Library,2026-09-02T21:02:00,2026-09-02T23:17:00,135,Wednesday,True
7207,u_005,Main Library,2026-09-02T21:08:00,2026-09-03T00:07:00,179,Wednesday,True
7406,u_124,Science Library,2026-09-02T21:09:00,2026-09-02T23:52:00,163,Wednesday,True
7373,u_105,Science Library,2026-09-02T21:13:00,2026-09-02T22:25:00,72,Wednesday,True
7202,u_003,Main Library,2026-09-02T21:18:00,2026-09-02T23:16:00,118,Wednesday,False
7313,u_062,Science Library,2026-09-02T21:20:00,2026-09-02T22:21:00,61,Wednesday,False
7517,u_188,Main Library,2026-09-02T21:22:00,2026-09-02T23:29:00,127,Wednesday,False
7214,u_009,Main Library,2026-09-02T21:24:00,2026-09-02T23:01:00,97,Wednesday,True
7286,u_044,Science Library,2026-09-02T21:24:00,2026-09-02T22:38:00,74,Wednesday,False
7390,u_115,Main Library,2026-09-02T21:25:00,2026-09-02T22:37:00,72,Wednesday,False
7239,u_024,Main Library,2026-09-02T21:39:00,2026-09-02T22:48:00,69,Wednesday,False
7236,u_023,Science Library,2026-09-02T21:42:00,2026-09-02T23:11:00,89,Wednesday,False
7275,u_040,Science Library,2026-09-02T21:42:00,2026-09-03T00:39:00,177,Wednesday,False
7401,u_120,Science Library,2026-09-02T21:49:00,2026-09-03T00:16:00,147,Wednesday,False
7306,u_056,Main Library,2026-09-02T21:58:00,2026-09-02T23:02:00,64,Wednesday,False
7446,u_146,Main Library,2026-09-02T22:04:00,2026-09-02T23:36:00,92,Wednesday,False
7357,u_095,Science Library,2026-09-02T22:09:00,2026-09-03T00:48:00,159,Wednesday,False
7348,u_089,Science Library,2026-09-02T22:12:00,2026-09-03T01:07:00,175,Wednesday,False
7376,u_106,Main Library,2026-09-02T22:13:00,2026-09-03T00:42:00,149,Wednesday,False
7520,u_190,Main Library,2026-09-02T22:20:00,2026-09-03T00:45:00,145,Wednesday,False
7246,u_026,Main Library,2026-09-02T22:27:00,2026-09-03T00:49:00,142,Wednesday,False
7418,u_129,Main Library,2026-09-02T22:31:00,2026-09-03T00:51:00,140,Wednesday,False
7431,u_137,Main Library,2026-09-02T22:42:00,2026-09-02T23:56:00,74,Wednesday,False
7212,u_008,Science Library,2026-09-02T22:48:00,2026-09-03T00:59:00,131,Wednesday,False
7723,u_103,Gymnasium,2026-09-03T05:42:00,2026-09-03T06:14:00,32,Thursday,True
7614,u_041,Indoor Sports Complex,2026-09-03T05:58:00,2026-09-03T07:10:00,72,Thursday,True
7879,u_186,Indoor Sports Complex,2026-09-03T05:59:00,2026-09-03T06:56:00,57,Thursday,True
7753,u_120,Gymnasium,2026-09-03T06:02:00,2026-09-03T07:18:00,76,Thursday,True
7799,u_143,Gymnasium,2026-09-03T06:02:00,2026-09-03T07:03:00,61,Thursday,True
7901,u_196,Indoor Sports Complex,2026-09-03T06:17:00,2026-09-03T08:07:00,110,Thursday,True
7891,u_194,Gymnasium,2026-09-03T06:53:00,2026-09-03T07:34:00,41,Thursday,True
7629,u_049,Indoor Sports Complex,2026-09-03T06:55:00,2026-09-03T08:36:00,101,Thursday,True
7896,u_195,Indoor Sports Complex,2026-09-03T06:58:00,2026-09-03T08:33:00,95,Thursday,True
7850,u_171,Indoor Sports Complex,2026-09-03T06:59:00,2026-09-03T08:00:00,61,Thursday,True
7651,u_062,Indoor Sports Complex,2026-09-03T07:00:00,2026-09-03T08:30:00,90,Thursday,True
7815,u_152,Indoor Sports Complex,2026-09-03T07:02:00,2026-09-03T08:39:00,97,Thursday,True
7633,u_050,Gymnasium,2026-09-03T07:03:00,2026-09-03T07:38:00,35,Thursday,True
7694,u_087,Gymnasium,2026-09-03T07:03:00,2026-09-03T07:39:00,36,Thursday,True
7857,u_175,Gymnasium,2026-09-03T07:07:00,2026-09-03T07:37:00,30,Thursday,True
7625,u_048,Indoor Sports Complex,2026-09-03T07:08:00,2026-09-03T08:12:00,64,Thursday,True
7568,u_017,Gymnasium,2026-09-03T07:53:00,2026-09-03T08:36:00,43,Thursday,True
7685,u_083,Indoor Sports Complex,2026-09-03T07:53:00,2026-09-03T08:46:00,53,Thursday,True
7833,u_161,Indoor Sports Complex,2026-09-03T07:54:00,2026-09-03T08:46:00,52,Thursday,True
7634,u_050,Indoor Sports Complex,2026-09-03T08:00:00,2026-09-03T09:20:00,80,Thursday,True
7778,u_132,Indoor Sports Complex,2026-09-03T08:00:00,2026-09-03T08:51:00,51,Thursday,True
7590,u_031,Indoor Sports Complex,2026-09-03T08:04:00,2026-09-03T09:51:00,107,Thursday,True
7749,u_119,Indoor Sports Complex,2026-09-03T08:05:00,2026-09-03T09:44:00,99,Thursday,True
7789,u_138,Gymnasium,2026-09-03T08:05:00,2026-09-03T09:10:00,65,Thursday,True
7760,u_123,Gymnasium,2026-09-03T08:06:00,2026-09-03T08:53:00,47,Thursday,True
7865,u_180,Gymnasium,2026-09-03T08:08:00,2026-09-03T09:02:00,54,Thursday,True
7699,u_090,Gymnasium,2026-09-03T08:12:00,2026-09-03T08:45:00,33,Thursday,True
7824,u_157,Gymnasium,2026-09-03T08:14:00,2026-09-03T09:26:00,72,Thursday,True
7746,u_117,Food Court,2026-09-03T08:20:00,2026-09-03T09:12:00,52,Thursday,True
7875,u_185,Central Cafeteria,2026-09-03T08:20:00,2026-09-03T09:00:00,40,Thursday,True
7666,u_070,Indoor Sports Complex,2026-09-03T08:22:00,2026-09-03T09:43:00,81,Thursday,True
7549,u_003,Food Court,2026-09-03T08:24:00,2026-09-03T09:22:00,58,Thursday,True
7718,u_100,Central Cafeteria,2026-09-03T08:24:00,2026-09-03T09:34:00,70,Thursday,True
7762,u_123,Central Cafeteria,2026-09-03T08:24:00,2026-09-03T08:48:00,24,Thursday,True
7562,u_014,Central Cafeteria,2026-09-03T08:25:00,2026-09-03T08:56:00,31,Thursday,True
7750,u_119,Food Court,2026-09-03T08:30:00,2026-09-03T09:20:00,50,Thursday,True
7902,u_196,Central Cafeteria,2026-09-03T08:31:00,2026-09-03T09:32:00,61,Thursday,True
7657,u_067,Central Cafeteria,2026-09-03T08:35:00,2026-09-03T09:35:00,60,Thursday,True
7822,u_155,Central Cafeteria,2026-09-03T08:35:00,2026-09-03T09:01:00,26,Thursday,True
7715,u_098,Food Court,2026-09-03T08:36:00,2026-09-03T09:40:00,64,Thursday,True
7774,u_130,Food Court,2026-09-03T08:37:00,2026-09-03T09:32:00,55,Thursday,True
7661,u_069,Central Cafeteria,2026-09-03T08:40:00,2026-09-03T09:39:00,59,Thursday,True
7729,u_106,Computer Lab A,2026-09-03T08:49:00,2026-09-03T09:46:00,57,Thursday,True
7572,u_021,Food Court,2026-09-03T08:51:00,2026-09-03T09:43:00,52,Thursday,True
7660,u_069,Computer Lab A,2026-09-03T08:51:00,2026-09-03T09:56:00,65,Thursday,True
7668,u_073,Computer Lab A,2026-09-03T08:51:00,2026-09-03T10:04:00,73,Thursday,True
7615,u_041,Computer Lab B,2026-09-03T08:52:00,2026-09-03T09:52:00,60,Thursday,True
7691,u_086,Student Center,2026-09-03T08:57:00,2026-09-03T10:16:00,79,Thursday,True
7754,u_120,Computer Lab A,2026-09-03T08:58:00,2026-09-03T10:01:00,63,Thursday,True
7821,u_155,Computer Lab B,2026-09-03T09:00:00,2026-09-03T10:05:00,65,Thursday,True
7564,u_015,Computer Lab A,2026-09-03T09:01:00,2026-09-03T10:07:00,66,Thursday,True
7783,u_135,Computer Lab A,2026-09-03T09:03:00,2026-09-03T10:11:00,68,Thursday,True
7671,u_074,Computer Lab B,2026-09-03T09:05:00,2026-09-03T10:32:00,87,Thursday,True
7869,u_183,Computer Lab A,2026-09-03T09:05:00,2026-09-03T10:54:00,109,Thursday,True
7830,u_161,Computer Lab B,2026-09-03T09:06:00,2026-09-03T10:36:00,90,Thursday,True
7868,u_182,Student Center,2026-09-03T09:10:00,2026-09-03T11:00:00,110,Thursday,True
7665,u_070,Student Center,2026-09-03T09:12:00,2026-09-03T10:14:00,62,Thursday,True
7792,u_140,Indoor Sports Complex,2026-09-03T09:27:00,2026-09-03T10:11:00,44,Thursday,False
7877,u_186,Food Court,2026-09-03T09:44:00,2026-09-03T10:04:00,20,Thursday,False
7573,u_021,Student Center,2026-09-03T09:50:00,2026-09-03T10:44:00,54,Thursday,True
7810,u_147,Gymnasium,2026-09-03T09:55:00,2026-09-03T10:51:00,56,Thursday,False
7600,u_035,Student Center,2026-09-03T09:58:00,2026-09-03T10:43:00,45,Thursday,True
7759,u_123,Central Cafeteria,2026-09-03T10:02:00,2026-09-03T10:52:00,50,Thursday,False
7672,u_076,Student Center,2026-09-03T10:03:00,2026-09-03T10:50:00,47,Thursday,True
7739,u_113,Computer Lab B,2026-09-03T10:03:00,2026-09-03T11:07:00,64,Thursday,True
7784,u_136,Computer Lab A,2026-09-03T10:03:00,2026-09-03T10:50:00,47,Thursday,True
7610,u_040,Student Center,2026-09-03T10:04:00,2026-09-03T10:58:00,54,Thursday,True
7552,u_006,Food Court,2026-09-03T10:06:00,2026-09-03T11:25:00,79,Thursday,False
7846,u_169,Student Center,2026-09-03T10:09:00,2026-09-03T11:40:00,91,Thursday,True
7546,u_002,Computer Lab B,2026-09-03T10:17:00,2026-09-03T11:56:00,99,Thursday,True
7698,u_090,Gymnasium,2026-09-03T10:20:00,2026-09-03T11:49:00,89,Thursday,False
7553,u_006,Computer Lab B,2026-09-03T10:49:00,2026-09-03T11:51:00,62,Thursday,True
7624,u_047,Student Center,2026-09-03T10:50:00,2026-09-03T11:55:00,65,Thursday,True
7575,u_022,Gymnasium,2026-09-03T10:52:00,2026-09-03T12:34:00,102,Thursday,False
7548,u_002,Student Center,2026-09-03T10:53:00,2026-09-03T12:06:00,73,Thursday,True
7820,u_154,Computer Lab A,2026-09-03T10:54:00,2026-09-03T11:50:00,56,Thursday,True
7588,u_029,Computer Lab A,2026-09-03T10:55:00,2026-09-03T11:52:00,57,Thursday,True
7782,u_134,Student Center,2026-09-03T10:55:00,2026-09-03T11:42:00,47,Thursday,True
7738,u_113,Student Center,2026-09-03T11:00:00,2026-09-03T12:15:00,75,Thursday,True
7898,u_196,Computer Lab A,2026-09-03T11:00:00,2026-09-03T11:41:00,41,Thursday,True
7827,u_157,Computer Lab B,2026-09-03T11:02:00,2026-09-03T12:51:00,109,Thursday,True
7745,u_117,Computer Lab A,2026-09-03T11:05:00,2026-09-03T12:25:00,80,Thursday,True
7768,u_127,Student Center,2026-09-03T11:06:00,2026-09-03T12:38:00,92,Thursday,True
7866,u_180,Student Center,2026-09-03T11:06:00,2026-09-03T11:42:00,36,Thursday,True
7852,u_173,Computer Lab A,2026-09-03T11:11:00,2026-09-03T11:53:00,42,Thursday,True
7561,u_012,Student Center,2026-09-03T11:15:00,2026-09-03T12:31:00,76,Thursday,True
7849,u_171,Computer Lab B,2026-09-03T11:30:00,2026-09-03T12:25:00,55,Thursday,True
7710,u_097,Computer Lab A,2026-09-03T11:37:00,2026-09-03T13:14:00,97,Thursday,True
7903,u_197,Computer Lab B,2026-09-03T11:47:00,2026-09-03T13:03:00,76,Thursday,True
7747,u_117,Student Center,2026-09-03T11:56:00,2026-09-03T13:25:00,89,Thursday,True
7884,u_190,Student Center,2026-09-03T11:57:00,2026-09-03T13:45:00,108,Thursday,True
7840,u_166,Student Center,2026-09-03T11:59:00,2026-09-03T13:04:00,65,Thursday,True
7659,u_068,Computer Lab B,2026-09-03T12:00:00,2026-09-03T13:27:00,87,Thursday,True
7780,u_134,Computer Lab A,2026-09-03T12:00:00,2026-09-03T12:53:00,53,Thursday,True
7874,u_185,Student Center,2026-09-03T12:00:00,2026-09-03T13:16:00,76,Thursday,True
7805,u_145,Student Center,2026-09-03T12:02:00,2026-09-03T12:42:00,40,Thursday,True
7764,u_124,Student Center,2026-09-03T12:05:00,2026-09-03T12:55:00,50,Thursday,True
7567,u_017,Student Center,2026-09-03T12:09:00,2026-09-03T13:53:00,104,Thursday,True
7707,u_094,Computer Lab B,2026-09-03T12:14:00,2026-09-03T13:29:00,75,Thursday,True
7647,u_060,Food Court,2026-09-03T12:17:00,2026-09-03T13:01:00,44,Thursday,True
7825,u_157,Central Cafeteria,2026-09-03T12:18:00,2026-09-03T12:50:00,32,Thursday,True
7818,u_153,Food Court,2026-09-03T12:19:00,2026-09-03T13:09:00,50,Thursday,True
7904,u_197,Central Cafeteria,2026-09-03T12:21:00,2026-09-03T13:27:00,66,Thursday,True
7817,u_152,Food Court,2026-09-03T12:24:00,2026-09-03T13:34:00,70,Thursday,True
7842,u_168,Central Cafeteria,2026-09-03T12:25:00,2026-09-03T13:25:00,60,Thursday,True
7581,u_025,Food Court,2026-09-03T12:27:00,2026-09-03T13:40:00,73,Thursday,True
7838,u_165,Central Cafeteria,2026-09-03T12:29:00,2026-09-03T13:42:00,73,Thursday,True
7883,u_190,Central Cafeteria,2026-09-03T12:29:00,2026-09-03T13:13:00,44,Thursday,True
7751,u_120,Food Court,2026-09-03T12:30:00,2026-09-03T13:14:00,44,Thursday,True
7781,u_134,Food Court,2026-09-03T12:30:00,2026-09-03T13:34:00,64,Thursday,True
7785,u_137,Food Court,2026-09-03T12:30:00,2026-09-03T13:15:00,45,Thursday,True
7861,u_178,Central Cafeteria,2026-09-03T12:30:00,2026-09-03T13:21:00,51,Thursday,True
7670,u_074,Food Court,2026-09-03T12:31:00,2026-09-03T12:53:00,22,Thursday,True
7873,u_185,Food Court,2026-09-03T12:31:00,2026-09-03T13:41:00,70,Thursday,True
7646,u_059,Central Cafeteria,2026-09-03T12:34:00,2026-09-03T13:07:00,33,Thursday,True
7725,u_105,Food Court,2026-09-03T12:36:00,2026-09-03T13:00:00,24,Thursday,True
7864,u_180,Food Court,2026-09-03T12:41:00,2026-09-03T13:37:00,56,Thursday,True
7559,u_011,Food Court,2026-09-03T12:43:00,2026-09-03T13:13:00,30,Thursday,True
7844,u_169,Computer Lab A,2026-09-03T12:44:00,2026-09-03T13:34:00,50,Thursday,True
7839,u_165,Computer Lab B,2026-09-03T12:47:00,2026-09-03T13:49:00,62,Thursday,True
7683,u_081,Computer Lab A,2026-09-03T12:49:00,2026-09-03T14:38:00,109,Thursday,True
7639,u_054,Central Cafeteria,2026-09-03T12:51:00,2026-09-03T13:37:00,46,Thursday,False
7667,u_072,Computer Lab B,2026-09-03T12:53:00,2026-09-03T14:29:00,96,Thursday,True
7705,u_093,Food Court,2026-09-03T12:54:00,2026-09-03T13:48:00,54,Thursday,True
7816,u_152,Computer Lab A,2026-09-03T12:57:00,2026-09-03T13:48:00,51,Thursday,True
7732,u_109,Computer Lab B,2026-09-03T12:58:00,2026-09-03T13:48:00,50,Thursday,True
7809,u_146,Computer Lab A,2026-09-03T13:00:00,2026-09-03T13:43:00,43,Thursday,True
7834,u_162,Central Cafeteria,2026-09-03T13:00:00,2026-09-03T13:55:00,55,Thursday,True
7855,u_175,Student Center,2026-09-03T13:00:00,2026-09-03T13:50:00,50,Thursday,True
7893,u_194,Student Center,2026-09-03T13:02:00,2026-09-03T13:53:00,51,Thursday,True
7679,u_079,Computer Lab A,2026-09-03T13:04:00,2026-09-03T13:42:00,38,Thursday,True
7733,u_109,Computer Lab A,2026-09-03T13:04:00,2026-09-03T13:57:00,53,Thursday,True
7814,u_151,Computer Lab B,2026-09-03T13:04:00,2026-09-03T14:01:00,57,Thursday,True
7872,u_185,Indoor Sports Complex,2026-09-03T13:04:00,2026-09-03T13:20:00,16,Thursday,False
7890,u_193,Computer Lab B,2026-09-03T13:05:00,2026-09-03T13:42:00,37,Thursday,True
7690,u_086,Computer Lab B,2026-09-03T13:08:00,2026-09-03T14:27:00,79,Thursday,True
7593,u_033,Computer Lab B,2026-09-03T13:09:00,2026-09-03T14:50:00,101,Thursday,True
7740,u_113,Computer Lab A,2026-09-03T13:11:00,2026-09-03T14:46:00,95,Thursday,True
7727,u_106,Student Center,2026-09-03T13:14:00,2026-09-03T14:53:00,99,Thursday,True
7735,u_110,Computer Lab A,2026-09-03T13:41:00,2026-09-03T14:53:00,72,Thursday,True
7704,u_093,Computer Lab B,2026-09-03T13:49:00,2026-09-03T15:04:00,75,Thursday,True
7557,u_009,Student Center,2026-09-03T13:52:00,2026-09-03T15:19:00,87,Thursday,True
7776,u_131,Student Center,2026-09-03T13:55:00,2026-09-03T15:02:00,67,Thursday,True
7909,u_199,Computer Lab A,2026-09-03T13:56:00,2026-09-03T15:31:00,95,Thursday,True
7794,u_141,Computer Lab A,2026-09-03T13:57:00,2026-09-03T14:40:00,43,Thursday,True
7658,u_067,Student Center,2026-09-03T14:00:00,2026-09-03T14:52:00,52,Thursday,True
7648,u_061,Computer Lab A,2026-09-03T14:02:00,2026-09-03T14:45:00,43,Thursday,True
7769,u_128,Computer Lab A,2026-09-03T14:02:00,2026-09-03T15:06:00,64,Thursday,True
7544,u_001,Student Center,2026-09-03T14:04:00,2026-09-03T15:27:00,83,Thursday,True
7761,u_123,Student Center,2026-09-03T14:04:00,2026-09-03T15:41:00,97,Thursday,True
7673,u_076,Computer Lab A,2026-09-03T14:14:00,2026-09-03T14:51:00,37,Thursday,True
7771,u_129,Student Center,2026-09-03T14:14:00,2026-09-03T14:31:00,17,Thursday,False
7603,u_036,Student Center,2026-09-03T14:15:00,2026-09-03T15:02:00,47,Thursday,True
7566,u_016,Computer Lab A,2026-09-03T14:17:00,2026-09-03T15:09:00,52,Thursday,True
7886,u_191,Computer Lab B,2026-09-03T14:19:00,2026-09-03T15:06:00,47,Thursday,True
7851,u_172,Computer Lab B,2026-09-03T14:52:00,2026-09-03T15:29:00,37,Thursday,True
7542,u_001,Computer Lab B,2026-09-03T14:53:00,2026-09-03T16:34:00,101,Thursday,True
7616,u_041,Computer Lab A,2026-09-03T14:53:00,2026-09-03T16:02:00,69,Thursday,True
7709,u_096,Student Center,2026-09-03T14:58:00,2026-09-03T16:39:00,101,Thursday,True
7775,u_131,Computer Lab B,2026-09-03T15:00:00,2026-09-03T16:02:00,62,Thursday,True
7623,u_047,Computer Lab A,2026-09-03T15:01:00,2026-09-03T15:56:00,55,Thursday,True
7907,u_199,Student Center,2026-09-03T15:01:00,2026-09-03T15:55:00,54,Thursday,True
7556,u_009,Computer Lab A,2026-09-03T15:09:00,2026-09-03T16:24:00,75,Thursday,False
7894,u_194,Computer Lab B,2026-09-03T15:11:00,2026-09-03T16:17:00,66,Thursday,True
7693,u_087,Student Center,2026-09-03T15:13:00,2026-09-03T16:01:00,48,Thursday,True
7644,u_058,Computer Lab B,2026-09-03T15:15:00,2026-09-03T16:06:00,51,Thursday,True
7766,u_126,Computer Lab B,2026-09-03T15:39:00,2026-09-03T16:17:00,38,Thursday,True
7655,u_066,Main Library,2026-09-03T15:47:00,2026-09-03T17:11:00,84,Thursday,True
7602,u_036,Main Library,2026-09-03T15:48:00,2026-09-03T19:57:00,249,Thursday,True
7752,u_120,Student Center,2026-09-03T15:49:00,2026-09-03T17:18:00,89,Thursday,True
7595,u_033,Student Center,2026-09-03T15:52:00,2026-09-03T17:28:00,96,Thursday,True
7806,u_145,Main Library,2026-09-03T15:52:00,2026-09-03T16:58:00,66,Thursday,True
7856,u_175,Main Library,2026-09-03T15:54:00,2026-09-03T18:28:00,154,Thursday,True
7558,u_010,Science Library,2026-09-03T15:55:00,2026-09-03T18:53:00,178,Thursday,True
7871,u_184,Main Library,2026-09-03T15:58:00,2026-09-03T19:46:00,228,Thursday,True
7626,u_048,Student Center,2026-09-03T15:59:00,2026-09-03T17:19:00,80,Thursday,True
7664,u_070,Main Library,2026-09-03T15:59:00,2026-09-03T17:23:00,84,Thursday,True
7584,u_026,Computer Lab B,2026-09-03T16:00:00,2026-09-03T17:47:00,107,Thursday,True
7630,u_049,Computer Lab A,2026-09-03T16:00:00,2026-09-03T17:09:00,69,Thursday,True
7688,u_085,Student Center,2026-09-03T16:00:00,2026-09-03T17:13:00,73,Thursday,True
7908,u_199,Science Library,2026-09-03T16:01:00,2026-09-03T17:30:00,89,Thursday,True
7900,u_196,Science Library,2026-09-03T16:02:00,2026-09-03T18:57:00,175,Thursday,True
7803,u_144,Student Center,2026-09-03T16:03:00,2026-09-03T17:04:00,61,Thursday,True
7589,u_029,Science Library,2026-09-03T16:04:00,2026-09-03T18:15:00,131,Thursday,True
7841,u_167,Student Center,2026-09-03T16:05:00,2026-09-03T16:51:00,46,Thursday,True
7607,u_039,Main Library,2026-09-03T16:06:00,2026-09-03T17:50:00,104,Thursday,True
7812,u_150,Main Library,2026-09-03T16:06:00,2026-09-03T18:26:00,140,Thursday,True
7813,u_151,Computer Lab A,2026-09-03T16:07:00,2026-09-03T16:49:00,42,Thursday,False
7795,u_142,Main Library,2026-09-03T16:08:00,2026-09-03T17:40:00,92,Thursday,True
7569,u_017,Main Library,2026-09-03T16:09:00,2026-09-03T20:23:00,254,Thursday,True
7689,u_085,Science Library,2026-09-03T16:09:00,2026-09-03T17:56:00,107,Thursday,True
7854,u_175,Computer Lab B,2026-09-03T16:11:00,2026-09-03T16:49:00,38,Thursday,True
7555,u_007,Computer Lab A,2026-09-03T16:12:00,2026-09-03T17:46:00,94,Thursday,True
7687,u_084,Science Library,2026-09-03T16:12:00,2026-09-03T17:43:00,91,Thursday,True
7554,u_007,Science Library,2026-09-03T16:18:00,2026-09-03T18:41:00,143,Thursday,True
7594,u_033,Indoor Sports Complex,2026-09-03T16:47:00,2026-09-03T18:07:00,80,Thursday,True
7848,u_170,Gymnasium,2026-09-03T16:51:00,2026-09-03T17:37:00,46,Thursday,True
7876,u_185,Science Library,2026-09-03T16:53:00,2026-09-03T21:03:00,250,Thursday,True
7788,u_137,Main Library,2026-09-03T16:55:00,2026-09-03T19:38:00,163,Thursday,True
7620,u_044,Indoor Sports Complex,2026-09-03T16:57:00,2026-09-03T18:06:00,69,Thursday,True
7730,u_107,Main Library,2026-09-03T16:58:00,2026-09-03T18:49:00,111,Thursday,True
7701,u_092,Indoor Sports Complex,2026-09-03T17:00:00,2026-09-03T18:25:00,85,Thursday,True
7576,u_022,Indoor Sports Complex,2026-09-03T17:01:00,2026-09-03T17:44:00,43,Thursday,True
7636,u_051,Science Library,2026-09-03T17:02:00,2026-09-03T20:48:00,226,Thursday,True
7892,u_194,Main Library,2026-09-03T17:04:00,2026-09-03T18:20:00,76,Thursday,True
7640,u_054,Main Library,2026-09-03T17:05:00,2026-09-03T18:12:00,67,Thursday,True
7793,u_141,Main Library,2026-09-03T17:05:00,2026-09-03T21:01:00,236,Thursday,True
7870,u_183,Science Library,2026-09-03T17:05:00,2026-09-03T19:15:00,130,Thursday,True
7565,u_016,Computer Lab A,2026-09-03T17:06:00,2026-09-03T18:26:00,80,Thursday,False
7643,u_058,Science Library,2026-09-03T17:07:00,2026-09-03T18:28:00,81,Thursday,True
7724,u_105,Computer Lab A,2026-09-03T17:08:00,2026-09-03T18:25:00,77,Thursday,False
7717,u_099,Main Library,2026-09-03T17:14:00,2026-09-03T18:29:00,75,Thursday,True
7609,u_039,Science Library,2026-09-03T17:17:00,2026-09-03T21:24:00,247,Thursday,True
7678,u_079,Gymnasium,2026-09-03T17:27:00,2026-09-03T18:52:00,85,Thursday,False
7713,u_098,Indoor Sports Complex,2026-09-03T17:40:00,2026-09-03T19:23:00,103,Thursday,True
7592,u_033,Central Cafeteria,2026-09-03T17:46:00,2026-09-03T18:57:00,71,Thursday,False
7706,u_094,Science Library,2026-09-03T17:47:00,2026-09-03T21:37:00,230,Thursday,True
7804,u_145,Indoor Sports Complex,2026-09-03T17:47:00,2026-09-03T19:00:00,73,Thursday,True
7611,u_040,Gymnasium,2026-09-03T17:48:00,2026-09-03T18:27:00,39,Thursday,True
7736,u_111,Indoor Sports Complex,2026-09-03T17:54:00,2026-09-03T19:17:00,83,Thursday,True
7807,u_145,Science Library,2026-09-03T17:55:00,2026-09-03T20:37:00,162,Thursday,True
7579,u_024,Indoor Sports Complex,2026-09-03T17:57:00,2026-09-03T19:23:00,86,Thursday,True
7608,u_039,Gymnasium,2026-09-03T17:57:00,2026-09-03T18:30:00,33,Thursday,True
7677,u_078,Science Library,2026-09-03T17:57:00,2026-09-03T19:48:00,111,Thursday,True
7867,u_182,Indoor Sports Complex,2026-09-03T17:58:00,2026-09-03T18:35:00,37,Thursday,True
7613,u_040,Indoor Sports Complex,2026-09-03T17:59:00,2026-09-03T19:18:00,79,Thursday,True
7772,u_129,Gymnasium,2026-09-03T18:00:00,2026-09-03T18:34:00,34,Thursday,True
7798,u_143,Main Library,2026-09-03T18:00:00,2026-09-03T19:32:00,92,Thursday,True
7560,u_012,Indoor Sports Complex,2026-09-03T18:01:00,2026-09-03T19:15:00,74,Thursday,False
7618,u_043,Science Library,2026-09-03T18:01:00,2026-09-03T21:55:00,234,Thursday,True
7719,u_100,Science Library,2026-09-03T18:01:00,2026-09-03T19:59:00,118,Thursday,True
7638,u_053,Gymnasium,2026-09-03T18:02:00,2026-09-03T19:09:00,67,Thursday,True
7721,u_101,Science Library,2026-09-03T18:02:00,2026-09-03T20:53:00,171,Thursday,True
7551,u_004,Gymnasium,2026-09-03T18:03:00,2026-09-03T19:16:00,73,Thursday,True
7748,u_118,Indoor Sports Complex,2026-09-03T18:03:00,2026-09-03T18:40:00,37,Thursday,True
7765,u_126,Indoor Sports Complex,2026-09-03T18:04:00,2026-09-03T18:42:00,38,Thursday,True
7737,u_112,Science Library,2026-09-03T18:17:00,2026-09-03T20:38:00,141,Thursday,False
7563,u_014,Main Library,2026-09-03T18:23:00,2026-09-03T21:18:00,175,Thursday,False
7791,u_138,Main Library,2026-09-03T18:35:00,2026-09-03T19:36:00,61,Thursday,False
7628,u_049,Central Cafeteria,2026-09-03T18:39:00,2026-09-03T19:24:00,45,Thursday,True
7700,u_090,Indoor Sports Complex,2026-09-03T18:39:00,2026-09-03T19:59:00,80,Thursday,True
7606,u_038,Main Library,2026-09-03T18:42:00,2026-09-03T21:26:00,164,Thursday,False
7787,u_137,Science Library,2026-09-03T18:42:00,2026-09-03T20:52:00,130,Thursday,True
7716,u_099,Gymnasium,2026-09-03T18:43:00,2026-09-03T20:28:00,105,Thursday,False
7744,u_115,Science Library,2026-09-03T18:43:00,2026-09-03T20:12:00,89,Thursday,False
7632,u_049,Main Library,2026-09-03T18:44:00,2026-09-03T21:42:00,178,Thursday,True
7906,u_199,Gymnasium,2026-09-03T18:47:00,2026-09-03T19:58:00,71,Thursday,True
7722,u_102,Central Cafeteria,2026-09-03T18:48:00,2026-09-03T19:33:00,45,Thursday,True
7786,u_137,Central Cafeteria,2026-09-03T18:49:00,2026-09-03T19:40:00,51,Thursday,True
7645,u_058,Food Court,2026-09-03T18:51:00,2026-09-03T19:46:00,55,Thursday,True
7681,u_081,Main Library,2026-09-03T18:51:00,2026-09-03T20:40:00,109,Thursday,True
7779,u_133,Main Library,2026-09-03T18:51:00,2026-09-03T20:37:00,106,Thursday,True
7845,u_169,Main Library,2026-09-03T18:51:00,2026-09-03T21:42:00,171,Thursday,True
7653,u_064,Central Cafeteria,2026-09-03T18:52:00,2026-09-03T20:01:00,69,Thursday,True
7631,u_049,Science Library,2026-09-03T18:54:00,2026-09-03T21:54:00,180,Thursday,True
7654,u_065,Main Library,2026-09-03T18:55:00,2026-09-03T20:27:00,92,Thursday,True
7662,u_069,Main Library,2026-09-03T18:55:00,2026-09-03T21:28:00,153,Thursday,True
7881,u_188,Food Court,2026-09-03T18:56:00,2026-09-03T19:53:00,57,Thursday,True
7578,u_023,Central Cafeteria,2026-09-03T18:57:00,2026-09-03T19:36:00,39,Thursday,True
7642,u_055,Gymnasium,2026-09-03T18:59:00,2026-09-03T19:44:00,45,Thursday,True
7649,u_061,Food Court,2026-09-03T18:59:00,2026-09-03T20:02:00,63,Thursday,True
7823,u_156,Gymnasium,2026-09-03T18:59:00,2026-09-03T19:42:00,43,Thursday,True
7882,u_189,Gymnasium,2026-09-03T18:59:00,2026-09-03T19:55:00,56,Thursday,True
7583,u_026,Central Cafeteria,2026-09-03T19:00:00,2026-09-03T19:23:00,23,Thursday,True
7605,u_038,Food Court,2026-09-03T19:00:00,2026-09-03T20:12:00,72,Thursday,True
7641,u_055,Food Court,2026-09-03T19:00:00,2026-09-03T19:47:00,47,Thursday,True
7692,u_086,Science Library,2026-09-03T19:00:00,2026-09-03T21:56:00,176,Thursday,False
7756,u_121,Indoor Sports Complex,2026-09-03T19:00:00,2026-09-03T20:03:00,63,Thursday,True
7862,u_178,Food Court,2026-09-03T19:00:00,2026-09-03T19:38:00,38,Thursday,True
7543,u_001,Indoor Sports Complex,2026-09-03T19:01:00,2026-09-03T19:39:00,38,Thursday,True
7550,u_004,Central Cafeteria,2026-09-03T19:01:00,2026-09-03T19:41:00,40,Thursday,True
7811,u_150,Central Cafeteria,2026-09-03T19:01:00,2026-09-03T19:43:00,42,Thursday,True
7858,u_176,Gymnasium,2026-09-03T19:01:00,2026-09-03T19:43:00,42,Thursday,True
7885,u_191,Food Court,2026-09-03T19:01:00,2026-09-03T19:41:00,40,Thursday,True
7757,u_122,Central Cafeteria,2026-09-03T19:02:00,2026-09-03T19:57:00,55,Thursday,True
7878,u_186,Main Library,2026-09-03T19:02:00,2026-09-03T20:23:00,81,Thursday,True
7582,u_025,Main Library,2026-09-03T19:03:00,2026-09-03T21:31:00,148,Thursday,False
7777,u_131,Main Library,2026-09-03T19:03:00,2026-09-03T23:23:00,260,Thursday,True
7847,u_170,Central Cafeteria,2026-09-03T19:03:00,2026-09-03T20:22:00,79,Thursday,True
7597,u_034,Central Cafeteria,2026-09-03T19:04:00,2026-09-03T20:45:00,101,Thursday,False
7676,u_078,Indoor Sports Complex,2026-09-03T19:04:00,2026-09-03T20:47:00,103,Thursday,True
7682,u_081,Indoor Sports Complex,2026-09-03T19:04:00,2026-09-03T20:54:00,110,Thursday,True
7831,u_161,Gymnasium,2026-09-03T19:04:00,2026-09-03T19:33:00,29,Thursday,True
7859,u_176,Food Court,2026-09-03T19:04:00,2026-09-03T20:19:00,75,Thursday,True
7601,u_036,Food Court,2026-09-03T19:07:00,2026-09-03T20:19:00,72,Thursday,True
7797,u_142,Science Library,2026-09-03T19:07:00,2026-09-03T20:33:00,86,Thursday,False
7637,u_052,Central Cafeteria,2026-09-03T19:08:00,2026-09-03T19:54:00,46,Thursday,True
7621,u_044,Science Library,2026-09-03T19:09:00,2026-09-03T22:00:00,171,Thursday,False
7669,u_073,Central Cafeteria,2026-09-03T19:09:00,2026-09-03T20:02:00,53,Thursday,True
7547,u_002,Gymnasium,2026-09-03T19:10:00,2026-09-03T20:23:00,73,Thursday,True
7708,u_095,Science Library,2026-09-03T19:10:00,2026-09-03T21:22:00,132,Thursday,True
7832,u_161,Food Court,2026-09-03T19:10:00,2026-09-03T20:29:00,79,Thursday,True
7853,u_174,Indoor Sports Complex,2026-09-03T19:10:00,2026-09-03T20:38:00,88,Thursday,True
7617,u_042,Food Court,2026-09-03T19:11:00,2026-09-03T19:55:00,44,Thursday,True
7570,u_017,Indoor Sports Complex,2026-09-03T19:12:00,2026-09-03T20:13:00,61,Thursday,True
7675,u_078,Food Court,2026-09-03T19:13:00,2026-09-03T19:49:00,36,Thursday,True
7801,u_144,Central Cafeteria,2026-09-03T19:13:00,2026-09-03T19:48:00,35,Thursday,True
7714,u_098,Science Library,2026-09-03T19:15:00,2026-09-03T20:49:00,94,Thursday,True
7773,u_129,Science Library,2026-09-03T19:20:00,2026-09-03T21:02:00,102,Thursday,True
7819,u_153,Main Library,2026-09-03T19:22:00,2026-09-03T21:20:00,118,Thursday,False
7828,u_157,Science Library,2026-09-03T19:32:00,2026-09-03T21:52:00,140,Thursday,False
7574,u_021,Science Library,2026-09-03T19:37:00,2026-09-03T20:52:00,75,Thursday,False
7587,u_029,Main Library,2026-09-03T19:38:00,2026-09-03T21:40:00,122,Thursday,True
7586,u_028,Main Library,2026-09-03T19:39:00,2026-09-03T22:06:00,147,Thursday,False
7826,u_157,Science Library,2026-09-03T19:41:00,2026-09-03T22:00:00,139,Thursday,True
7741,u_114,Main Library,2026-09-03T19:49:00,2026-09-03T22:25:00,156,Thursday,True
7743,u_114,Science Library,2026-09-03T19:50:00,2026-09-03T21:19:00,89,Thursday,False
7598,u_034,Main Library,2026-09-03T19:53:00,2026-09-03T23:39:00,226,Thursday,True
7802,u_144,Main Library,2026-09-03T19:53:00,2026-09-03T22:09:00,136,Thursday,True
7899,u_196,Gymnasium,2026-09-03T19:54:00,2026-09-03T20:26:00,32,Thursday,True
7728,u_106,Gymnasium,2026-09-03T19:55:00,2026-09-03T20:39:00,44,Thursday,True
7829,u_159,Science Library,2026-09-03T20:00:00,2026-09-03T22:54:00,174,Thursday,True
7604,u_036,Main Library,2026-09-03T20:01:00,2026-09-03T22:50:00,169,Thursday,False
7767,u_127,Main Library,2026-09-03T20:01:00,2026-09-03T22:47:00,166,Thursday,True
7612,u_040,Main Library,2026-09-03T20:03:00,2026-09-03T22:54:00,171,Thursday,True
7703,u_093,WiFi Zone North,2026-09-03T20:03:00,2026-09-03T20:45:00,42,Thursday,False
7863,u_179,Indoor Sports Complex,2026-09-03T20:03:00,2026-09-03T20:52:00,49,Thursday,True
7720,u_101,Main Library,2026-09-03T20:08:00,2026-09-03T22:31:00,143,Thursday,True
7577,u_023,Indoor Sports Complex,2026-09-03T20:09:00,2026-09-03T21:04:00,55,Thursday,True
7897,u_195,Main Library,2026-09-03T20:12:00,2026-09-03T22:21:00,129,Thursday,False
7627,u_048,Gymnasium,2026-09-03T20:14:00,2026-09-03T20:49:00,35,Thursday,True
7711,u_097,Main Library,2026-09-03T20:15:00,2026-09-03T22:38:00,143,Thursday,True
7758,u_122,Gymnasium,2026-09-03T20:15:00,2026-09-03T21:32:00,77,Thursday,True
7790,u_138,Indoor Sports Complex,2026-09-03T20:18:00,2026-09-03T21:11:00,53,Thursday,True
7800,u_143,Main Library,2026-09-03T20:19:00,2026-09-03T22:05:00,106,Thursday,False
7596,u_033,Science Library,2026-09-03T20:20:00,2026-09-03T22:39:00,139,Thursday,False
7887,u_191,Gymnasium,2026-09-03T20:21:00,2026-09-03T21:07:00,46,Thursday,True
7731,u_107,Science Library,2026-09-03T20:28:00,2026-09-03T22:31:00,123,Thursday,False
7619,u_043,Main Library,2026-09-03T20:34:00,2026-09-03T22:22:00,108,Thursday,False
7652,u_062,Science Library,2026-09-03T20:39:00,2026-09-03T22:57:00,138,Thursday,False
7656,u_066,Science Library,2026-09-03T20:43:00,2026-09-03T23:15:00,152,Thursday,False
7697,u_089,Science Library,2026-09-03T20:43:00,2026-09-03T22:53:00,130,Thursday,True
7843,u_168,Main Library,2026-09-03T20:43:00,2026-09-03T22:33:00,110,Thursday,False
7888,u_191,Science Library,2026-09-03T20:49:00,2026-09-03T23:12:00,143,Thursday,True
7880,u_188,Main Library,2026-09-03T20:51:00,2026-09-04T00:55:00,244,Thursday,True
7742,u_114,Science Library,2026-09-03T20:52:00,2026-09-03T22:12:00,80,Thursday,True
7836,u_164,Main Library,2026-09-03T20:52:00,2026-09-04T00:43:00,231,Thursday,True
7571,u_018,Science Library,2026-09-03T20:54:00,2026-09-04T01:07:00,253,Thursday,True
7674,u_077,Main Library,2026-09-03T20:54:00,2026-09-04T00:58:00,244,Thursday,True
7734,u_109,Main Library,2026-09-03T20:55:00,2026-09-03T22:49:00,114,Thursday,True
7796,u_142,Science Library,2026-09-03T20:55:00,2026-09-03T22:46:00,111,Thursday,True
7763,u_124,Science Library,2026-09-03T21:00:00,2026-09-03T23:54:00,174,Thursday,True
7837,u_164,Science Library,2026-09-03T21:06:00,2026-09-03T23:55:00,169,Thursday,False
7599,u_034,Main Library,2026-09-03T21:09:00,2026-09-03T23:52:00,163,Thursday,False
7591,u_031,Main Library,2026-09-03T21:11:00,2026-09-03T22:22:00,71,Thursday,False
7622,u_046,Main Library,2026-09-03T21:11:00,2026-09-03T23:42:00,151,Thursday,False
7695,u_087,Science Library,2026-09-03T21:11:00,2026-09-03T22:15:00,64,Thursday,False
7889,u_192,Main Library,2026-09-03T21:12:00,2026-09-03T23:45:00,153,Thursday,False
7635,u_051,Main Library,2026-09-03T21:13:00,2026-09-04T01:30:00,257,Thursday,True
7860,u_176,Main Library,2026-09-03T21:22:00,2026-09-04T00:11:00,169,Thursday,False
7895,u_194,Main Library,2026-09-03T21:34:00,2026-09-03T23:52:00,138,Thursday,False
7726,u_105,Main Library,2026-09-03T21:41:00,2026-09-03T23:43:00,122,Thursday,False
7770,u_128,Main Library,2026-09-03T21:50:00,2026-09-04T00:10:00,140,Thursday,False
7663,u_069,Main Library,2026-09-03T21:52:00,2026-09-03T23:06:00,74,Thursday,False
7580,u_024,Science Library,2026-09-03T21:53:00,2026-09-04T00:26:00,153,Thursday,False
7650,u_061,Science Library,2026-09-03T21:53:00,2026-09-03T22:59:00,66,Thursday,False
7680,u_079,Science Library,2026-09-03T22:10:00,2026-09-03T23:26:00,76,Thursday,False
7545,u_001,Science Library,2026-09-03T22:12:00,2026-09-04T00:23:00,131,Thursday,False
7684,u_081,Main Library,2026-09-03T22:12:00,2026-09-04T00:47:00,155,Thursday,False
7686,u_083,Science Library,2026-09-03T22:20:00,2026-09-04T01:10:00,170,Thursday,False
7808,u_145,Main Library,2026-09-03T22:22:00,2026-09-04T01:16:00,174,Thursday,False
7755,u_120,Main Library,2026-09-03T22:28:00,2026-09-03T23:28:00,60,Thursday,False
7835,u_162,Main Library,2026-09-03T22:45:00,2026-09-04T00:44:00,119,Thursday,False
7585,u_027,Main Library,2026-09-03T22:46:00,2026-09-04T00:37:00,111,Thursday,False
7702,u_092,Science Library,2026-09-03T22:50:00,2026-09-04T00:00:00,70,Thursday,False
7712,u_097,Science Library,2026-09-03T22:53:00,2026-09-04T01:02:00,129,Thursday,False
7905,u_197,Science Library,2026-09-03T22:53:00,2026-09-04T00:47:00,114,Thursday,False
7696,u_088,Science Library,2026-09-03T22:54:00,2026-09-04T01:17:00,143,Thursday,False
8174,u_158,Gymnasium,2026-09-04T05:41:00,2026-09-04T06:34:00,53,Friday,True
8222,u_186,Indoor Sports Complex,2026-09-04T05:43:00,2026-09-04T06:40:00,57,Friday,True
8094,u_112,Indoor Sports Complex,2026-09-04T05:47:00,2026-09-04T06:44:00,57,Friday,True
8066,u_096,Gymnasium,2026-09-04T05:52:00,2026-09-04T07:05:00,73,Friday,True
8142,u_139,Gymnasium,2026-09-04T05:53:00,2026-09-04T06:51:00,58,Friday,True
8137,u_136,Indoor Sports Complex,2026-09-04T05:54:00,2026-09-04T06:46:00,52,Friday,True
8110,u_119,Gymnasium,2026-09-04T05:58:00,2026-09-04T06:37:00,39,Friday,True
7953,u_029,Gymnasium,2026-09-04T06:00:00,2026-09-04T06:53:00,53,Friday,True
7959,u_032,Gymnasium,2026-09-04T06:00:00,2026-09-04T07:07:00,67,Friday,True
8112,u_120,Gymnasium,2026-09-04T06:00:00,2026-09-04T07:00:00,60,Friday,True
7937,u_018,Gymnasium,2026-09-04T06:01:00,2026-09-04T06:29:00,28,Friday,True
8148,u_143,Gymnasium,2026-09-04T06:01:00,2026-09-04T06:59:00,58,Friday,True
8132,u_134,Gymnasium,2026-09-04T06:08:00,2026-09-04T06:57:00,49,Friday,True
8124,u_130,Indoor Sports Complex,2026-09-04T06:26:00,2026-09-04T07:57:00,91,Friday,True
7998,u_057,Indoor Sports Complex,2026-09-04T06:51:00,2026-09-04T07:52:00,61,Friday,True
8076,u_102,Gymnasium,2026-09-04T07:01:00,2026-09-04T07:43:00,42,Friday,True
8169,u_156,Indoor Sports Complex,2026-09-04T07:03:00,2026-09-04T08:44:00,101,Friday,True
8233,u_193,Indoor Sports Complex,2026-09-04T07:03:00,2026-09-04T08:23:00,80,Friday,True
8005,u_060,Indoor Sports Complex,2026-09-04T07:04:00,2026-09-04T07:57:00,53,Friday,True
8087,u_106,Indoor Sports Complex,2026-09-04T07:09:00,2026-09-04T08:13:00,64,Friday,True
8053,u_087,Gymnasium,2026-09-04T07:19:00,2026-09-04T08:03:00,44,Friday,True
8056,u_089,Gymnasium,2026-09-04T07:21:00,2026-09-04T07:45:00,24,Friday,True
8194,u_170,Indoor Sports Complex,2026-09-04T07:41:00,2026-09-04T08:18:00,37,Friday,True
7991,u_050,Indoor Sports Complex,2026-09-04T07:50:00,2026-09-04T08:48:00,58,Friday,True
8140,u_138,Gymnasium,2026-09-04T07:53:00,2026-09-04T08:56:00,63,Friday,True
7915,u_006,Gymnasium,2026-09-04T07:57:00,2026-09-04T08:38:00,41,Friday,True
8213,u_180,Gymnasium,2026-09-04T07:58:00,2026-09-04T08:51:00,53,Friday,True
8045,u_083,Indoor Sports Complex,2026-09-04T08:00:00,2026-09-04T08:59:00,59,Friday,True
8062,u_093,Gymnasium,2026-09-04T08:00:00,2026-09-04T09:12:00,72,Friday,True
8024,u_070,Indoor Sports Complex,2026-09-04T08:02:00,2026-09-04T09:41:00,99,Friday,True
7954,u_029,Indoor Sports Complex,2026-09-04T08:03:00,2026-09-04T09:30:00,87,Friday,True
8019,u_068,Indoor Sports Complex,2026-09-04T08:04:00,2026-09-04T09:45:00,101,Friday,True
8151,u_145,Food Court,2026-09-04T08:06:00,2026-09-04T08:50:00,44,Friday,True
7919,u_008,Gymnasium,2026-09-04T08:09:00,2026-09-04T08:55:00,46,Friday,True
8119,u_125,Gymnasium,2026-09-04T08:14:00,2026-09-04T09:24:00,70,Friday,True
8097,u_113,Food Court,2026-09-04T08:19:00,2026-09-04T09:12:00,53,Friday,True
8104,u_117,Food Court,2026-09-04T08:26:00,2026-09-04T09:08:00,42,Friday,True
7972,u_039,Food Court,2026-09-04T08:29:00,2026-09-04T08:59:00,30,Friday,True
8041,u_080,Central Cafeteria,2026-09-04T08:29:00,2026-09-04T09:13:00,44,Friday,True
8167,u_155,Central Cafeteria,2026-09-04T08:29:00,2026-09-04T08:54:00,25,Friday,True
7965,u_036,Central Cafeteria,2026-09-04T08:30:00,2026-09-04T08:56:00,26,Friday,True
8071,u_099,Food Court,2026-09-04T08:33:00,2026-09-04T09:26:00,53,Friday,True
8239,u_196,Central Cafeteria,2026-09-04T08:34:00,2026-09-04T09:14:00,40,Friday,True
7927,u_014,Central Cafeteria,2026-09-04T08:36:00,2026-09-04T09:18:00,42,Friday,True
8165,u_154,Central Cafeteria,2026-09-04T08:36:00,2026-09-04T09:46:00,70,Friday,True
8135,u_135,Central Cafeteria,2026-09-04T08:39:00,2026-09-04T09:42:00,63,Friday,True
8011,u_063,Central Cafeteria,2026-09-04T08:42:00,2026-09-04T09:12:00,30,Friday,True
8072,u_101,Computer Lab A,2026-09-04T08:42:00,2026-09-04T09:19:00,37,Friday,True
8048,u_084,Food Court,2026-09-04T08:43:00,2026-09-04T09:08:00,25,Friday,True
8115,u_123,Central Cafeteria,2026-09-04T08:44:00,2026-09-04T09:13:00,29,Friday,True
7914,u_006,Central Cafeteria,2026-09-04T08:46:00,2026-09-04T09:27:00,41,Friday,True
8020,u_069,Computer Lab A,2026-09-04T08:48:00,2026-09-04T09:32:00,44,Friday,True
8141,u_138,Central Cafeteria,2026-09-04T08:48:00,2026-09-04T09:33:00,45,Friday,True
7945,u_023,Computer Lab B,2026-09-04T08:55:00,2026-09-04T09:46:00,51,Friday,True
8134,u_135,Computer Lab A,2026-09-04T08:57:00,2026-09-04T09:50:00,53,Friday,True
7925,u_012,Computer Lab B,2026-09-04T08:58:00,2026-09-04T09:57:00,59,Friday,True
8032,u_074,Computer Lab B,2026-09-04T08:58:00,2026-09-04T10:31:00,93,Friday,True
8218,u_183,Computer Lab A,2026-09-04T08:58:00,2026-09-04T10:38:00,100,Friday,True
8023,u_070,Student Center,2026-09-04T09:00:00,2026-09-04T09:54:00,54,Friday,True
8216,u_182,Student Center,2026-09-04T09:01:00,2026-09-04T10:34:00,93,Friday,True
8117,u_125,Computer Lab B,2026-09-04T09:03:00,2026-09-04T10:18:00,75,Friday,True
7931,u_015,Computer Lab A,2026-09-04T09:04:00,2026-09-04T09:59:00,55,Friday,True
8015,u_065,Computer Lab B,2026-09-04T09:05:00,2026-09-04T09:47:00,42,Friday,True
8047,u_084,Computer Lab B,2026-09-04T09:09:00,2026-09-04T10:46:00,97,Friday,True
7923,u_011,Computer Lab A,2026-09-04T09:49:00,2026-09-04T11:39:00,110,Friday,True
8161,u_151,Computer Lab A,2026-09-04T10:00:00,2026-09-04T10:37:00,37,Friday,True
8017,u_066,Computer Lab B,2026-09-04T10:09:00,2026-09-04T11:38:00,89,Friday,True
7973,u_040,Student Center,2026-09-04T10:10:00,2026-09-04T11:08:00,58,Friday,True
7951,u_027,Computer Lab A,2026-09-04T10:11:00,2026-09-04T11:44:00,93,Friday,True
8228,u_188,Computer Lab B,2026-09-04T10:11:00,2026-09-04T11:38:00,87,Friday,True
7980,u_046,Computer Lab B,2026-09-04T10:13:00,2026-09-04T11:52:00,99,Friday,True
8181,u_163,Computer Lab B,2026-09-04T10:13:00,2026-09-04T11:39:00,86,Friday,True
8235,u_195,Central Cafeteria,2026-09-04T10:18:00,2026-09-04T11:18:00,60,Friday,False
8221,u_186,Computer Lab A,2026-09-04T10:30:00,2026-09-04T11:46:00,76,Friday,False
8184,u_164,Student Center,2026-09-04T10:49:00,2026-09-04T12:25:00,96,Friday,True
8096,u_113,Student Center,2026-09-04T10:53:00,2026-09-04T12:11:00,78,Friday,True
7929,u_015,WiFi Zone South,2026-09-04T10:55:00,2026-09-04T11:49:00,54,Friday,False
8102,u_117,Computer Lab A,2026-09-04T10:58:00,2026-09-04T12:01:00,63,Friday,True
8180,u_162,Computer Lab B,2026-09-04T10:58:00,2026-09-04T12:00:00,62,Friday,True
8074,u_101,Computer Lab B,2026-09-04T10:59:00,2026-09-04T12:42:00,103,Friday,True
8122,u_127,Student Center,2026-09-04T11:01:00,2026-09-04T12:36:00,95,Friday,True
8209,u_177,Computer Lab B,2026-09-04T11:06:00,2026-09-04T12:08:00,62,Friday,True
7969,u_038,Computer Lab A,2026-09-04T11:12:00,2026-09-04T11:52:00,40,Friday,True
8143,u_139,Student Center,2026-09-04T11:50:00,2026-09-04T13:10:00,80,Friday,True
8125,u_130,Student Center,2026-09-04T11:51:00,2026-09-04T12:50:00,59,Friday,True
7952,u_028,Computer Lab A,2026-09-04T11:52:00,2026-09-04T13:10:00,78,Friday,True
8109,u_119,Computer Lab B,2026-09-04T11:53:00,2026-09-04T12:42:00,49,Friday,True
8080,u_103,Student Center,2026-09-04T11:56:00,2026-09-04T13:46:00,110,Friday,True
8219,u_185,Student Center,2026-09-04T12:03:00,2026-09-04T12:54:00,51,Friday,True
8116,u_124,Computer Lab B,2026-09-04T12:04:00,2026-09-04T12:45:00,41,Friday,True
8229,u_190,Student Center,2026-09-04T12:06:00,2026-09-04T13:54:00,108,Friday,True
8063,u_094,Computer Lab B,2026-09-04T12:07:00,2026-09-04T13:08:00,61,Friday,True
8178,u_162,Computer Lab A,2026-09-04T12:07:00,2026-09-04T13:18:00,71,Friday,True
8105,u_117,Student Center,2026-09-04T12:08:00,2026-09-04T13:35:00,87,Friday,True
8155,u_148,Student Center,2026-09-04T12:08:00,2026-09-04T13:56:00,108,Friday,True
8127,u_133,WiFi Zone North,2026-09-04T12:10:00,2026-09-04T14:03:00,113,Friday,False
8160,u_151,Central Cafeteria,2026-09-04T12:11:00,2026-09-04T12:53:00,42,Friday,True
8188,u_166,Student Center,2026-09-04T12:13:00,2026-09-04T13:08:00,55,Friday,True
8130,u_134,Computer Lab A,2026-09-04T12:14:00,2026-09-04T12:56:00,42,Friday,True
8006,u_060,Food Court,2026-09-04T12:18:00,2026-09-04T12:58:00,40,Friday,True
8164,u_153,Food Court,2026-09-04T12:20:00,2026-09-04T12:57:00,37,Friday,True
8085,u_105,Food Court,2026-09-04T12:21:00,2026-09-04T13:03:00,42,Friday,True
7941,u_020,Food Court,2026-09-04T12:22:00,2026-09-04T14:04:00,102,Friday,False
8158,u_150,Main Library,2026-09-04T12:22:00,2026-09-04T13:51:00,89,Friday,False
8185,u_165,Food Court,2026-09-04T12:23:00,2026-09-04T13:21:00,58,Friday,False
8224,u_187,Central Cafeteria,2026-09-04T12:23:00,2026-09-04T13:40:00,77,Friday,True
7911,u_003,Central Cafeteria,2026-09-04T12:24:00,2026-09-04T14:06:00,102,Friday,False
8197,u_171,Food Court,2026-09-04T12:27:00,2026-09-04T13:16:00,49,Friday,True
7982,u_047,Central Cafeteria,2026-09-04T12:30:00,2026-09-04T13:30:00,60,Friday,True
7922,u_011,Food Court,2026-09-04T12:31:00,2026-09-04T13:12:00,41,Friday,True
8186,u_165,Central Cafeteria,2026-09-04T12:31:00,2026-09-04T13:22:00,51,Friday,True
7994,u_053,Central Cafeteria,2026-09-04T12:32:00,2026-09-04T13:27:00,55,Friday,True
8031,u_074,Food Court,2026-09-04T12:32:00,2026-09-04T12:52:00,20,Friday,True
8131,u_134,Food Court,2026-09-04T12:35:00,2026-09-04T13:49:00,74,Friday,True
8040,u_080,Science Library,2026-09-04T12:36:00,2026-09-04T14:09:00,93,Friday,False
8212,u_180,Food Court,2026-09-04T12:37:00,2026-09-04T13:35:00,58,Friday,True
8159,u_151,Food Court,2026-09-04T12:38:00,2026-09-04T13:11:00,33,Friday,True
8193,u_169,Central Cafeteria,2026-09-04T12:41:00,2026-09-04T13:37:00,56,Friday,True
8208,u_177,Food Court,2026-09-04T12:41:00,2026-09-04T13:03:00,22,Friday,True
8108,u_119,Central Cafeteria,2026-09-04T12:44:00,2026-09-04T14:04:00,80,Friday,True
8092,u_109,Computer Lab A,2026-09-04T12:50:00,2026-09-04T14:04:00,74,Friday,True
8176,u_160,Computer Lab A,2026-09-04T12:52:00,2026-09-04T13:51:00,59,Friday,True
8202,u_175,Student Center,2026-09-04T12:53:00,2026-09-04T13:46:00,53,Friday,True
8030,u_073,Student Center,2026-09-04T12:56:00,2026-09-04T14:10:00,74,Friday,True
7955,u_031,Student Center,2026-09-04T12:57:00,2026-09-04T14:40:00,103,Friday,True
7961,u_033,Computer Lab B,2026-09-04T12:59:00,2026-09-04T14:35:00,96,Friday,True
8175,u_160,Student Center,2026-09-04T13:02:00,2026-09-04T14:27:00,85,Friday,True
8192,u_169,Computer Lab A,2026-09-04T13:02:00,2026-09-04T14:21:00,79,Friday,True
8187,u_165,Computer Lab B,2026-09-04T13:04:00,2026-09-04T14:07:00,63,Friday,True
8086,u_106,Computer Lab B,2026-09-04T13:06:00,2026-09-04T14:02:00,56,Friday,True
8196,u_171,Student Center,2026-09-04T13:17:00,2026-09-04T14:14:00,57,Friday,True
8241,u_199,Computer Lab A,2026-09-04T13:38:00,2026-09-04T15:21:00,103,Friday,True
8061,u_093,Computer Lab B,2026-09-04T13:49:00,2026-09-04T14:44:00,55,Friday,True
7939,u_019,Computer Lab B,2026-09-04T13:50:00,2026-09-04T14:50:00,60,Friday,True
8145,u_141,Computer Lab A,2026-09-04T13:51:00,2026-09-04T14:45:00,54,Friday,True
8232,u_192,Computer Lab A,2026-09-04T13:54:00,2026-09-04T15:01:00,67,Friday,True
8147,u_143,Computer Lab B,2026-09-04T13:55:00,2026-09-04T14:41:00,46,Friday,True
8014,u_065,Student Center,2026-09-04T14:02:00,2026-09-04T14:39:00,37,Friday,True
7926,u_013,Computer Lab B,2026-09-04T14:05:00,2026-09-04T15:06:00,61,Friday,True
7933,u_016,Computer Lab A,2026-09-04T14:09:00,2026-09-04T14:44:00,35,Friday,True
8225,u_187,Computer Lab B,2026-09-04T14:10:00,2026-09-04T15:29:00,79,Friday,True
8107,u_119,Main Library,2026-09-04T14:12:00,2026-09-04T14:38:00,26,Friday,False
7964,u_036,Student Center,2026-09-04T14:20:00,2026-09-04T15:11:00,51,Friday,True
8242,u_200,Computer Lab B,2026-09-04T14:21:00,2026-09-04T15:18:00,57,Friday,True
8204,u_176,Main Library,2026-09-04T14:25:00,2026-09-04T15:49:00,84,Friday,False
7910,u_001,Computer Lab B,2026-09-04T14:35:00,2026-09-04T15:59:00,84,Friday,True
8236,u_195,Student Center,2026-09-04T14:47:00,2026-09-04T16:20:00,93,Friday,True
8058,u_090,Food Court,2026-09-04T14:49:00,2026-09-04T15:07:00,18,Friday,False
8182,u_163,Student Center,2026-09-04T14:53:00,2026-09-04T15:37:00,44,Friday,True
8050,u_085,Computer Lab B,2026-09-04T14:55:00,2026-09-04T16:26:00,91,Friday,True
8226,u_188,Main Library,2026-09-04T14:56:00,2026-09-04T16:34:00,98,Friday,False
7976,u_041,Computer Lab A,2026-09-04T15:00:00,2026-09-04T16:18:00,78,Friday,True
8126,u_131,Computer Lab B,2026-09-04T15:01:00,2026-09-04T16:19:00,78,Friday,True
8065,u_095,Computer Lab B,2026-09-04T15:02:00,2026-09-04T15:37:00,35,Friday,True
8240,u_199,Student Center,2026-09-04T15:02:00,2026-09-04T16:02:00,60,Friday,True
8022,u_070,Computer Lab A,2026-09-04T15:06:00,2026-09-04T16:17:00,71,Friday,True
8234,u_194,Computer Lab B,2026-09-04T15:07:00,2026-09-04T16:13:00,66,Friday,True
8012,u_063,Computer Lab A,2026-09-04T15:08:00,2026-09-04T16:29:00,81,Friday,True
8000,u_058,Computer Lab B,2026-09-04T15:10:00,2026-09-04T15:58:00,48,Friday,True
8078,u_103,WiFi Zone North,2026-09-04T15:10:00,2026-09-04T16:52:00,102,Friday,False
7936,u_018,Computer Lab B,2026-09-04T15:12:00,2026-09-04T16:07:00,55,Friday,True
7947,u_024,Computer Lab A,2026-09-04T15:24:00,2026-09-04T16:20:00,56,Friday,True
8021,u_070,Main Library,2026-09-04T15:36:00,2026-09-04T16:50:00,74,Friday,True
7916,u_007,Science Library,2026-09-04T15:40:00,2026-09-04T17:33:00,113,Friday,True
8036,u_077,Science Library,2026-09-04T15:44:00,2026-09-04T16:50:00,66,Friday,True
7948,u_025,Computer Lab B,2026-09-04T15:45:00,2026-09-04T16:38:00,53,Friday,True
8055,u_087,Computer Lab A,2026-09-04T15:52:00,2026-09-04T17:10:00,78,Friday,True
8103,u_117,Computer Lab B,2026-09-04T15:57:00,2026-09-04T17:47:00,110,Friday,True
8111,u_120,Student Center,2026-09-04T15:57:00,2026-09-04T17:44:00,107,Friday,True
8114,u_123,Computer Lab B,2026-09-04T15:57:00,2026-09-04T17:14:00,77,Friday,True
8153,u_147,Student Center,2026-09-04T15:58:00,2026-09-04T17:33:00,95,Friday,True
7920,u_009,Computer Lab A,2026-09-04T16:00:00,2026-09-04T17:24:00,84,Friday,True
8049,u_085,Student Center,2026-09-04T16:00:00,2026-09-04T16:56:00,56,Friday,True
8139,u_137,Student Center,2026-09-04T16:00:00,2026-09-04T16:48:00,48,Friday,True
8075,u_102,Science Library,2026-09-04T16:02:00,2026-09-04T18:51:00,169,Friday,True
7949,u_026,Computer Lab B,2026-09-04T16:04:00,2026-09-04T17:45:00,101,Friday,True
7971,u_039,Main Library,2026-09-04T16:05:00,2026-09-04T17:58:00,113,Friday,True
8171,u_157,Student Center,2026-09-04T16:05:00,2026-09-04T17:31:00,86,Friday,True
8243,u_200,Science Library,2026-09-04T16:05:00,2026-09-04T18:05:00,120,Friday,True
8009,u_063,Student Center,2026-09-04T16:07:00,2026-09-04T17:46:00,99,Friday,True
8189,u_167,Student Center,2026-09-04T16:08:00,2026-09-04T16:47:00,39,Friday,True
8046,u_084,Science Library,2026-09-04T16:11:00,2026-09-04T17:16:00,65,Friday,True
8025,u_071,Computer Lab A,2026-09-04T16:14:00,2026-09-04T17:11:00,57,Friday,True
7997,u_056,Student Center,2026-09-04T16:15:00,2026-09-04T17:37:00,82,Friday,True
8238,u_196,Science Library,2026-09-04T16:17:00,2026-09-04T19:16:00,179,Friday,True
7962,u_034,WiFi Zone North,2026-09-04T16:26:00,2026-09-04T16:56:00,30,Friday,False
7966,u_037,Main Library,2026-09-04T16:43:00,2026-09-04T18:03:00,80,Friday,True
8191,u_169,Food Court,2026-09-04T16:47:00,2026-09-04T18:35:00,108,Friday,False
8220,u_185,Science Library,2026-09-04T16:48:00,2026-09-04T20:57:00,249,Friday,True
7999,u_058,Science Library,2026-09-04T16:52:00,2026-09-04T18:36:00,104,Friday,True
8081,u_104,Gymnasium,2026-09-04T16:52:00,2026-09-04T17:31:00,39,Friday,True
8044,u_082,Gymnasium,2026-09-04T16:54:00,2026-09-04T17:50:00,56,Friday,True
8008,u_063,Food Court,2026-09-04T16:55:00,2026-09-04T18:34:00,99,Friday,False
7934,u_017,Main Library,2026-09-04T16:57:00,2026-09-04T18:35:00,98,Friday,False
8136,u_136,Science Library,2026-09-04T16:57:00,2026-09-04T21:07:00,250,Friday,True
8070,u_099,Main Library,2026-09-04T16:58:00,2026-09-04T18:17:00,79,Friday,True
8199,u_173,Gymnasium,2026-09-04T16:58:00,2026-09-04T18:05:00,67,Friday,True
8179,u_162,Indoor Sports Complex,2026-09-04T17:05:00,2026-09-04T18:19:00,74,Friday,True
8195,u_170,Gymnasium,2026-09-04T17:07:00,2026-09-04T17:58:00,51,Friday,True
7960,u_033,Science Library,2026-09-04T17:08:00,2026-09-04T18:42:00,94,Friday,False
8099,u_115,Gymnasium,2026-09-04T17:11:00,2026-09-04T17:53:00,42,Friday,True
8060,u_092,Science Library,2026-09-04T17:25:00,2026-09-04T18:59:00,94,Friday,False
8128,u_133,Indoor Sports Complex,2026-09-04T17:42:00,2026-09-04T18:33:00,51,Friday,True
7974,u_040,Gymnasium,2026-09-04T17:53:00,2026-09-04T18:45:00,52,Friday,True
8168,u_156,Science Library,2026-09-04T17:54:00,2026-09-04T19:48:00,114,Friday,True
7944,u_021,Main Library,2026-09-04T17:55:00,2026-09-04T19:31:00,96,Friday,True
7977,u_043,Science Library,2026-09-04T17:56:00,2026-09-04T21:50:00,234,Friday,True
8093,u_111,Indoor Sports Complex,2026-09-04T17:58:00,2026-09-04T19:24:00,86,Friday,True
8149,u_144,Indoor Sports Complex,2026-09-04T17:58:00,2026-09-04T19:03:00,65,Friday,True
8082,u_104,Science Library,2026-09-04T18:00:00,2026-09-04T19:06:00,66,Friday,True
8152,u_145,Science Library,2026-09-04T18:00:00,2026-09-04T20:52:00,172,Friday,True
7958,u_032,Indoor Sports Complex,2026-09-04T18:01:00,2026-09-04T19:14:00,73,Friday,True
8173,u_158,Gymnasium,2026-09-04T18:02:00,2026-09-04T18:43:00,41,Friday,False
8073,u_101,Science Library,2026-09-04T18:03:00,2026-09-04T20:58:00,175,Friday,True
7921,u_010,Main Library,2026-09-04T18:04:00,2026-09-04T20:40:00,156,Friday,True
7932,u_015,Science Library,2026-09-04T18:04:00,2026-09-04T20:35:00,151,Friday,False
7950,u_027,Science Library,2026-09-04T18:04:00,2026-09-04T20:15:00,131,Friday,True
8010,u_063,Science Library,2026-09-04T18:04:00,2026-09-04T20:56:00,172,Friday,True
8183,u_163,Main Library,2026-09-04T18:04:00,2026-09-04T19:17:00,73,Friday,False
8146,u_143,Main Library,2026-09-04T18:05:00,2026-09-04T19:32:00,87,Friday,True
8026,u_071,Main Library,2026-09-04T18:06:00,2026-09-04T19:57:00,111,Friday,False
7956,u_031,Science Library,2026-09-04T18:08:00,2026-09-04T22:22:00,254,Friday,True
7943,u_020,Main Library,2026-09-04T18:09:00,2026-09-04T20:27:00,138,Friday,False
8027,u_072,Indoor Sports Complex,2026-09-04T18:12:00,2026-09-04T19:21:00,69,Friday,True
7963,u_034,Indoor Sports Complex,2026-09-04T18:15:00,2026-09-04T19:56:00,101,Friday,True
8059,u_091,Science Library,2026-09-04T18:20:00,2026-09-04T19:32:00,72,Friday,False
7912,u_004,Gymnasium,2026-09-04T18:21:00,2026-09-04T19:18:00,57,Friday,True
8217,u_183,Central Cafeteria,2026-09-04T18:21:00,2026-09-04T20:11:00,110,Friday,False
7986,u_048,Science Library,2026-09-04T18:24:00,2026-09-04T20:13:00,109,Friday,False
8211,u_179,Main Library,2026-09-04T18:26:00,2026-09-04T19:37:00,71,Friday,False
7967,u_037,Gymnasium,2026-09-04T18:43:00,2026-09-04T19:44:00,61,Friday,True
7924,u_011,Main Library,2026-09-04T18:47:00,2026-09-04T21:28:00,161,Friday,False
8016,u_065,Main Library,2026-09-04T18:48:00,2026-09-04T20:24:00,96,Friday,True
8166,u_154,Food Court,2026-09-04T18:49:00,2026-09-04T20:07:00,78,Friday,True
7978,u_043,Science Library,2026-09-04T18:51:00,2026-09-04T21:32:00,161,Friday,False
8190,u_168,Science Library,2026-09-04T18:51:00,2026-09-04T21:12:00,141,Friday,False
7995,u_054,Central Cafeteria,2026-09-04T18:53:00,2026-09-04T19:52:00,59,Friday,True
8034,u_075,Food Court,2026-09-04T18:53:00,2026-09-04T19:53:00,60,Friday,True
7970,u_038,Food Court,2026-09-04T18:54:00,2026-09-04T20:02:00,68,Friday,True
8042,u_081,Main Library,2026-09-04T18:54:00,2026-09-04T20:38:00,104,Friday,True
8157,u_149,Science Library,2026-09-04T18:54:00,2026-09-04T21:44:00,170,Friday,False
8206,u_176,Food Court,2026-09-04T18:54:00,2026-09-04T20:03:00,69,Friday,True
8101,u_116,Food Court,2026-09-04T18:55:00,2026-09-04T19:36:00,41,Friday,True
8018,u_068,Science Library,2026-09-04T18:56:00,2026-09-04T19:45:00,49,Friday,False
8210,u_178,Food Court,2026-09-04T18:56:00,2026-09-04T19:51:00,55,Friday,True
8156,u_148,Science Library,2026-09-04T18:57:00,2026-09-04T21:44:00,167,Friday,False
8200,u_174,Indoor Sports Complex,2026-09-04T18:57:00,2026-09-04T20:19:00,82,Friday,True
7996,u_055,Food Court,2026-09-04T18:59:00,2026-09-04T19:34:00,35,Friday,True
8001,u_058,Gymnasium,2026-09-04T18:59:00,2026-09-04T19:34:00,35,Friday,True
8057,u_089,Science Library,2026-09-04T19:00:00,2026-09-04T21:30:00,150,Friday,False
8138,u_137,Central Cafeteria,2026-09-04T19:00:00,2026-09-04T20:20:00,80,Friday,True
8198,u_172,Central Cafeteria,2026-09-04T19:00:00,2026-09-04T19:54:00,54,Friday,True
7979,u_045,Main Library,2026-09-04T19:01:00,2026-09-04T21:59:00,178,Friday,True
8089,u_107,Student Center,2026-09-04T19:01:00,2026-09-04T19:31:00,30,Friday,False
8144,u_140,Science Library,2026-09-04T19:01:00,2026-09-04T21:46:00,165,Friday,False
7942,u_020,Central Cafeteria,2026-09-04T19:02:00,2026-09-04T19:34:00,32,Friday,True
8205,u_176,Gymnasium,2026-09-04T19:02:00,2026-09-04T19:57:00,55,Friday,True
8230,u_191,Food Court,2026-09-04T19:03:00,2026-09-04T19:42:00,39,Friday,True
7987,u_049,Central Cafeteria,2026-09-04T19:04:00,2026-09-04T20:08:00,64,Friday,True
8003,u_059,Food Court,2026-09-04T19:04:00,2026-09-04T20:07:00,63,Friday,True
7985,u_048,Science Library,2026-09-04T19:05:00,2026-09-04T22:05:00,180,Friday,True
8029,u_073,Central Cafeteria,2026-09-04T19:05:00,2026-09-04T20:20:00,75,Friday,True
8037,u_078,Food Court,2026-09-04T19:05:00,2026-09-04T19:46:00,41,Friday,True
8038,u_078,Indoor Sports Complex,2026-09-04T19:05:00,2026-09-04T20:28:00,83,Friday,True
7988,u_049,Science Library,2026-09-04T19:06:00,2026-09-04T21:57:00,171,Friday,True
7989,u_049,Main Library,2026-09-04T19:07:00,2026-09-04T21:41:00,154,Friday,True
7968,u_038,Gymnasium,2026-09-04T19:13:00,2026-09-04T19:48:00,35,Friday,True
8129,u_133,Central Cafeteria,2026-09-04T19:13:00,2026-09-04T20:02:00,49,Friday,True
7940,u_019,Science Library,2026-09-04T19:14:00,2026-09-04T23:24:00,250,Friday,True
8090,u_108,Central Cafeteria,2026-09-04T19:14:00,2026-09-04T20:13:00,59,Friday,True
7917,u_007,Gymnasium,2026-09-04T19:16:00,2026-09-04T20:00:00,44,Friday,True
8170,u_156,Gymnasium,2026-09-04T19:16:00,2026-09-04T19:55:00,39,Friday,True
8215,u_181,Food Court,2026-09-04T19:16:00,2026-09-04T20:12:00,56,Friday,True
8231,u_192,Food Court,2026-09-04T19:22:00,2026-09-04T20:42:00,80,Friday,True
7975,u_041,Gymnasium,2026-09-04T19:32:00,2026-09-04T21:17:00,105,Friday,False
8007,u_062,Science Library,2026-09-04T19:37:00,2026-09-04T21:46:00,129,Friday,False
8052,u_086,Main Library,2026-09-04T19:48:00,2026-09-04T22:27:00,159,Friday,True
8133,u_134,Science Library,2026-09-04T19:53:00,2026-09-04T21:54:00,121,Friday,False
7993,u_052,Gymnasium,2026-09-04T19:56:00,2026-09-04T20:46:00,50,Friday,True
8237,u_196,Gymnasium,2026-09-04T19:57:00,2026-09-04T20:34:00,37,Friday,True
7935,u_018,Indoor Sports Complex,2026-09-04T19:59:00,2026-09-04T20:55:00,56,Friday,False
7946,u_023,Indoor Sports Complex,2026-09-04T19:59:00,2026-09-04T21:09:00,70,Friday,True
8068,u_097,Main Library,2026-09-04T19:59:00,2026-09-04T22:27:00,148,Friday,True
7983,u_048,Gymnasium,2026-09-04T20:00:00,2026-09-04T20:30:00,30,Friday,True
8091,u_108,Gymnasium,2026-09-04T20:04:00,2026-09-04T20:45:00,41,Friday,True
8051,u_085,Main Library,2026-09-04T20:08:00,2026-09-05T00:15:00,247,Friday,True
8106,u_118,Science Library,2026-09-04T20:08:00,2026-09-04T21:32:00,84,Friday,True
8064,u_095,Indoor Sports Complex,2026-09-04T20:11:00,2026-09-04T21:16:00,65,Friday,True
8121,u_127,Main Library,2026-09-04T20:11:00,2026-09-04T22:40:00,149,Friday,True
8223,u_187,Science Library,2026-09-04T20:14:00,2026-09-04T21:59:00,105,Friday,True
8154,u_147,Science Library,2026-09-04T20:19:00,2026-09-04T22:02:00,103,Friday,False
7990,u_049,Main Library,2026-09-04T20:20:00,2026-09-04T21:23:00,63,Friday,False
7918,u_008,Food Court,2026-09-04T20:21:00,2026-09-04T21:13:00,52,Friday,False
8039,u_078,Science Library,2026-09-04T20:28:00,2026-09-04T22:17:00,109,Friday,False
7928,u_014,Main Library,2026-09-04T20:30:00,2026-09-04T23:26:00,176,Friday,False
8244,u_200,Main Library,2026-09-04T20:32:00,2026-09-04T22:51:00,139,Friday,False
7984,u_048,Main Library,2026-09-04T20:35:00,2026-09-04T22:30:00,115,Friday,True
8084,u_105,Main Library,2026-09-04T20:39:00,2026-09-04T22:21:00,102,Friday,False
8100,u_115,Science Library,2026-09-04T20:45:00,2026-09-04T23:37:00,172,Friday,False
8123,u_128,Main Library,2026-09-04T20:46:00,2026-09-04T22:37:00,111,Friday,False
8054,u_087,Science Library,2026-09-04T20:49:00,2026-09-04T23:26:00,157,Friday,True
8079,u_103,Main Library,2026-09-04T20:50:00,2026-09-05T01:06:00,256,Friday,True
7957,u_031,Science Library,2026-09-04T20:55:00,2026-09-04T21:55:00,60,Friday,False
7930,u_015,Science Library,2026-09-04T20:57:00,2026-09-04T23:30:00,153,Friday,True
7981,u_046,Main Library,2026-09-04T21:02:00,2026-09-04T22:23:00,81,Friday,True
8162,u_152,Science Library,2026-09-04T21:04:00,2026-09-04T23:12:00,128,Friday,True
8227,u_188,Main Library,2026-09-04T21:06:00,2026-09-05T01:00:00,234,Friday,True
8118,u_125,Main Library,2026-09-04T21:07:00,2026-09-04T22:35:00,88,Friday,True
8098,u_114,Science Library,2026-09-04T21:10:00,2026-09-04T22:35:00,85,Friday,True
8163,u_152,Main Library,2026-09-04T21:10:00,2026-09-04T23:42:00,152,Friday,False
8172,u_157,Main Library,2026-09-04T21:10:00,2026-09-04T22:20:00,70,Friday,False
8035,u_076,Main Library,2026-09-04T21:11:00,2026-09-04T22:16:00,65,Friday,False
8043,u_081,Science Library,2026-09-04T21:11:00,2026-09-04T23:09:00,118,Friday,False
7913,u_004,Science Library,2026-09-04T21:20:00,2026-09-04T23:12:00,112,Friday,False
8120,u_126,Main Library,2026-09-04T21:20:00,2026-09-05T00:18:00,178,Friday,True
8207,u_176,Main Library,2026-09-04T21:24:00,2026-09-04T23:29:00,125,Friday,False
8077,u_102,Science Library,2026-09-04T21:34:00,2026-09-04T23:10:00,96,Friday,False
8088,u_106,Science Library,2026-09-04T21:35:00,2026-09-04T23:17:00,102,Friday,False
8013,u_063,Main Library,2026-09-04T21:44:00,2026-09-04T23:21:00,97,Friday,False
8150,u_144,Science Library,2026-09-04T21:44:00,2026-09-05T00:39:00,175,Friday,False
8203,u_175,Science Library,2026-09-04T21:45:00,2026-09-05T00:07:00,142,Friday,False
7992,u_050,Main Library,2026-09-04T21:46:00,2026-09-05T00:38:00,172,Friday,False
8083,u_104,Science Library,2026-09-04T21:55:00,2026-09-04T23:30:00,95,Friday,False
8177,u_160,Main Library,2026-09-04T22:03:00,2026-09-05T00:07:00,124,Friday,False
8069,u_097,Science Library,2026-09-04T22:13:00,2026-09-05T00:47:00,154,Friday,False
8214,u_180,Science Library,2026-09-04T22:13:00,2026-09-04T23:18:00,65,Friday,False
8201,u_174,Main Library,2026-09-04T22:15:00,2026-09-05T00:43:00,148,Friday,False
8067,u_096,Main Library,2026-09-04T22:19:00,2026-09-04T23:48:00,89,Friday,False
7938,u_018,Main Library,2026-09-04T22:22:00,2026-09-05T00:32:00,130,Friday,False
8002,u_058,Science Library,2026-09-04T22:22:00,2026-09-05T00:33:00,131,Friday,False
8113,u_121,Main Library,2026-09-04T22:26:00,2026-09-05T01:04:00,158,Friday,False
8028,u_072,Science Library,2026-09-04T22:31:00,2026-09-04T23:35:00,64,Friday,False
8033,u_074,Main Library,2026-09-04T22:32:00,2026-09-05T00:29:00,117,Friday,False
8004,u_059,Science Library,2026-09-04T22:55:00,2026-09-05T00:49:00,114,Friday,False
8095,u_112,Main Library,2026-09-04T22:57:00,2026-09-05T01:12:00,135,Friday,False
8576,u_197,Indoor Sports Complex,2026-09-05T05:49:00,2026-09-05T06:44:00,55,Saturday,True
8509,u_155,Indoor Sports Complex,2026-09-05T05:53:00,2026-09-05T06:43:00,50,Saturday,True
8245,u_001,Gymnasium,2026-09-05T05:56:00,2026-09-05T06:32:00,36,Saturday,True
8283,u_029,Gymnasium,2026-09-05T06:00:00,2026-09-05T06:49:00,49,Saturday,True
8321,u_046,Gymnasium,2026-09-05T06:00:00,2026-09-05T06:37:00,37,Saturday,True
8477,u_139,Gymnasium,2026-09-05T06:00:00,2026-09-05T07:14:00,74,Saturday,True
8292,u_032,Gymnasium,2026-09-05T06:02:00,2026-09-05T07:12:00,70,Saturday,True
8400,u_096,Gymnasium,2026-09-05T06:07:00,2026-09-05T07:05:00,58,Saturday,True
8495,u_150,Indoor Sports Complex,2026-09-05T06:07:00,2026-09-05T07:23:00,76,Saturday,True
8409,u_102,Gymnasium,2026-09-05T06:50:00,2026-09-05T07:44:00,54,Saturday,True
8417,u_106,Indoor Sports Complex,2026-09-05T06:54:00,2026-09-05T08:02:00,68,Saturday,True
8318,u_045,Indoor Sports Complex,2026-09-05T06:56:00,2026-09-05T08:15:00,79,Saturday,True
8487,u_147,Indoor Sports Complex,2026-09-05T06:58:00,2026-09-05T07:34:00,36,Saturday,True
8570,u_195,Indoor Sports Complex,2026-09-05T07:01:00,2026-09-05T08:49:00,108,Saturday,True
8347,u_062,Indoor Sports Complex,2026-09-05T07:02:00,2026-09-05T08:31:00,89,Saturday,True
8412,u_104,Indoor Sports Complex,2026-09-05T07:02:00,2026-09-05T07:46:00,44,Saturday,True
8421,u_109,Gymnasium,2026-09-05T07:02:00,2026-09-05T07:58:00,56,Saturday,True
8532,u_171,Indoor Sports Complex,2026-09-05T07:02:00,2026-09-05T08:01:00,59,Saturday,True
8500,u_152,Indoor Sports Complex,2026-09-05T07:04:00,2026-09-05T08:24:00,80,Saturday,True
8566,u_193,Indoor Sports Complex,2026-09-05T07:04:00,2026-09-05T08:21:00,77,Saturday,True
8343,u_060,Gymnasium,2026-09-05T07:45:00,2026-09-05T08:25:00,40,Saturday,True
8517,u_161,Indoor Sports Complex,2026-09-05T07:49:00,2026-09-05T08:46:00,57,Saturday,True
8454,u_125,Gymnasium,2026-09-05T07:52:00,2026-09-05T08:50:00,58,Saturday,True
8284,u_029,Indoor Sports Complex,2026-09-05T07:53:00,2026-09-05T09:31:00,98,Saturday,True
8444,u_123,Gymnasium,2026-09-05T07:53:00,2026-09-05T08:48:00,55,Saturday,True
8359,u_070,Indoor Sports Complex,2026-09-05T07:55:00,2026-09-05T09:27:00,92,Saturday,True
8425,u_111,Gymnasium,2026-09-05T07:56:00,2026-09-05T08:48:00,52,Saturday,True
8555,u_190,Indoor Sports Complex,2026-09-05T07:57:00,2026-09-05T08:58:00,61,Saturday,True
8437,u_119,Indoor Sports Complex,2026-09-05T07:58:00,2026-09-05T09:35:00,97,Saturday,True
8327,u_050,Indoor Sports Complex,2026-09-05T08:00:00,2026-09-05T09:01:00,61,Saturday,True
8390,u_090,Gymnasium,2026-09-05T08:00:00,2026-09-05T08:34:00,34,Saturday,True
8287,u_031,Indoor Sports Complex,2026-09-05T08:01:00,2026-09-05T09:40:00,99,Saturday,True
8404,u_100,Computer Lab B,2026-09-05T08:01:00,2026-09-05T08:29:00,28,Saturday,False
8316,u_045,Gymnasium,2026-09-05T08:04:00,2026-09-05T08:39:00,35,Saturday,True
8264,u_017,Gymnasium,2026-09-05T08:05:00,2026-09-05T08:55:00,50,Saturday,True
8260,u_014,Central Cafeteria,2026-09-05T08:10:00,2026-09-05T08:35:00,25,Saturday,True
8269,u_019,Gymnasium,2026-09-05T08:11:00,2026-09-05T08:55:00,44,Saturday,True
8473,u_137,Central Cafeteria,2026-09-05T08:13:00,2026-09-05T09:29:00,76,Saturday,False
8549,u_184,Gymnasium,2026-09-05T08:14:00,2026-09-05T09:18:00,64,Saturday,True
8254,u_006,Gymnasium,2026-09-05T08:16:00,2026-09-05T09:01:00,45,Saturday,True
8471,u_135,Central Cafeteria,2026-09-05T08:17:00,2026-09-05T09:12:00,55,Saturday,True
8510,u_155,Central Cafeteria,2026-09-05T08:25:00,2026-09-05T09:00:00,35,Saturday,True
8447,u_123,Central Cafeteria,2026-09-05T08:27:00,2026-09-05T09:06:00,39,Saturday,True
8402,u_099,Food Court,2026-09-05T08:28:00,2026-09-05T09:03:00,35,Saturday,True
8457,u_127,Food Court,2026-09-05T08:30:00,2026-09-05T08:58:00,28,Saturday,True
8299,u_036,Central Cafeteria,2026-09-05T08:32:00,2026-09-05T09:19:00,47,Saturday,True
8273,u_021,Food Court,2026-09-05T08:33:00,2026-09-05T09:29:00,56,Saturday,True
8249,u_003,Food Court,2026-09-05T08:34:00,2026-09-05T09:20:00,46,Saturday,True
8307,u_041,Computer Lab B,2026-09-05T08:40:00,2026-09-05T09:23:00,43,Saturday,True
8405,u_100,Central Cafeteria,2026-09-05T08:43:00,2026-09-05T09:45:00,62,Saturday,True
8511,u_156,Central Cafeteria,2026-09-05T08:47:00,2026-09-05T09:31:00,44,Saturday,True
8408,u_101,Computer Lab A,2026-09-05T08:51:00,2026-09-05T09:39:00,48,Saturday,True
8505,u_154,Central Cafeteria,2026-09-05T08:51:00,2026-09-05T09:45:00,54,Saturday,True
8358,u_070,Student Center,2026-09-05T08:52:00,2026-09-05T09:54:00,62,Saturday,True
8381,u_084,Computer Lab B,2026-09-05T09:00:00,2026-09-05T10:24:00,84,Saturday,True
8547,u_182,Student Center,2026-09-05T09:08:00,2026-09-05T10:30:00,82,Saturday,True
8470,u_135,Computer Lab A,2026-09-05T09:10:00,2026-09-05T10:11:00,61,Saturday,True
8363,u_074,Computer Lab B,2026-09-05T09:11:00,2026-09-05T10:44:00,93,Saturday,True
8379,u_084,Computer Lab A,2026-09-05T09:14:00,2026-09-05T09:54:00,40,Saturday,True
8458,u_128,WiFi Zone North,2026-09-05T09:43:00,2026-09-05T11:22:00,99,Saturday,False
8429,u_113,Computer Lab B,2026-09-05T09:48:00,2026-09-05T11:06:00,78,Saturday,True
8311,u_043,Computer Lab B,2026-09-05T09:57:00,2026-09-05T10:51:00,54,Saturday,True
8370,u_078,Computer Lab B,2026-09-05T10:00:00,2026-09-05T10:54:00,54,Saturday,True
8521,u_163,Computer Lab B,2026-09-05T10:00:00,2026-09-05T11:28:00,88,Saturday,True
8407,u_101,WiFi Zone South,2026-09-05T10:03:00,2026-09-05T11:29:00,86,Saturday,False
8353,u_066,Computer Lab B,2026-09-05T10:05:00,2026-09-05T11:44:00,99,Saturday,True
8503,u_153,Student Center,2026-09-05T10:05:00,2026-09-05T11:22:00,77,Saturday,True
8289,u_032,WiFi Zone North,2026-09-05T10:06:00,2026-09-05T10:24:00,18,Saturday,False
8320,u_046,Computer Lab B,2026-09-05T10:08:00,2026-09-05T11:58:00,110,Saturday,True
8275,u_021,Student Center,2026-09-05T10:09:00,2026-09-05T10:55:00,46,Saturday,True
8247,u_002,WiFi Zone South,2026-09-05T10:25:00,2026-09-05T10:58:00,33,Saturday,False
8536,u_174,Indoor Sports Complex,2026-09-05T10:38:00,2026-09-05T12:23:00,105,Saturday,False
8428,u_113,Student Center,2026-09-05T10:39:00,2026-09-05T11:55:00,76,Saturday,True
8253,u_006,Computer Lab B,2026-09-05T10:47:00,2026-09-05T11:48:00,61,Saturday,True
8248,u_002,Student Center,2026-09-05T10:50:00,2026-09-05T11:59:00,69,Saturday,True
8442,u_122,Student Center,2026-09-05T10:52:00,2026-09-05T12:05:00,73,Saturday,True
8545,u_180,Student Center,2026-09-05T10:54:00,2026-09-05T11:40:00,46,Saturday,True
8259,u_012,Student Center,2026-09-05T10:56:00,2026-09-05T12:13:00,77,Saturday,True
8541,u_177,Computer Lab B,2026-09-05T10:58:00,2026-09-05T11:37:00,39,Saturday,True
8285,u_029,Computer Lab A,2026-09-05T10:59:00,2026-09-05T12:04:00,65,Saturday,True
8571,u_196,Computer Lab A,2026-09-05T11:00:00,2026-09-05T11:57:00,57,Saturday,True
8548,u_183,Computer Lab B,2026-09-05T11:01:00,2026-09-05T12:28:00,87,Saturday,True
8468,u_134,Student Center,2026-09-05T11:02:00,2026-09-05T12:02:00,60,Saturday,True
8506,u_154,Computer Lab A,2026-09-05T11:03:00,2026-09-05T11:57:00,54,Saturday,True
8322,u_048,Central Cafeteria,2026-09-05T11:04:00,2026-09-05T12:10:00,66,Saturday,False
8433,u_117,Computer Lab A,2026-09-05T11:05:00,2026-09-05T12:12:00,67,Saturday,True
8508,u_155,Computer Lab A,2026-09-05T11:05:00,2026-09-05T12:48:00,103,Saturday,True
8523,u_164,Student Center,2026-09-05T11:07:00,2026-09-05T12:54:00,107,Saturday,True
8302,u_038,Computer Lab A,2026-09-05T11:13:00,2026-09-05T11:58:00,45,Saturday,True
8397,u_094,Student Center,2026-09-05T11:16:00,2026-09-05T12:24:00,68,Saturday,True
8559,u_190,Student Center,2026-09-05T11:44:00,2026-09-05T13:28:00,104,Saturday,True
8450,u_124,Computer Lab B,2026-09-05T11:54:00,2026-09-05T12:55:00,61,Saturday,True
8466,u_134,Computer Lab A,2026-09-05T11:54:00,2026-09-05T12:58:00,64,Saturday,True
8449,u_124,Student Center,2026-09-05T11:58:00,2026-09-05T13:07:00,69,Saturday,True
8462,u_130,Student Center,2026-09-05T12:00:00,2026-09-05T13:18:00,78,Saturday,True
8263,u_017,Student Center,2026-09-05T12:07:00,2026-09-05T13:53:00,106,Saturday,True
8514,u_158,Central Cafeteria,2026-09-05T12:10:00,2026-09-05T12:56:00,46,Saturday,True
8550,u_185,Student Center,2026-09-05T12:10:00,2026-09-05T13:24:00,74,Saturday,True
8250,u_004,Food Court,2026-09-05T12:12:00,2026-09-05T12:44:00,32,Saturday,True
8491,u_149,Student Center,2026-09-05T12:12:00,2026-09-05T13:51:00,99,Saturday,True
8558,u_190,Computer Lab B,2026-09-05T12:15:00,2026-09-05T13:45:00,90,Saturday,True
8565,u_193,Food Court,2026-09-05T12:16:00,2026-09-05T13:20:00,64,Saturday,True
8341,u_060,Indoor Sports Complex,2026-09-05T12:19:00,2026-09-05T13:44:00,85,Saturday,False
8556,u_190,Central Cafeteria,2026-09-05T12:19:00,2026-09-05T13:05:00,46,Saturday,True
8438,u_119,Central Cafeteria,2026-09-05T12:20:00,2026-09-05T13:12:00,52,Saturday,True
8342,u_060,Food Court,2026-09-05T12:22:00,2026-09-05T12:59:00,37,Saturday,True
8439,u_120,Food Court,2026-09-05T12:22:00,2026-09-05T13:12:00,50,Saturday,True
8265,u_017,Food Court,2026-09-05T12:24:00,2026-09-05T13:28:00,64,Saturday,True
8290,u_032,Central Cafeteria,2026-09-05T12:25:00,2026-09-05T13:23:00,58,Saturday,True
8391,u_090,Central Cafeteria,2026-09-05T12:27:00,2026-09-05T13:07:00,40,Saturday,True
8434,u_117,Central Cafeteria,2026-09-05T12:30:00,2026-09-05T13:41:00,71,Saturday,True
8467,u_134,Food Court,2026-09-05T12:30:00,2026-09-05T13:49:00,79,Saturday,True
8497,u_151,Food Court,2026-09-05T12:30:00,2026-09-05T12:52:00,22,Saturday,True
8499,u_151,Central Cafeteria,2026-09-05T12:30:00,2026-09-05T13:15:00,45,Saturday,True
8501,u_152,Food Court,2026-09-05T12:30:00,2026-09-05T13:27:00,57,Saturday,True
8281,u_026,Food Court,2026-09-05T12:31:00,2026-09-05T13:15:00,44,Saturday,True
8414,u_105,Central Cafeteria,2026-09-05T12:31:00,2026-09-05T13:00:00,29,Saturday,True
8413,u_105,Food Court,2026-09-05T12:33:00,2026-09-05T13:21:00,48,Saturday,True
8464,u_132,Food Court,2026-09-05T12:33:00,2026-09-05T13:15:00,42,Saturday,True
8352,u_065,Central Cafeteria,2026-09-05T12:36:00,2026-09-05T13:29:00,53,Saturday,True
8482,u_142,Central Cafeteria,2026-09-05T12:36:00,2026-09-05T13:17:00,41,Saturday,True
8575,u_197,Central Cafeteria,2026-09-05T12:36:00,2026-09-05T13:55:00,79,Saturday,True
8504,u_153,Food Court,2026-09-05T12:38:00,2026-09-05T13:10:00,32,Saturday,True
8540,u_177,Food Court,2026-09-05T12:40:00,2026-09-05T13:24:00,44,Saturday,True
8416,u_106,Computer Lab B,2026-09-05T12:42:00,2026-09-05T13:19:00,37,Saturday,True
8519,u_162,Central Cafeteria,2026-09-05T12:43:00,2026-09-05T13:41:00,58,Saturday,True
8484,u_144,Computer Lab B,2026-09-05T12:48:00,2026-09-05T14:07:00,79,Saturday,True
8389,u_090,Computer Lab A,2026-09-05T12:52:00,2026-09-05T14:18:00,86,Saturday,False
8486,u_146,Computer Lab A,2026-09-05T12:52:00,2026-09-05T13:49:00,57,Saturday,True
8498,u_151,Computer Lab B,2026-09-05T12:53:00,2026-09-05T13:53:00,60,Saturday,True
8538,u_175,Student Center,2026-09-05T12:54:00,2026-09-05T13:39:00,45,Saturday,True
8578,u_198,Computer Lab A,2026-09-05T12:55:00,2026-09-05T14:08:00,73,Saturday,True
8535,u_173,Student Center,2026-09-05T12:57:00,2026-09-05T14:37:00,100,Saturday,True
8362,u_073,Student Center,2026-09-05T12:59:00,2026-09-05T13:50:00,51,Saturday,True
8579,u_198,Student Center,2026-09-05T13:00:00,2026-09-05T13:53:00,53,Saturday,True
8377,u_081,Computer Lab A,2026-09-05T13:01:00,2026-09-05T14:45:00,104,Saturday,True
8420,u_109,Computer Lab B,2026-09-05T13:01:00,2026-09-05T13:59:00,58,Saturday,True
8520,u_162,Student Center,2026-09-05T13:06:00,2026-09-05T14:53:00,107,Saturday,True
8567,u_193,Computer Lab B,2026-09-05T13:09:00,2026-09-05T14:04:00,55,Saturday,True
8516,u_160,Student Center,2026-09-05T13:11:00,2026-09-05T14:58:00,107,Saturday,True
8494,u_150,Student Center,2026-09-05T13:13:00,2026-09-05T14:04:00,51,Saturday,True
8371,u_079,Computer Lab A,2026-09-05T13:15:00,2026-09-05T14:08:00,53,Saturday,True
8415,u_106,Student Center,2026-09-05T13:30:00,2026-09-05T15:02:00,92,Saturday,True
8256,u_009,Student Center,2026-09-05T13:42:00,2026-09-05T15:06:00,84,Saturday,True
8298,u_036,Student Center,2026-09-05T13:48:00,2026-09-05T14:46:00,58,Saturday,True
8553,u_187,Computer Lab B,2026-09-05T13:49:00,2026-09-05T14:49:00,60,Saturday,True
8306,u_040,Computer Lab A,2026-09-05T13:55:00,2026-09-05T15:33:00,98,Saturday,True
8246,u_001,Student Center,2026-09-05T13:56:00,2026-09-05T15:33:00,97,Saturday,True
8396,u_093,Computer Lab B,2026-09-05T13:56:00,2026-09-05T15:02:00,66,Saturday,True
8583,u_199,Computer Lab A,2026-09-05T13:57:00,2026-09-05T15:46:00,109,Saturday,True
8315,u_044,Student Center,2026-09-05T13:58:00,2026-09-05T14:58:00,60,Saturday,True
8432,u_116,Student Center,2026-09-05T13:58:00,2026-09-05T15:05:00,67,Saturday,True
8354,u_067,Student Center,2026-09-05T13:59:00,2026-09-05T14:34:00,35,Saturday,True
8463,u_131,Student Center,2026-09-05T14:00:00,2026-09-05T14:53:00,53,Saturday,True
8423,u_110,Computer Lab A,2026-09-05T14:02:00,2026-09-05T15:13:00,71,Saturday,True
8349,u_064,Student Center,2026-09-05T14:11:00,2026-09-05T15:22:00,71,Saturday,True
8481,u_141,Computer Lab A,2026-09-05T14:13:00,2026-09-05T15:04:00,51,Saturday,True
8344,u_061,Computer Lab A,2026-09-05T14:15:00,2026-09-05T15:01:00,46,Saturday,True
8309,u_041,Computer Lab A,2026-09-05T14:46:00,2026-09-05T15:50:00,64,Saturday,True
8338,u_058,Computer Lab B,2026-09-05T14:49:00,2026-09-05T15:37:00,48,Saturday,True
8515,u_159,Student Center,2026-09-05T14:51:00,2026-09-05T15:57:00,66,Saturday,True
8490,u_148,Computer Lab A,2026-09-05T14:57:00,2026-09-05T15:54:00,57,Saturday,True
8385,u_087,Student Center,2026-09-05T14:58:00,2026-09-05T15:46:00,48,Saturday,True
8267,u_018,Computer Lab A,2026-09-05T15:04:00,2026-09-05T15:43:00,39,Saturday,True
8426,u_112,Student Center,2026-09-05T15:15:00,2026-09-05T16:13:00,58,Saturday,True
8581,u_199,Student Center,2026-09-05T15:16:00,2026-09-05T16:10:00,54,Saturday,True
8526,u_167,Food Court,2026-09-05T15:18:00,2026-09-05T16:44:00,86,Saturday,False
8512,u_156,Computer Lab B,2026-09-05T15:43:00,2026-09-05T17:32:00,109,Saturday,True
8445,u_123,Computer Lab B,2026-09-05T15:50:00,2026-09-05T16:45:00,55,Saturday,True
8380,u_084,Science Library,2026-09-05T15:51:00,2026-09-05T17:10:00,79,Saturday,True
8326,u_049,Computer Lab A,2026-09-05T15:53:00,2026-09-05T16:57:00,64,Saturday,True
8303,u_039,Main Library,2026-09-05T15:54:00,2026-09-05T17:56:00,122,Saturday,True
8383,u_085,Science Library,2026-09-05T15:57:00,2026-09-05T17:57:00,120,Saturday,True
8392,u_091,Computer Lab B,2026-09-05T15:59:00,2026-09-05T16:55:00,56,Saturday,True
8357,u_070,Main Library,2026-09-05T16:00:00,2026-09-05T17:29:00,89,Saturday,True
8280,u_025,Computer Lab B,2026-09-05T16:01:00,2026-09-05T16:58:00,57,Saturday,True
8301,u_038,Science Library,2026-09-05T16:01:00,2026-09-05T20:05:00,244,Saturday,True
8382,u_085,Student Center,2026-09-05T16:02:00,2026-09-05T17:17:00,75,Saturday,True
8488,u_147,Student Center,2026-09-05T16:02:00,2026-09-05T17:30:00,88,Saturday,True
8483,u_144,Student Center,2026-09-05T16:08:00,2026-09-05T16:58:00,50,Saturday,True
8582,u_199,Science Library,2026-09-05T16:09:00,2026-09-05T17:50:00,101,Saturday,True
8573,u_196,Science Library,2026-09-05T16:10:00,2026-09-05T19:09:00,179,Saturday,True
8451,u_125,Science Library,2026-09-05T16:15:00,2026-09-05T17:30:00,75,Saturday,True
8527,u_167,Student Center,2026-09-05T16:16:00,2026-09-05T17:05:00,49,Saturday,True
8479,u_140,Science Library,2026-09-05T16:36:00,2026-09-05T19:23:00,167,Saturday,True
8430,u_115,Main Library,2026-09-05T16:44:00,2026-09-05T20:53:00,249,Saturday,True
8525,u_164,Indoor Sports Complex,2026-09-05T16:52:00,2026-09-05T18:39:00,107,Saturday,True
8469,u_135,Main Library,2026-09-05T16:54:00,2026-09-05T19:00:00,126,Saturday,True
8276,u_022,Indoor Sports Complex,2026-09-05T16:55:00,2026-09-05T17:54:00,59,Saturday,True
8489,u_148,Indoor Sports Complex,2026-09-05T16:56:00,2026-09-05T18:38:00,102,Saturday,True
8478,u_140,Gymnasium,2026-09-05T17:01:00,2026-09-05T17:55:00,54,Saturday,True
8472,u_136,Science Library,2026-09-05T17:07:00,2026-09-05T21:23:00,256,Saturday,True
8394,u_092,Indoor Sports Complex,2026-09-05T17:08:00,2026-09-05T18:43:00,95,Saturday,True
8518,u_162,Indoor Sports Complex,2026-09-05T17:08:00,2026-09-05T18:28:00,80,Saturday,True
8314,u_044,Indoor Sports Complex,2026-09-05T17:12:00,2026-09-05T18:02:00,50,Saturday,True
8329,u_051,Science Library,2026-09-05T17:12:00,2026-09-05T21:00:00,228,Saturday,True
8337,u_058,Science Library,2026-09-05T17:13:00,2026-09-05T18:37:00,84,Saturday,True
8378,u_082,Gymnasium,2026-09-05T17:18:00,2026-09-05T18:26:00,68,Saturday,True
8325,u_049,Science Library,2026-09-05T17:33:00,2026-09-05T18:56:00,83,Saturday,False
8258,u_011,Gymnasium,2026-09-05T17:34:00,2026-09-05T19:08:00,94,Saturday,False
8366,u_076,Gymnasium,2026-09-05T17:41:00,2026-09-05T19:32:00,111,Saturday,False
8295,u_034,Indoor Sports Complex,2026-09-05T17:48:00,2026-09-05T19:24:00,96,Saturday,True
8533,u_172,Science Library,2026-09-05T17:49:00,2026-09-05T19:07:00,78,Saturday,False
8406,u_100,Science Library,2026-09-05T17:50:00,2026-09-05T19:48:00,118,Saturday,True
8360,u_072,Indoor Sports Complex,2026-09-05T17:51:00,2026-09-05T19:03:00,72,Saturday,True
8528,u_167,Main Library,2026-09-05T17:53:00,2026-09-05T20:45:00,172,Saturday,True
8330,u_051,Indoor Sports Complex,2026-09-05T17:54:00,2026-09-05T18:59:00,65,Saturday,True
8348,u_063,Science Library,2026-09-05T17:54:00,2026-09-05T20:24:00,150,Saturday,True
8399,u_095,Main Library,2026-09-05T18:00:00,2026-09-05T20:36:00,156,Saturday,False
8288,u_031,Science Library,2026-09-05T18:01:00,2026-09-05T21:43:00,222,Saturday,True
8282,u_027,Science Library,2026-09-05T18:03:00,2026-09-05T20:03:00,120,Saturday,True
8305,u_040,Gymnasium,2026-09-05T18:05:00,2026-09-05T18:50:00,45,Saturday,True
8455,u_126,Indoor Sports Complex,2026-09-05T18:05:00,2026-09-05T18:42:00,37,Saturday,True
8441,u_121,Science Library,2026-09-05T18:06:00,2026-09-05T20:09:00,123,Saturday,True
8452,u_125,Indoor Sports Complex,2026-09-05T18:06:00,2026-09-05T19:09:00,63,Saturday,True
8291,u_032,Indoor Sports Complex,2026-09-05T18:08:00,2026-09-05T19:15:00,67,Saturday,True
8369,u_078,Science Library,2026-09-05T18:10:00,2026-09-05T20:00:00,110,Saturday,True
8446,u_123,Main Library,2026-09-05T18:10:00,2026-09-05T20:10:00,120,Saturday,True
8304,u_039,Gymnasium,2026-09-05T18:15:00,2026-09-05T18:46:00,31,Saturday,True
8274,u_021,Main Library,2026-09-05T18:17:00,2026-09-05T19:59:00,102,Saturday,True
8496,u_151,Computer Lab B,2026-09-05T18:19:00,2026-09-05T18:43:00,24,Saturday,False
8531,u_170,Main Library,2026-09-05T18:19:00,2026-09-05T19:24:00,65,Saturday,True
8465,u_133,Indoor Sports Complex,2026-09-05T18:23:00,2026-09-05T18:59:00,36,Saturday,True
8262,u_016,Main Library,2026-09-05T18:25:00,2026-09-05T19:29:00,64,Saturday,False
8340,u_059,Main Library,2026-09-05T18:30:00,2026-09-05T20:29:00,119,Saturday,False
8456,u_126,Science Library,2026-09-05T18:42:00,2026-09-05T23:00:00,258,Saturday,True
8493,u_150,Central Cafeteria,2026-09-05T18:45:00,2026-09-05T19:25:00,40,Saturday,True
8529,u_168,Food Court,2026-09-05T18:46:00,2026-09-05T20:02:00,76,Saturday,True
8431,u_116,Science Library,2026-09-05T18:49:00,2026-09-05T19:39:00,50,Saturday,False
8297,u_036,Food Court,2026-09-05T18:50:00,2026-09-05T20:10:00,80,Saturday,True
8443,u_122,Central Cafeteria,2026-09-05T18:50:00,2026-09-05T19:56:00,66,Saturday,True
8270,u_019,Science Library,2026-09-05T18:51:00,2026-09-05T23:11:00,260,Saturday,True
8277,u_022,Main Library,2026-09-05T18:55:00,2026-09-05T22:43:00,228,Saturday,True
8546,u_181,Food Court,2026-09-05T18:55:00,2026-09-05T19:56:00,61,Saturday,True
8332,u_054,Food Court,2026-09-05T18:56:00,2026-09-05T20:12:00,76,Saturday,True
8351,u_065,Main Library,2026-09-05T18:56:00,2026-09-05T20:06:00,70,Saturday,True
8375,u_081,Main Library,2026-09-05T18:56:00,2026-09-05T21:02:00,126,Saturday,True
8542,u_177,Science Library,2026-09-05T18:56:00,2026-09-05T20:03:00,67,Saturday,True
8324,u_048,Science Library,2026-09-05T18:57:00,2026-09-05T21:56:00,179,Saturday,True
8361,u_073,Central Cafeteria,2026-09-05T18:57:00,2026-09-05T19:50:00,53,Saturday,True
8364,u_075,Food Court,2026-09-05T18:57:00,2026-09-05T20:02:00,65,Saturday,True
8334,u_055,Gymnasium,2026-09-05T18:58:00,2026-09-05T19:33:00,35,Saturday,True
8376,u_081,Indoor Sports Complex,2026-09-05T18:59:00,2026-09-05T20:32:00,93,Saturday,True
8534,u_172,Central Cafeteria,2026-09-05T18:59:00,2026-09-05T19:44:00,45,Saturday,True
8580,u_199,Gymnasium,2026-09-05T18:59:00,2026-09-05T19:55:00,56,Saturday,True
8286,u_030,Science Library,2026-09-05T19:00:00,2026-09-05T21:15:00,135,Saturday,True
8310,u_042,Food Court,2026-09-05T19:00:00,2026-09-05T19:37:00,37,Saturday,True
8333,u_054,Central Cafeteria,2026-09-05T19:00:00,2026-09-05T20:01:00,61,Saturday,True
8530,u_169,Main Library,2026-09-05T19:00:00,2026-09-05T21:25:00,145,Saturday,True
8537,u_174,Indoor Sports Complex,2026-09-05T19:00:00,2026-09-05T20:48:00,108,Saturday,True
8336,u_057,Gymnasium,2026-09-05T19:01:00,2026-09-05T19:45:00,44,Saturday,True
8427,u_112,Main Library,2026-09-05T19:02:00,2026-09-05T21:23:00,141,Saturday,True
8368,u_078,Food Court,2026-09-05T19:03:00,2026-09-05T19:52:00,49,Saturday,True
8401,u_098,Science Library,2026-09-05T19:03:00,2026-09-05T20:43:00,100,Saturday,True
8539,u_176,Food Court,2026-09-05T19:03:00,2026-09-05T20:21:00,78,Saturday,True
8552,u_186,Main Library,2026-09-05T19:03:00,2026-09-05T20:11:00,68,Saturday,True
8294,u_034,Science Library,2026-09-05T19:04:00,2026-09-05T21:08:00,124,Saturday,True
8317,u_045,Main Library,2026-09-05T19:05:00,2026-09-05T22:00:00,175,Saturday,True
8345,u_061,Food Court,2026-09-05T19:05:00,2026-09-05T19:58:00,53,Saturday,True
8543,u_179,Food Court,2026-09-05T19:05:00,2026-09-05T19:52:00,47,Saturday,True
8271,u_020,Central Cafeteria,2026-09-05T19:07:00,2026-09-05T19:41:00,34,Saturday,True
8410,u_102,Main Library,2026-09-05T19:07:00,2026-09-05T20:53:00,106,Saturday,False
8474,u_137,Central Cafeteria,2026-09-05T19:07:00,2026-09-05T20:24:00,77,Saturday,True
8561,u_191,Main Library,2026-09-05T19:07:00,2026-09-05T20:48:00,101,Saturday,True
8459,u_128,Science Library,2026-09-05T19:08:00,2026-09-05T20:40:00,92,Saturday,False
8554,u_189,Gymnasium,2026-09-05T19:08:00,2026-09-05T20:25:00,77,Saturday,True
8331,u_051,Main Library,2026-09-05T19:10:00,2026-09-05T21:26:00,136,Saturday,False
8557,u_190,Science Library,2026-09-05T19:11:00,2026-09-05T23:11:00,240,Saturday,True
8461,u_129,Science Library,2026-09-05T19:12:00,2026-09-05T20:22:00,70,Saturday,True
8563,u_192,Food Court,2026-09-05T19:12:00,2026-09-05T20:17:00,65,Saturday,True
8278,u_023,Gymnasium,2026-09-05T19:17:00,2026-09-05T20:33:00,76,Saturday,True
8350,u_064,Central Cafeteria,2026-09-05T19:17:00,2026-09-05T20:22:00,65,Saturday,True
8255,u_007,Gymnasium,2026-09-05T19:21:00,2026-09-05T19:50:00,29,Saturday,True
8328,u_050,Science Library,2026-09-05T19:21:00,2026-09-05T21:24:00,123,Saturday,False
8356,u_069,Science Library,2026-09-05T19:23:00,2026-09-05T20:26:00,63,Saturday,False
8502,u_152,Science Library,2026-09-05T19:29:00,2026-09-05T20:30:00,61,Saturday,False
8365,u_075,Main Library,2026-09-05T19:33:00,2026-09-05T22:25:00,172,Saturday,False
8572,u_196,Gymnasium,2026-09-05T19:33:00,2026-09-05T20:07:00,34,Saturday,True
8475,u_138,Indoor Sports Complex,2026-09-05T19:39:00,2026-09-05T20:14:00,35,Saturday,True
8569,u_194,Science Library,2026-09-05T19:39:00,2026-09-05T22:02:00,143,Saturday,False
8460,u_129,Main Library,2026-09-05T19:47:00,2026-09-05T21:12:00,85,Saturday,True
8544,u_179,Indoor Sports Complex,2026-09-05T19:47:00,2026-09-05T20:28:00,41,Saturday,True
8339,u_058,Main Library,2026-09-05T19:51:00,2026-09-05T21:22:00,91,Saturday,False
8436,u_118,Science Library,2026-09-05T19:55:00,2026-09-05T21:09:00,74,Saturday,True
8319,u_045,Science Library,2026-09-05T19:57:00,2026-09-05T21:19:00,82,Saturday,False
8435,u_117,Science Library,2026-09-05T19:58:00,2026-09-05T22:16:00,138,Saturday,False
8507,u_154,Main Library,2026-09-05T19:58:00,2026-09-05T22:12:00,134,Saturday,False
8346,u_062,Science Library,2026-09-05T20:00:00,2026-09-05T22:34:00,154,Saturday,True
8395,u_092,Gymnasium,2026-09-05T20:00:00,2026-09-05T20:55:00,55,Saturday,True
8308,u_041,Main Library,2026-09-05T20:02:00,2026-09-05T21:49:00,107,Saturday,True
8323,u_048,Gymnasium,2026-09-05T20:03:00,2026-09-05T20:35:00,32,Saturday,True
8384,u_086,Main Library,2026-09-05T20:04:00,2026-09-05T22:54:00,170,Saturday,True
8564,u_193,Student Center,2026-09-05T20:04:00,2026-09-05T22:03:00,119,Saturday,False
8418,u_107,Indoor Sports Complex,2026-09-05T20:06:00,2026-09-05T20:56:00,50,Saturday,True
8398,u_095,Indoor Sports Complex,2026-09-05T20:07:00,2026-09-05T21:03:00,56,Saturday,True
8272,u_020,Science Library,2026-09-05T20:09:00,2026-09-05T22:01:00,112,Saturday,False
8300,u_036,Main Library,2026-09-05T20:10:00,2026-09-05T21:46:00,96,Saturday,False
8476,u_138,Science Library,2026-09-05T20:12:00,2026-09-05T21:20:00,68,Saturday,False
8372,u_079,Main Library,2026-09-05T20:23:00,2026-09-05T21:35:00,72,Saturday,True
8374,u_080,Science Library,2026-09-05T20:23:00,2026-09-05T21:43:00,80,Saturday,False
8562,u_192,Main Library,2026-09-05T20:24:00,2026-09-05T23:13:00,169,Saturday,True
8252,u_005,Science Library,2026-09-05T20:37:00,2026-09-05T21:44:00,67,Saturday,False
8355,u_068,Science Library,2026-09-05T20:37:00,2026-09-05T22:30:00,113,Saturday,False
8335,u_055,Main Library,2026-09-05T20:43:00,2026-09-05T22:40:00,117,Saturday,False
8522,u_163,Science Library,2026-09-05T20:46:00,2026-09-05T23:45:00,179,Saturday,False
8524,u_164,Main Library,2026-09-05T20:47:00,2026-09-06T00:41:00,234,Saturday,True
8279,u_025,Gymnasium,2026-09-05T20:49:00,2026-09-05T21:50:00,61,Saturday,False
8577,u_198,Computer Lab A,2026-09-05T20:49:00,2026-09-05T21:35:00,46,Saturday,False
8373,u_079,Science Library,2026-09-05T20:54:00,2026-09-05T22:11:00,77,Saturday,False
8448,u_124,Science Library,2026-09-05T20:57:00,2026-09-05T23:21:00,144,Saturday,True
8268,u_018,Science Library,2026-09-05T20:58:00,2026-09-06T01:10:00,252,Saturday,True
8387,u_089,Science Library,2026-09-05T21:01:00,2026-09-05T23:17:00,136,Saturday,True
8312,u_043,Main Library,2026-09-05T21:02:00,2026-09-05T23:45:00,163,Saturday,True
8424,u_110,Science Library,2026-09-05T21:06:00,2026-09-05T22:40:00,94,Saturday,False
8453,u_125,Main Library,2026-09-05T21:06:00,2026-09-05T22:14:00,68,Saturday,True
8251,u_004,Science Library,2026-09-05T21:07:00,2026-09-05T23:19:00,132,Saturday,False
8296,u_034,Science Library,2026-09-05T21:08:00,2026-09-05T22:49:00,101,Saturday,False
8411,u_103,Main Library,2026-09-05T21:16:00,2026-09-06T01:02:00,226,Saturday,True
8266,u_017,Main Library,2026-09-05T21:17:00,2026-09-05T22:30:00,73,Saturday,False
8367,u_077,Main Library,2026-09-05T21:19:00,2026-09-06T01:11:00,232,Saturday,True
8560,u_190,Main Library,2026-09-05T21:19:00,2026-09-05T23:30:00,131,Saturday,False
8388,u_089,Science Library,2026-09-05T21:32:00,2026-09-06T00:04:00,152,Saturday,False
8568,u_193,Science Library,2026-09-05T21:32:00,2026-09-05T23:50:00,138,Saturday,False
8422,u_109,Main Library,2026-09-05T21:38:00,2026-09-06T00:02:00,144,Saturday,False
8313,u_043,Main Library,2026-09-05T21:44:00,2026-09-05T23:44:00,120,Saturday,False
8261,u_015,Science Library,2026-09-05T21:49:00,2026-09-05T23:59:00,130,Saturday,False
8513,u_157,Main Library,2026-09-05T21:54:00,2026-09-06T00:15:00,141,Saturday,False
8393,u_091,Main Library,2026-09-05T21:59:00,2026-09-05T23:52:00,113,Saturday,False
8293,u_032,Main Library,2026-09-05T22:05:00,2026-09-06T00:36:00,151,Saturday,False
8386,u_087,Main Library,2026-09-05T22:06:00,2026-09-05T23:11:00,65,Saturday,False
8480,u_140,Main Library,2026-09-05T22:06:00,2026-09-05T23:42:00,96,Saturday,False
8419,u_108,Main Library,2026-09-05T22:08:00,2026-09-06T00:29:00,141,Saturday,False
8485,u_144,Main Library,2026-09-05T22:28:00,2026-09-05T23:48:00,80,Saturday,False
8492,u_149,Science Library,2026-09-05T22:35:00,2026-09-06T00:43:00,128,Saturday,False
8257,u_009,Main Library,2026-09-05T22:37:00,2026-09-06T01:14:00,157,Saturday,False
8551,u_185,Science Library,2026-09-05T22:39:00,2026-09-06T00:51:00,132,Saturday,False
8574,u_196,Science Library,2026-09-05T22:40:00,2026-09-06T00:10:00,90,Saturday,False
8403,u_099,Main Library,2026-09-05T22:51:00,2026-09-06T00:03:00,72,Saturday,False
8440,u_120,Science Library,2026-09-05T22:56:00,2026-09-06T00:35:00,99,Saturday,False
8844,u_150,Indoor Sports Complex,2026-09-06T05:39:00,2026-09-06T06:38:00,59,Sunday,True
8705,u_072,Gymnasium,2026-09-06T05:48:00,2026-09-06T06:57:00,69,Sunday,True
8930,u_194,Indoor Sports Complex,2026-09-06T05:53:00,2026-09-06T07:32:00,99,Sunday,True
8814,u_134,Gymnasium,2026-09-06T05:54:00,2026-09-06T06:43:00,49,Sunday,True
8819,u_136,Indoor Sports Complex,2026-09-06T05:56:00,2026-09-06T06:32:00,36,Sunday,True
8585,u_001,Gymnasium,2026-09-06T05:57:00,2026-09-06T06:22:00,25,Sunday,True
8777,u_112,Indoor Sports Complex,2026-09-06T05:57:00,2026-09-06T06:46:00,49,Sunday,True
8787,u_119,Gymnasium,2026-09-06T06:00:00,2026-09-06T06:33:00,33,Sunday,True
8756,u_103,Gymnasium,2026-09-06T06:01:00,2026-09-06T06:45:00,44,Sunday,True
8937,u_196,Indoor Sports Complex,2026-09-06T06:02:00,2026-09-06T07:39:00,97,Sunday,True
8913,u_186,Indoor Sports Complex,2026-09-06T06:04:00,2026-09-06T07:21:00,77,Sunday,True
8640,u_032,Gymnasium,2026-09-06T06:07:00,2026-09-06T07:16:00,69,Sunday,True
8808,u_130,Indoor Sports Complex,2026-09-06T06:12:00,2026-09-06T07:32:00,80,Sunday,True
8825,u_139,Gymnasium,2026-09-06T06:15:00,2026-09-06T07:18:00,63,Sunday,True
8656,u_041,Indoor Sports Complex,2026-09-06T06:18:00,2026-09-06T07:38:00,80,Sunday,True
8754,u_102,Gymnasium,2026-09-06T06:41:00,2026-09-06T07:27:00,46,Sunday,True
8895,u_175,Gymnasium,2026-09-06T06:46:00,2026-09-06T07:17:00,31,Sunday,True
8672,u_050,Gymnasium,2026-09-06T06:49:00,2026-09-06T07:45:00,56,Sunday,True
8926,u_193,Indoor Sports Complex,2026-09-06T06:52:00,2026-09-06T08:00:00,68,Sunday,True
8703,u_071,Indoor Sports Complex,2026-09-06T06:55:00,2026-09-06T07:38:00,43,Sunday,True
8731,u_087,Gymnasium,2026-09-06T06:55:00,2026-09-06T07:20:00,25,Sunday,True
8764,u_106,Indoor Sports Complex,2026-09-06T06:55:00,2026-09-06T07:56:00,61,Sunday,True
8687,u_062,Indoor Sports Complex,2026-09-06T06:57:00,2026-09-06T08:32:00,95,Sunday,True
8943,u_200,Gymnasium,2026-09-06T06:58:00,2026-09-06T07:40:00,42,Sunday,True
8693,u_065,Gymnasium,2026-09-06T07:03:00,2026-09-06T07:56:00,53,Sunday,True
8929,u_194,Gymnasium,2026-09-06T07:05:00,2026-09-06T07:40:00,35,Sunday,True
8666,u_048,Indoor Sports Complex,2026-09-06T07:07:00,2026-09-06T08:16:00,69,Sunday,True
8686,u_061,Indoor Sports Complex,2026-09-06T07:09:00,2026-09-06T08:10:00,61,Sunday,True
8935,u_195,Indoor Sports Complex,2026-09-06T07:11:00,2026-09-06T08:31:00,80,Sunday,True
8675,u_052,Indoor Sports Complex,2026-09-06T07:42:00,2026-09-06T08:42:00,60,Sunday,True
8662,u_045,Gymnasium,2026-09-06T07:53:00,2026-09-06T08:30:00,37,Sunday,True
8773,u_111,Gymnasium,2026-09-06T07:53:00,2026-09-06T08:36:00,43,Sunday,True
8633,u_030,Indoor Sports Complex,2026-09-06T07:56:00,2026-09-06T09:06:00,70,Sunday,True
8595,u_008,Gymnasium,2026-09-06T07:57:00,2026-09-06T08:36:00,39,Sunday,True
8941,u_198,Indoor Sports Complex,2026-09-06T08:00:00,2026-09-06T08:57:00,57,Sunday,True
8613,u_019,Gymnasium,2026-09-06T08:02:00,2026-09-06T08:37:00,35,Sunday,True
8709,u_073,Gymnasium,2026-09-06T08:02:00,2026-09-06T08:48:00,46,Sunday,True
8631,u_029,Indoor Sports Complex,2026-09-06T08:03:00,2026-09-06T09:27:00,84,Sunday,True
8636,u_031,Indoor Sports Complex,2026-09-06T08:03:00,2026-09-06T09:38:00,95,Sunday,True
8822,u_138,Gymnasium,2026-09-06T08:04:00,2026-09-06T09:05:00,61,Sunday,True
8793,u_123,Gymnasium,2026-09-06T08:07:00,2026-09-06T08:55:00,48,Sunday,True
8785,u_119,Indoor Sports Complex,2026-09-06T08:11:00,2026-09-06T09:59:00,108,Sunday,True
8723,u_083,Indoor Sports Complex,2026-09-06T08:13:00,2026-09-06T09:08:00,55,Sunday,True
8587,u_004,Indoor Sports Complex,2026-09-06T08:15:00,2026-09-06T09:59:00,104,Sunday,True
8602,u_014,Central Cafeteria,2026-09-06T08:15:00,2026-09-06T08:54:00,39,Sunday,True
8749,u_099,Food Court,2026-09-06T08:15:00,2026-09-06T09:07:00,52,Sunday,True
8647,u_036,Central Cafeteria,2026-09-06T08:19:00,2026-09-06T08:42:00,23,Sunday,True
8904,u_180,Gymnasium,2026-09-06T08:19:00,2026-09-06T08:57:00,38,Sunday,True
8807,u_130,Food Court,2026-09-06T08:24:00,2026-09-06T09:24:00,60,Sunday,True
8601,u_013,Central Cafeteria,2026-09-06T08:27:00,2026-09-06T09:08:00,41,Sunday,True
8817,u_135,Central Cafeteria,2026-09-06T08:27:00,2026-09-06T09:19:00,52,Sunday,True
8832,u_145,Food Court,2026-09-06T08:27:00,2026-09-06T09:32:00,65,Sunday,True
8857,u_156,Central Cafeteria,2026-09-06T08:28:00,2026-09-06T09:05:00,37,Sunday,True
8681,u_056,Central Cafeteria,2026-09-06T08:29:00,2026-09-06T09:06:00,37,Sunday,True
8700,u_070,Central Cafeteria,2026-09-06T08:29:00,2026-09-06T09:34:00,65,Sunday,True
8698,u_069,Central Cafeteria,2026-09-06T08:30:00,2026-09-06T09:42:00,72,Sunday,True
8719,u_081,Central Cafeteria,2026-09-06T08:30:00,2026-09-06T09:32:00,62,Sunday,True
8851,u_154,Central Cafeteria,2026-09-06T08:31:00,2026-09-06T09:33:00,62,Sunday,True
8938,u_196,Central Cafeteria,2026-09-06T08:31:00,2026-09-06T09:24:00,53,Sunday,True
8758,u_104,Food Court,2026-09-06T08:33:00,2026-09-06T08:54:00,21,Sunday,True
8592,u_006,Central Cafeteria,2026-09-06T08:40:00,2026-09-06T09:31:00,51,Sunday,True
8746,u_098,Food Court,2026-09-06T08:40:00,2026-09-06T09:26:00,46,Sunday,True
8721,u_082,Food Court,2026-09-06T08:44:00,2026-09-06T10:04:00,80,Sunday,True
8799,u_125,Computer Lab B,2026-09-06T08:44:00,2026-09-06T09:56:00,72,Sunday,True
8865,u_161,Computer Lab B,2026-09-06T08:48:00,2026-09-06T10:29:00,101,Sunday,True
8795,u_123,Central Cafeteria,2026-09-06T08:49:00,2026-09-06T09:11:00,22,Sunday,True
8708,u_073,Computer Lab A,2026-09-06T08:55:00,2026-09-06T09:47:00,52,Sunday,True
8621,u_023,Computer Lab B,2026-09-06T08:56:00,2026-09-06T09:42:00,46,Sunday,True
8725,u_084,Computer Lab A,2026-09-06T08:57:00,2026-09-06T09:54:00,57,Sunday,True
8908,u_182,Student Center,2026-09-06T08:58:00,2026-09-06T10:37:00,99,Sunday,True
8665,u_048,WiFi Zone South,2026-09-06T08:59:00,2026-09-06T10:28:00,89,Sunday,False
8853,u_155,Computer Lab B,2026-09-06T09:03:00,2026-09-06T10:13:00,70,Sunday,True
8909,u_183,Computer Lab A,2026-09-06T09:06:00,2026-09-06T10:54:00,108,Sunday,True
8730,u_086,Student Center,2026-09-06T09:08:00,2026-09-06T10:18:00,70,Sunday,True
8765,u_106,Computer Lab A,2026-09-06T09:16:00,2026-09-06T10:12:00,56,Sunday,True
8748,u_099,Computer Lab A,2026-09-06T09:37:00,2026-09-06T11:02:00,85,Sunday,False
8712,u_076,Student Center,2026-09-06T09:46:00,2026-09-06T10:29:00,43,Sunday,True
8847,u_151,Computer Lab A,2026-09-06T10:01:00,2026-09-06T10:45:00,44,Sunday,True
8661,u_043,Computer Lab B,2026-09-06T10:02:00,2026-09-06T11:01:00,59,Sunday,True
8871,u_163,Computer Lab B,2026-09-06T10:02:00,2026-09-06T11:37:00,95,Sunday,True
8917,u_188,Computer Lab B,2026-09-06T10:03:00,2026-09-06T11:24:00,81,Sunday,True
8650,u_038,Computer Lab A,2026-09-06T10:07:00,2026-09-06T11:27:00,80,Sunday,False
8630,u_027,Computer Lab A,2026-09-06T10:09:00,2026-09-06T11:49:00,100,Sunday,True
8716,u_078,Computer Lab B,2026-09-06T10:10:00,2026-09-06T11:07:00,57,Sunday,True
8618,u_021,Student Center,2026-09-06T10:16:00,2026-09-06T11:05:00,49,Sunday,True
8852,u_154,Computer Lab A,2026-09-06T10:42:00,2026-09-06T11:57:00,75,Sunday,True
8779,u_113,Student Center,2026-09-06T10:46:00,2026-09-06T12:05:00,79,Sunday,True
8818,u_136,Central Cafeteria,2026-09-06T10:46:00,2026-09-06T12:17:00,91,Sunday,False
8593,u_006,Computer Lab B,2026-09-06T10:48:00,2026-09-06T11:24:00,36,Sunday,True
8600,u_013,Student Center,2026-09-06T10:50:00,2026-09-06T11:30:00,40,Sunday,True
8907,u_181,Computer Lab B,2026-09-06T10:56:00,2026-09-06T12:15:00,79,Sunday,True
8678,u_054,Student Center,2026-09-06T11:00:00,2026-09-06T11:56:00,56,Sunday,True
8860,u_157,Computer Lab B,2026-09-06T11:00:00,2026-09-06T12:47:00,107,Sunday,True
8854,u_155,Computer Lab A,2026-09-06T11:03:00,2026-09-06T12:32:00,89,Sunday,True
8606,u_016,Computer Lab B,2026-09-06T11:04:00,2026-09-06T12:09:00,65,Sunday,True
8768,u_108,Student Center,2026-09-06T11:05:00,2026-09-06T12:00:00,55,Sunday,True
8816,u_135,Student Center,2026-09-06T11:07:00,2026-09-06T12:52:00,105,Sunday,True
8889,u_173,Computer Lab A,2026-09-06T11:08:00,2026-09-06T11:54:00,46,Sunday,True
8873,u_164,Student Center,2026-09-06T11:12:00,2026-09-06T12:41:00,89,Sunday,True
8812,u_133,Student Center,2026-09-06T11:15:00,2026-09-06T12:41:00,86,Sunday,True
8910,u_183,Computer Lab B,2026-09-06T11:18:00,2026-09-06T12:48:00,90,Sunday,True
8659,u_042,Student Center,2026-09-06T11:19:00,2026-09-06T12:48:00,89,Sunday,True
8840,u_148,Student Center,2026-09-06T11:36:00,2026-09-06T12:59:00,83,Sunday,True
8878,u_166,Student Center,2026-09-06T11:44:00,2026-09-06T12:48:00,64,Sunday,True
8724,u_084,Central Cafeteria,2026-09-06T11:53:00,2026-09-06T13:20:00,87,Sunday,False
8624,u_023,Computer Lab A,2026-09-06T11:54:00,2026-09-06T12:54:00,60,Sunday,True
8797,u_124,Student Center,2026-09-06T11:55:00,2026-09-06T12:51:00,56,Sunday,True
8813,u_134,Computer Lab A,2026-09-06T11:58:00,2026-09-06T12:52:00,54,Sunday,True
8741,u_094,Computer Lab B,2026-09-06T12:00:00,2026-09-06T13:12:00,72,Sunday,True
8782,u_117,Student Center,2026-09-06T12:02:00,2026-09-06T13:24:00,82,Sunday,True
8842,u_149,Student Center,2026-09-06T12:03:00,2026-09-06T13:39:00,96,Sunday,True
8589,u_004,Food Court,2026-09-06T12:04:00,2026-09-06T12:34:00,30,Sunday,True
8912,u_185,Student Center,2026-09-06T12:17:00,2026-09-06T13:32:00,75,Sunday,True
8726,u_084,Central Cafeteria,2026-09-06T12:18:00,2026-09-06T13:20:00,62,Sunday,True
8676,u_053,Central Cafeteria,2026-09-06T12:21:00,2026-09-06T13:00:00,39,Sunday,True
8887,u_171,Food Court,2026-09-06T12:23:00,2026-09-06T13:02:00,39,Sunday,True
8911,u_185,Food Court,2026-09-06T12:23:00,2026-09-06T13:13:00,50,Sunday,True
8849,u_153,Food Court,2026-09-06T12:24:00,2026-09-06T13:12:00,48,Sunday,True
8903,u_180,Food Court,2026-09-06T12:25:00,2026-09-06T13:23:00,58,Sunday,True
8868,u_162,Central Cafeteria,2026-09-06T12:30:00,2026-09-06T13:28:00,58,Sunday,True
8881,u_169,Central Cafeteria,2026-09-06T12:30:00,2026-09-06T13:47:00,77,Sunday,True
8599,u_011,Food Court,2026-09-06T12:31:00,2026-09-06T13:06:00,35,Sunday,True
8627,u_025,Food Court,2026-09-06T12:32:00,2026-09-06T13:26:00,54,Sunday,True
8786,u_119,Central Cafeteria,2026-09-06T12:32:00,2026-09-06T13:30:00,58,Sunday,True
8608,u_017,Food Court,2026-09-06T12:33:00,2026-09-06T13:38:00,65,Sunday,True
8760,u_105,Central Cafeteria,2026-09-06T12:34:00,2026-09-06T13:12:00,38,Sunday,True
8690,u_064,Gymnasium,2026-09-06T12:35:00,2026-09-06T13:16:00,41,Sunday,False
8759,u_105,Food Court,2026-09-06T12:36:00,2026-09-06T13:11:00,35,Sunday,True
8861,u_158,Central Cafeteria,2026-09-06T12:43:00,2026-09-06T13:30:00,47,Sunday,True
8720,u_081,Computer Lab A,2026-09-06T12:48:00,2026-09-06T14:21:00,93,Sunday,True
8729,u_086,Computer Lab B,2026-09-06T12:51:00,2026-09-06T13:45:00,54,Sunday,True
8931,u_194,Student Center,2026-09-06T12:51:00,2026-09-06T13:50:00,59,Sunday,True
8896,u_176,Computer Lab B,2026-09-06T12:52:00,2026-09-06T14:24:00,92,Sunday,True
8864,u_160,Computer Lab A,2026-09-06T12:54:00,2026-09-06T14:08:00,74,Sunday,True
8869,u_162,Student Center,2026-09-06T12:55:00,2026-09-06T14:24:00,89,Sunday,True
8843,u_150,Student Center,2026-09-06T12:57:00,2026-09-06T13:33:00,36,Sunday,True
8848,u_152,Computer Lab A,2026-09-06T12:57:00,2026-09-06T13:55:00,58,Sunday,True
8718,u_079,Computer Lab A,2026-09-06T12:59:00,2026-09-06T13:46:00,47,Sunday,True
8704,u_072,Computer Lab B,2026-09-06T13:01:00,2026-09-06T14:47:00,106,Sunday,True
8734,u_088,Student Center,2026-09-06T13:01:00,2026-09-06T14:29:00,88,Sunday,True
8770,u_109,Computer Lab B,2026-09-06T13:01:00,2026-09-06T14:05:00,64,Sunday,True
8893,u_175,Student Center,2026-09-06T13:03:00,2026-09-06T14:05:00,62,Sunday,True
8763,u_106,Student Center,2026-09-06T13:05:00,2026-09-06T14:43:00,98,Sunday,True
8863,u_160,Student Center,2026-09-06T13:05:00,2026-09-06T14:40:00,95,Sunday,True
8846,u_151,Computer Lab B,2026-09-06T13:06:00,2026-09-06T13:43:00,37,Sunday,True
8780,u_114,Computer Lab A,2026-09-06T13:20:00,2026-09-06T14:22:00,62,Sunday,True
8697,u_069,Indoor Sports Complex,2026-09-06T13:22:00,2026-09-06T14:06:00,44,Sunday,False
8883,u_170,Food Court,2026-09-06T13:26:00,2026-09-06T15:03:00,97,Sunday,False
8804,u_128,Computer Lab A,2026-09-06T13:50:00,2026-09-06T15:00:00,70,Sunday,True
8794,u_123,Student Center,2026-09-06T13:52:00,2026-09-06T15:22:00,90,Sunday,True
8744,u_097,Student Center,2026-09-06T13:53:00,2026-09-06T15:11:00,78,Sunday,True
8828,u_141,Computer Lab A,2026-09-06T13:53:00,2026-09-06T14:34:00,41,Sunday,True
8614,u_019,Computer Lab B,2026-09-06T13:55:00,2026-09-06T14:34:00,39,Sunday,True
8713,u_076,Computer Lab A,2026-09-06T13:56:00,2026-09-06T14:56:00,60,Sunday,True
8685,u_061,Computer Lab A,2026-09-06T13:58:00,2026-09-06T15:01:00,63,Sunday,True
8646,u_036,Student Center,2026-09-06T14:02:00,2026-09-06T14:38:00,36,Sunday,True
8921,u_191,Computer Lab B,2026-09-06T14:02:00,2026-09-06T15:05:00,63,Sunday,True
8655,u_040,Computer Lab A,2026-09-06T14:04:00,2026-09-06T15:38:00,94,Sunday,True
8696,u_067,Student Center,2026-09-06T14:04:00,2026-09-06T14:44:00,40,Sunday,True
8654,u_039,Student Center,2026-09-06T14:06:00,2026-09-06T15:50:00,104,Sunday,True
8694,u_065,Student Center,2026-09-06T14:06:00,2026-09-06T15:11:00,65,Sunday,True
8605,u_016,Computer Lab A,2026-09-06T14:22:00,2026-09-06T15:03:00,41,Sunday,True
8932,u_194,Computer Lab B,2026-09-06T14:50:00,2026-09-06T15:49:00,59,Sunday,True
8707,u_073,Computer Lab B,2026-09-06T14:51:00,2026-09-06T16:40:00,109,Sunday,False
8927,u_193,Computer Lab A,2026-09-06T14:51:00,2026-09-06T15:47:00,56,Sunday,True
8775,u_112,Student Center,2026-09-06T14:55:00,2026-09-06T15:49:00,54,Sunday,True
8584,u_001,Computer Lab B,2026-09-06T14:57:00,2026-09-06T16:43:00,106,Sunday,True
8664,u_047,Computer Lab A,2026-09-06T14:58:00,2026-09-06T15:48:00,50,Sunday,True
8742,u_095,Computer Lab B,2026-09-06T14:59:00,2026-09-06T15:35:00,36,Sunday,True
8888,u_172,Computer Lab B,2026-09-06T14:59:00,2026-09-06T15:59:00,60,Sunday,True
8611,u_018,Computer Lab A,2026-09-06T15:00:00,2026-09-06T15:56:00,56,Sunday,True
8689,u_063,Computer Lab A,2026-09-06T15:02:00,2026-09-06T16:37:00,95,Sunday,True
8597,u_008,Computer Lab A,2026-09-06T15:03:00,2026-09-06T15:55:00,52,Sunday,True
8809,u_131,Computer Lab B,2026-09-06T15:07:00,2026-09-06T16:21:00,74,Sunday,True
8934,u_195,Student Center,2026-09-06T15:08:00,2026-09-06T16:40:00,92,Sunday,True
8699,u_070,Computer Lab A,2026-09-06T15:10:00,2026-09-06T16:26:00,76,Sunday,True
8657,u_041,Computer Lab A,2026-09-06T15:21:00,2026-09-06T16:35:00,74,Sunday,True
8858,u_156,Computer Lab B,2026-09-06T15:40:00,2026-09-06T17:09:00,89,Sunday,True
8925,u_193,Student Center,2026-09-06T15:43:00,2026-09-06T16:08:00,25,Sunday,False
8798,u_125,Science Library,2026-09-06T15:46:00,2026-09-06T17:15:00,89,Sunday,True
8737,u_091,Computer Lab B,2026-09-06T15:51:00,2026-09-06T16:40:00,49,Sunday,True
8898,u_177,Student Center,2026-09-06T15:52:00,2026-09-06T16:58:00,66,Sunday,True
8942,u_199,Science Library,2026-09-06T15:55:00,2026-09-06T17:15:00,80,Sunday,True
8830,u_142,Main Library,2026-09-06T15:56:00,2026-09-06T17:16:00,80,Sunday,True
8837,u_147,Main Library,2026-09-06T16:00:00,2026-09-06T18:43:00,163,Sunday,True
8667,u_048,Student Center,2026-09-06T16:01:00,2026-09-06T17:00:00,59,Sunday,True
8884,u_170,Computer Lab A,2026-09-06T16:01:00,2026-09-06T16:39:00,38,Sunday,True
8933,u_195,WiFi Zone North,2026-09-06T16:01:00,2026-09-06T16:33:00,32,Sunday,False
8610,u_018,Central Cafeteria,2026-09-06T16:03:00,2026-09-06T17:48:00,105,Sunday,False
8834,u_145,Main Library,2026-09-06T16:03:00,2026-09-06T17:47:00,104,Sunday,True
8872,u_163,Main Library,2026-09-06T16:06:00,2026-09-06T17:35:00,89,Sunday,True
8802,u_126,Computer Lab B,2026-09-06T16:07:00,2026-09-06T16:43:00,36,Sunday,True
8894,u_175,Main Library,2026-09-06T16:08:00,2026-09-06T19:00:00,172,Sunday,True
8722,u_083,Main Library,2026-09-06T16:09:00,2026-09-06T17:53:00,104,Sunday,True
8838,u_147,Student Center,2026-09-06T16:11:00,2026-09-06T17:44:00,93,Sunday,True
8776,u_112,Computer Lab A,2026-09-06T16:13:00,2026-09-06T18:00:00,107,Sunday,True
8792,u_122,Main Library,2026-09-06T16:15:00,2026-09-06T19:07:00,172,Sunday,True
8928,u_194,Food Court,2026-09-06T16:22:00,2026-09-06T17:37:00,75,Sunday,False
8604,u_016,Student Center,2026-09-06T16:29:00,2026-09-06T18:08:00,99,Sunday,False
8856,u_156,Main Library,2026-09-06T16:32:00,2026-09-06T16:47:00,15,Sunday,False
8875,u_164,Indoor Sports Complex,2026-09-06T16:44:00,2026-09-06T18:05:00,81,Sunday,True
8619,u_022,Indoor Sports Complex,2026-09-06T16:46:00,2026-09-06T17:36:00,50,Sunday,True
8648,u_037,Main Library,2026-09-06T16:47:00,2026-09-06T18:02:00,75,Sunday,True
8757,u_104,Gymnasium,2026-09-06T16:52:00,2026-09-06T17:41:00,49,Sunday,True
8596,u_008,Main Library,2026-09-06T16:54:00,2026-09-06T19:43:00,169,Sunday,True
8827,u_140,Gymnasium,2026-09-06T16:55:00,2026-09-06T17:44:00,49,Sunday,True
8835,u_146,Gymnasium,2026-09-06T16:55:00,2026-09-06T17:31:00,36,Sunday,True
8767,u_107,Main Library,2026-09-06T16:57:00,2026-09-06T19:18:00,141,Sunday,True
8781,u_115,Main Library,2026-09-06T16:57:00,2026-09-06T20:38:00,221,Sunday,True
8821,u_137,Main Library,2026-09-06T16:58:00,2026-09-06T19:40:00,162,Sunday,True
8815,u_135,Main Library,2026-09-06T17:04:00,2026-09-06T19:20:00,136,Sunday,True
8890,u_173,Gymnasium,2026-09-06T17:05:00,2026-09-06T18:06:00,61,Sunday,True
8643,u_033,Indoor Sports Complex,2026-09-06T17:08:00,2026-09-06T18:37:00,89,Sunday,True
8683,u_058,Science Library,2026-09-06T17:12:00,2026-09-06T18:46:00,94,Sunday,True
8877,u_165,Science Library,2026-09-06T17:12:00,2026-09-06T18:14:00,62,Sunday,False
8736,u_091,Science Library,2026-09-06T17:19:00,2026-09-06T19:27:00,128,Sunday,True
8783,u_118,Indoor Sports Complex,2026-09-06T17:47:00,2026-09-06T18:41:00,54,Sunday,True
8771,u_109,Science Library,2026-09-06T17:49:00,2026-09-06T21:30:00,221,Sunday,True
8598,u_010,Main Library,2026-09-06T17:51:00,2026-09-06T20:38:00,167,Sunday,True
8880,u_167,Main Library,2026-09-06T17:51:00,2026-09-06T20:25:00,154,Sunday,True
8831,u_144,Indoor Sports Complex,2026-09-06T17:56:00,2026-09-06T19:01:00,65,Sunday,True
8710,u_073,Main Library,2026-09-06T17:57:00,2026-09-06T22:09:00,252,Sunday,True
8886,u_170,Main Library,2026-09-06T17:59:00,2026-09-06T19:37:00,98,Sunday,True
8639,u_032,Indoor Sports Complex,2026-09-06T18:00:00,2026-09-06T19:10:00,70,Sunday,True
8750,u_100,Science Library,2026-09-06T18:00:00,2026-09-06T20:16:00,136,Sunday,True
8801,u_126,Indoor Sports Complex,2026-09-06T18:01:00,2026-09-06T18:57:00,56,Sunday,True
8789,u_121,Science Library,2026-09-06T18:02:00,2026-09-06T20:21:00,139,Sunday,True
8752,u_101,Science Library,2026-09-06T18:03:00,2026-09-06T20:45:00,162,Sunday,True
8841,u_148,Main Library,2026-09-06T18:07:00,2026-09-06T22:27:00,260,Sunday,True
8617,u_021,Main Library,2026-09-06T18:08:00,2026-09-06T19:23:00,75,Sunday,True
8833,u_145,Indoor Sports Complex,2026-09-06T18:08:00,2026-09-06T19:10:00,62,Sunday,True
8688,u_063,Science Library,2026-09-06T18:09:00,2026-09-06T20:37:00,148,Sunday,True
8660,u_042,Science Library,2026-09-06T18:10:00,2026-09-06T19:59:00,109,Sunday,True
8751,u_100,Science Library,2026-09-06T18:14:00,2026-09-06T20:13:00,119,Sunday,False
8637,u_031,Science Library,2026-09-06T18:15:00,2026-09-06T22:16:00,241,Sunday,True
8701,u_070,Main Library,2026-09-06T18:15:00,2026-09-06T20:20:00,125,Sunday,False
8897,u_176,Main Library,2026-09-06T18:15:00,2026-09-06T20:36:00,141,Sunday,False
8743,u_095,Main Library,2026-09-06T18:19:00,2026-09-06T19:44:00,85,Sunday,False
8717,u_078,Science Library,2026-09-06T18:20:00,2026-09-06T21:11:00,171,Sunday,False
8632,u_029,Main Library,2026-09-06T18:21:00,2026-09-06T19:40:00,79,Sunday,False
8806,u_129,Gymnasium,2026-09-06T18:28:00,2026-09-06T19:07:00,39,Sunday,True
8735,u_090,Indoor Sports Complex,2026-09-06T18:36:00,2026-09-06T20:03:00,87,Sunday,True
8824,u_138,Main Library,2026-09-06T18:36:00,2026-09-06T20:57:00,141,Sunday,False
8691,u_064,Main Library,2026-09-06T18:43:00,2026-09-06T20:01:00,78,Sunday,True
8692,u_064,Central Cafeteria,2026-09-06T18:45:00,2026-09-06T19:59:00,74,Sunday,True
8796,u_124,Central Cafeteria,2026-09-06T18:45:00,2026-09-06T19:35:00,50,Sunday,True
8940,u_197,Main Library,2026-09-06T18:46:00,2026-09-06T21:42:00,176,Sunday,False
8670,u_049,Science Library,2026-09-06T18:47:00,2026-09-06T21:43:00,176,Sunday,True
8668,u_048,Science Library,2026-09-06T18:48:00,2026-09-06T21:37:00,169,Sunday,True
8623,u_023,Gymnasium,2026-09-06T18:50:00,2026-09-06T20:01:00,71,Sunday,True
8915,u_188,Indoor Sports Complex,2026-09-06T18:50:00,2026-09-06T19:48:00,58,Sunday,True
8626,u_025,Gymnasium,2026-09-06T18:52:00,2026-09-06T19:49:00,57,Sunday,True
8753,u_102,Central Cafeteria,2026-09-06T18:52:00,2026-09-06T19:32:00,40,Sunday,True
8645,u_035,Science Library,2026-09-06T18:56:00,2026-09-06T23:04:00,248,Sunday,True
8711,u_073,Central Cafeteria,2026-09-06T18:56:00,2026-09-06T19:52:00,56,Sunday,True
8826,u_139,Science Library,2026-09-06T18:56:00,2026-09-06T20:06:00,70,Sunday,False
8836,u_147,Gymnasium,2026-09-06T18:56:00,2026-09-06T19:47:00,51,Sunday,True
8866,u_161,Gymnasium,2026-09-06T18:56:00,2026-09-06T19:20:00,24,Sunday,True
8607,u_017,Indoor Sports Complex,2026-09-06T18:57:00,2026-09-06T19:34:00,37,Sunday,True
8620,u_022,Central Cafeteria,2026-09-06T18:57:00,2026-09-06T20:15:00,78,Sunday,True
8680,u_055,Food Court,2026-09-06T18:57:00,2026-09-06T19:17:00,20,Sunday,True
8899,u_177,Science Library,2026-09-06T18:57:00,2026-09-06T20:22:00,85,Sunday,True
8628,u_026,Science Library,2026-09-06T18:58:00,2026-09-06T21:13:00,135,Sunday,True
8634,u_030,Science Library,2026-09-06T18:58:00,2026-09-06T20:42:00,104,Sunday,True
8862,u_159,Science Library,2026-09-06T18:58:00,2026-09-06T21:00:00,122,Sunday,False
8885,u_170,Central Cafeteria,2026-09-06T18:58:00,2026-09-06T19:59:00,61,Sunday,True
8615,u_019,Science Library,2026-09-06T18:59:00,2026-09-06T22:40:00,221,Sunday,True
8918,u_190,Science Library,2026-09-06T18:59:00,2026-09-06T22:59:00,240,Sunday,True
8920,u_191,Food Court,2026-09-06T18:59:00,2026-09-06T19:34:00,35,Sunday,True
8923,u_192,Food Court,2026-09-06T18:59:00,2026-09-06T19:57:00,58,Sunday,True
8586,u_002,Gymnasium,2026-09-06T19:00:00,2026-09-06T20:16:00,76,Sunday,True
8625,u_023,Central Cafeteria,2026-09-06T19:00:00,2026-09-06T19:43:00,43,Sunday,True
8652,u_038,Food Court,2026-09-06T19:00:00,2026-09-06T19:51:00,51,Sunday,True
8745,u_098,Central Cafeteria,2026-09-06T19:00:00,2026-09-06T19:47:00,47,Sunday,True
8778,u_112,Central Cafeteria,2026-09-06T19:00:00,2026-09-06T19:50:00,50,Sunday,True
8810,u_131,Main Library,2026-09-06T19:00:00,2026-09-06T22:46:00,226,Sunday,True
8820,u_137,Central Cafeteria,2026-09-06T19:00:00,2026-09-06T20:15:00,75,Sunday,True
8870,u_162,Science Library,2026-09-06T19:00:00,2026-09-06T21:36:00,156,Sunday,False
8677,u_054,Food Court,2026-09-06T19:01:00,2026-09-06T20:19:00,78,Sunday,True
8684,u_058,Gymnasium,2026-09-06T19:01:00,2026-09-06T19:54:00,53,Sunday,True
8616,u_020,Central Cafeteria,2026-09-06T19:02:00,2026-09-06T19:48:00,46,Sunday,True
8663,u_045,Main Library,2026-09-06T19:02:00,2026-09-06T21:45:00,163,Sunday,True
8649,u_037,Gymnasium,2026-09-06T19:03:00,2026-09-06T20:01:00,58,Sunday,True
8658,u_042,Indoor Sports Complex,2026-09-06T19:03:00,2026-09-06T20:08:00,65,Sunday,True
8695,u_065,Main Library,2026-09-06T19:03:00,2026-09-06T20:30:00,87,Sunday,True
8769,u_108,Central Cafeteria,2026-09-06T19:04:00,2026-09-06T19:39:00,35,Sunday,True
8612,u_018,Science Library,2026-09-06T19:07:00,2026-09-06T21:48:00,161,Sunday,False
8635,u_030,Main Library,2026-09-06T19:07:00,2026-09-06T20:19:00,72,Sunday,False
8651,u_038,Gymnasium,2026-09-06T19:07:00,2026-09-06T20:03:00,56,Sunday,True
8669,u_049,Central Cafeteria,2026-09-06T19:08:00,2026-09-06T19:56:00,48,Sunday,True
8774,u_111,Main Library,2026-09-06T19:08:00,2026-09-06T20:36:00,88,Sunday,False
8900,u_178,Food Court,2026-09-06T19:08:00,2026-09-06T20:06:00,58,Sunday,True
8674,u_051,Science Library,2026-09-06T19:09:00,2026-09-06T20:42:00,93,Sunday,False
8790,u_122,Central Cafeteria,2026-09-06T19:10:00,2026-09-06T20:30:00,80,Sunday,True
8671,u_049,Main Library,2026-09-06T19:12:00,2026-09-06T22:11:00,179,Sunday,True
8644,u_034,Science Library,2026-09-06T19:15:00,2026-09-06T20:59:00,104,Sunday,True
8803,u_127,Main Library,2026-09-06T19:16:00,2026-09-06T21:57:00,161,Sunday,False
8679,u_054,Central Cafeteria,2026-09-06T19:17:00,2026-09-06T20:17:00,60,Sunday,True
8702,u_071,WiFi Zone North,2026-09-06T19:21:00,2026-09-06T20:58:00,97,Sunday,False
8906,u_181,Food Court,2026-09-06T19:22:00,2026-09-06T20:22:00,60,Sunday,True
8588,u_004,Science Library,2026-09-06T19:23:00,2026-09-06T23:15:00,232,Sunday,True
8642,u_033,Indoor Sports Complex,2026-09-06T19:23:00,2026-09-06T19:58:00,35,Sunday,False
8879,u_166,Science Library,2026-09-06T19:30:00,2026-09-06T21:52:00,142,Sunday,False
8867,u_161,Main Library,2026-09-06T19:32:00,2026-09-06T21:04:00,92,Sunday,True
8766,u_107,WiFi Zone South,2026-09-06T19:43:00,2026-09-06T21:41:00,118,Sunday,False
8622,u_023,Indoor Sports Complex,2026-09-06T19:51:00,2026-09-06T20:53:00,62,Sunday,True
8839,u_147,Science Library,2026-09-06T19:53:00,2026-09-06T22:33:00,160,Sunday,False
8882,u_169,Main Library,2026-09-06T19:53:00,2026-09-06T21:47:00,114,Sunday,False
8788,u_121,Main Library,2026-09-06T19:56:00,2026-09-07T00:04:00,248,Sunday,True
8829,u_141,Science Library,2026-09-06T19:56:00,2026-09-06T21:35:00,99,Sunday,False
8638,u_031,Science Library,2026-09-06T19:58:00,2026-09-06T21:41:00,103,Sunday,False
8747,u_098,Science Library,2026-09-06T20:01:00,2026-09-06T22:42:00,161,Sunday,False
8791,u_122,Gymnasium,2026-09-06T20:01:00,2026-09-06T20:57:00,56,Sunday,True
8805,u_129,Indoor Sports Complex,2026-09-06T20:01:00,2026-09-06T20:40:00,39,Sunday,True
8901,u_179,Indoor Sports Complex,2026-09-06T20:01:00,2026-09-06T20:49:00,48,Sunday,True
8739,u_092,Gymnasium,2026-09-06T20:02:00,2026-09-06T20:47:00,45,Sunday,True
8859,u_156,Main Library,2026-09-06T20:07:00,2026-09-06T21:51:00,104,Sunday,False
8914,u_187,Science Library,2026-09-06T20:14:00,2026-09-06T22:01:00,107,Sunday,True
8936,u_196,Gymnasium,2026-09-06T20:14:00,2026-09-06T20:56:00,42,Sunday,True
8876,u_164,Science Library,2026-09-06T20:17:00,2026-09-06T22:34:00,137,Sunday,False
8761,u_105,Main Library,2026-09-06T20:18:00,2026-09-06T21:59:00,101,Sunday,True
8823,u_138,Indoor Sports Complex,2026-09-06T20:19:00,2026-09-06T21:10:00,51,Sunday,True
8939,u_196,Main Library,2026-09-06T20:23:00,2026-09-06T21:45:00,82,Sunday,False
8673,u_051,Main Library,2026-09-06T20:30:00,2026-09-07T00:21:00,231,Sunday,True
8603,u_014,Science Library,2026-09-06T20:42:00,2026-09-06T23:06:00,144,Sunday,False
8762,u_105,Science Library,2026-09-06T20:45:00,2026-09-06T21:59:00,74,Sunday,True
8706,u_072,Main Library,2026-09-06T20:47:00,2026-09-06T23:29:00,162,Sunday,False
8609,u_017,Main Library,2026-09-06T20:56:00,2026-09-06T22:27:00,91,Sunday,False
8874,u_164,Main Library,2026-09-06T20:56:00,2026-09-07T00:57:00,241,Sunday,True
8891,u_173,Science Library,2026-09-06T20:58:00,2026-09-06T22:56:00,118,Sunday,False
8772,u_109,Main Library,2026-09-06T20:59:00,2026-09-06T23:15:00,136,Sunday,True
8590,u_005,Main Library,2026-09-06T21:02:00,2026-09-06T23:43:00,161,Sunday,True
8714,u_077,Main Library,2026-09-06T21:02:00,2026-09-07T01:02:00,240,Sunday,True
8732,u_087,Science Library,2026-09-06T21:04:00,2026-09-06T23:53:00,169,Sunday,True
8800,u_125,Main Library,2026-09-06T21:05:00,2026-09-06T22:13:00,68,Sunday,True
8916,u_188,Main Library,2026-09-06T21:05:00,2026-09-07T01:19:00,254,Sunday,True
8738,u_092,Main Library,2026-09-06T21:06:00,2026-09-06T22:16:00,70,Sunday,True
8594,u_007,Main Library,2026-09-06T21:08:00,2026-09-06T23:00:00,112,Sunday,False
8922,u_191,Science Library,2026-09-06T21:11:00,2026-09-06T23:43:00,152,Sunday,True
8653,u_038,Main Library,2026-09-06T21:13:00,2026-09-06T23:20:00,127,Sunday,False
8740,u_092,Science Library,2026-09-06T21:13:00,2026-09-06T23:35:00,142,Sunday,False
8892,u_174,Science Library,2026-09-06T21:15:00,2026-09-06T23:18:00,123,Sunday,False
8591,u_005,Main Library,2026-09-06T21:19:00,2026-09-06T22:59:00,100,Sunday,False
8727,u_084,Science Library,2026-09-06T21:29:00,2026-09-06T23:59:00,150,Sunday,False
8629,u_026,Science Library,2026-09-06T21:32:00,2026-09-06T23:13:00,101,Sunday,False
8715,u_077,Science Library,2026-09-06T21:37:00,2026-09-06T23:11:00,94,Sunday,False
8845,u_150,Science Library,2026-09-06T21:38:00,2026-09-06T23:10:00,92,Sunday,False
8755,u_102,Science Library,2026-09-06T21:39:00,2026-09-06T23:39:00,120,Sunday,False
8905,u_180,Science Library,2026-09-06T21:43:00,2026-09-06T23:58:00,135,Sunday,False
8902,u_179,Science Library,2026-09-06T21:45:00,2026-09-06T23:44:00,119,Sunday,False
8784,u_118,Main Library,2026-09-06T21:50:00,2026-09-07T00:40:00,170,Sunday,False
8733,u_087,Science Library,2026-09-06T22:03:00,2026-09-06T23:48:00,105,Sunday,False
8924,u_192,Main Library,2026-09-06T22:10:00,2026-09-07T00:13:00,123,Sunday,False
8850,u_153,Main Library,2026-09-06T22:25:00,2026-09-07T00:36:00,131,Sunday,False
8919,u_190,Science Library,2026-09-06T22:35:00,2026-09-07T01:10:00,155,Sunday,False
8855,u_155,Science Library,2026-09-06T22:36:00,2026-09-06T23:57:00,81,Sunday,False
8641,u_032,Science Library,2026-09-06T22:39:00,2026-09-07T00:51:00,132,Sunday,False
8682,u_056,Main Library,2026-09-06T22:48:00,2026-09-07T00:56:00,128,Sunday,False
8728,u_085,Main Library,2026-09-06T22:54:00,2026-09-07T01:27:00,153,Sunday,False
8811,u_131,Main Library,2026-09-06T22:58:00,2026-09-07T00:06:00,68,Sunday,False
